Sample,Ref_Mic(Outside),Anti_Wave(Speaker),Err_Mic(Residual_Noise)
0,0,0,0
1,0,0,0
2,0,0,0
3,0,0,0
4,0,0,0
5,0,0,0
6,0,0,0
7,0,0,0
8,0,0,0
9,0,0,0
10,0,0,0
11,0,0,0
12,0,0,0
13,0,0,0
14,0,0,0
15,0,0,0
16,0,0,0
17,0,0,0
18,0,0,0
19,0,0,0
20,0,0,0
21,0,0,0
22,0,0,0
23,0,0,0
24,0,0,0
25,0,0,0
26,0,0,0
27,0,0,0
28,0,0,0
29,0,0,0
30,0,0,0
31,0,0,0
32,0,0,0
33,0,0,0
34,0,0,0
35,0,0,0
36,0,0,0
37,0,0,0
38,0,0,0
39,0,0,0
40,0,0,0
41,0,0,0
42,0,0,0
43,0,0,0
44,0,0,0
45,0,0,0
46,0,0,0
47,0,0,0
48,0,0,0
49,0,0,0
50,0,0,0
51,0,0,0
52,0,0,0
53,0,0,0
54,0,0,0
55,0,0,0
56,0,0,0
57,0,0,0
58,0,0,0
59,0,0,0
60,0,0,0
61,0,0,0
62,0,0,0
63,0,0,0
64,0,0,0
65,0,0,0
66,0,0,0
67,0,0,0
68,0,0,0
69,0,0,0
70,0,0,0
71,0,0,0
72,0,0,0
73,0,0,0
74,0,0,0
75,0,0,0
76,0,0,0
77,0,0,0
78,0,0,0
79,0,0,0
80,0,0,0
81,0,0,0
82,0,0,0
83,0,0,0
84,0,0,0
85,0,0,0
86,0,0,0
87,0,0,0
88,0,0,0
89,0,0,0
90,0,0,0
91,0,0,0
92,0,0,0
93,0,0,0
94,0,0,0
95,0,0,0
96,0,0,0
97,0,0,0
98,0,0,0
99,0,0,0
100,0,0,0
101,0,0,0
102,0,0,0
103,0,0,0
104,0,0,0
105,0,0,0
106,0,0,0
107,0,0,0
108,0,0,0
109,0,0,0
110,0,0,0
111,0,0,0
112,0,0,0
113,0,0,0
114,0,0,0
115,0,0,0
116,0,0,0
117,0,0,0
118,0,0,0
119,0,0,0
120,0,0,0
121,0,0,0
122,0,0,0
123,0,0,0
124,0,0,0
125,0,0,0
126,0,0,0
127,0,0,0
128,0,0,0
129,0,0,0
130,0,0,0
131,0,0,0
132,0,0,0
133,0,0,0
134,0,0,0
135,0,0,0
136,0,0,0
137,0,0,0
138,0,0,0
139,0,0,0
140,0,0,0
141,0,0,0
142,0,0,0
143,0,0,0
144,0,0,0
145,0,0,0
146,0,0,0
147,0,0,0
148,0,0,0
149,0,0,0
150,0,0,0
151,0,0,0
152,0,0,0
153,0,0,0
154,0,0,0
155,0,0,0
156,0,0,0
157,0,0,0
158,0,0,0
159,0,0,0
160,0,0,0
161,0,0,0
162,0,0,0
163,0,0,0
164,0,0,0
165,0,0,0
166,0,0,0
167,0,0,0
168,0,0,0
169,0,0,0
170,0,0,0
171,0,0,0
172,0,0,0
173,0,0,0
174,0,0,0
175,0,0,0
176,0,0,0
177,0,0,0
178,0,0,0
179,0,0,0
180,0,0,0
181,0,0,0
182,0,0,0
183,0,0,0
184,0,0,0
185,0,0,0
186,0,0,0
187,0,0,0
188,0,0,0
189,0,0,0
190,0,0,0
191,0,0,0
192,0,0,0
193,0,0,0
194,0,0,0
195,0,0,0
196,0,0,0
197,0,0,0
198,0,0,0
199,0,0,0
200,0,0,0
201,0,0,0
202,0,0,0
203,0,0,0
204,0,0,0
205,0,0,0
206,0,0,0
207,0,0,0
208,0,0,0
209,0,0,0
210,0,0,0
211,0,0,0
212,0,0,0
213,0,0,0
214,0,0,0
215,0,0,0
216,0,0,0
217,0,0,0
218,0,0,0
219,0,0,0
220,0,0,0
221,0,0,0
222,0,0,0
223,0,0,0
224,0,0,0
225,0,0,0
226,0,0,0
227,0,0,0
228,0,0,0
229,0,0,0
230,0,0,0
231,0,0,0
232,0,0,0
233,0,0,0
234,0,0,0
235,0,0,0
236,0,0,0
237,0,0,0
238,0,0,0
239,0,0,0
240,0,0,0
241,0,0,0
242,0,0,0
243,0,0,0
244,0,0,0
245,0,0,0
246,0,0,0
247,0,0,0
248,0,0,0
249,0,0,0
250,0,0,0
251,0,0,0
252,0,0,0
253,0,0,0
254,0,0,0
255,0,0,0
256,0,0,0
257,0,0,0
258,0,0,0
259,0,0,0
260,0,0,0
261,0,0,0
262,0,0,0
263,0,0,0
264,0,0,0
265,0,0,0
266,0,0,0
267,0,0,0
268,0,0,0
269,0,0,0
270,0,0,0
271,0,0,0
272,0,0,0
273,0,0,0
274,0,0,0
275,0,0,0
276,0,0,0
277,0,0,0
278,0,0,0
279,0,0,0
280,0,0,0
281,0,0,0
282,0,0,0
283,0,0,0
284,0,0,0
285,0,0,0
286,0,0,0
287,0,0,0
288,0,0,0
289,0,0,0
290,0,0,0
291,0,0,0
292,0,0,0
293,0,0,0
294,0,0,0
295,0,0,0
296,0,0,0
297,0,0,0
298,0,0,0
299,0,0,0
300,0,0,0
301,0,0,0
302,0,0,0
303,0,0,0
304,0,0,0
305,0,0,0
306,0,0,0
307,0,0,0
308,0,0,0
309,0,0,0
310,0,0,0
311,0,0,0
312,0,0,0
313,0,0,0
314,0,0,0
315,0,0,0
316,0,0,0
317,0,0,0
318,0,0,0
319,0,0,0
320,0,0,0
321,0,0,0
322,0,0,0
323,0,0,0
324,0,0,0
325,0,0,0
326,0,0,0
327,0,0,0
328,0,0,0
329,0,0,0
330,0,0,0
331,0,0,0
332,0,0,0
333,0,0,0
334,0,0,0
335,0,0,0
336,0,0,0
337,0,0,0
338,0,0,0
339,0,0,0
340,0,0,0
341,0,0,0
342,0,0,0
343,0,0,0
344,0,0,0
345,0,0,0
346,0,0,0
347,0,0,0
348,0,0,0
349,0,0,0
350,0,0,0
351,0,0,0
352,0,0,0
353,0,0,0
354,0,0,0
355,0,0,0
356,0,0,0
357,0,0,0
358,0,0,0
359,0,0,0
360,0,0,0
361,0,0,0
362,0,0,0
363,0,0,0
364,0,0,0
365,0,0,0
366,0,0,0
367,0,0,0
368,0,0,0
369,0,0,0
370,0,0,0
371,0,0,0
372,0,0,0
373,0,0,0
374,0,0,0
375,0,0,0
376,0,0,0
377,0,0,0
378,0,0,0
379,0,0,0
380,0,0,0
381,0,0,0
382,0,0,0
383,0,0,0
384,0,0,0
385,0,0,0
386,0,0,0
387,0,0,0
388,0,0,0
389,0,0,0
390,0,0,0
391,0,0,0
392,0,0,0
393,0,0,0
394,0,0,0
395,0,0,0
396,0,0,0
397,0,0,0
398,0,0,0
399,0,0,0
400,0,0,0
401,0,0,0
402,0,0,0
403,0,0,0
404,0,0,0
405,0,0,0
406,0,0,0
407,0,0,0
408,0,0,0
409,0,0,0
410,0,0,0
411,0,0,0
412,0,0,0
413,0,0,0
414,0,0,0
415,0,0,0
416,0,0,0
417,0,0,0
418,0,0,0
419,0,0,0
420,0,0,0
421,0,0,0
422,0,0,0
423,0,0,0
424,0,0,0
425,0,0,0
426,0,0,0
427,0,0,0
428,0,0,0
429,0,0,0
430,0,0,0
431,0,0,0
432,0,0,0
433,0,0,0
434,0,0,0
435,0,0,0
436,0,0,0
437,0,0,0
438,0,0,0
439,0,0,0
440,0,0,0
441,0,0,0
442,0,0,0
443,0,0,0
444,0,0,0
445,0,0,0
446,0,0,0
447,0,0,0
448,0,0,0
449,0,0,0
450,0,0,0
451,0,0,0
452,0,0,0
453,0,0,0
454,0,0,0
455,0,0,0
456,0,0,0
457,0,0,0
458,0,0,0
459,0,0,0
460,0,0,0
461,0,0,0
462,0,0,0
463,0,0,0
464,0,0,0
465,0,0,0
466,0,0,0
467,0,0,0
468,0,0,0
469,0,0,0
470,0,0,0
471,0,0,0
472,0,0,0
473,0,0,0
474,0,0,0
475,0,0,0
476,0,0,0
477,0,0,0
478,0,0,0
479,0,0,0
480,0,0,0
481,0,0,0
482,0,0,0
483,0,0,0
484,0,0,0
485,0,0,0
486,0,0,0
487,0,0,0
488,0,0,0
489,0,0,0
490,0,0,0
491,0,0,0
492,0,0,0
493,0,0,0
494,0,0,0
495,0,0,0
496,0,0,0
497,0,0,0
498,0,0,0
499,0,0,0
500,0,0,0
501,0,0,0
502,0,0,0
503,0,0,0
504,0,0,0
505,0,0,0
506,0,0,0
507,0,0,0
508,0,0,0
509,0,0,0
510,0,0,0
511,0,0,0
512,0,0,0
513,0,0,0
514,0,0,0
515,0,0,0
516,0,0,0
517,0,0,0
518,0,0,0
519,0,0,0
520,0,0,0
521,0,0,0
522,0,0,0
523,0,0,0
524,0,0,0
525,0,0,0
526,0,0,0
527,0,0,0
528,0,0,0
529,0,0,0
530,0,0,0
531,0,0,0
532,0,0,0
533,0,0,0
534,0,0,0
535,0,0,0
536,0,0,0
537,0,0,0
538,0,0,0
539,0,0,0
540,0,0,0
541,0,0,0
542,0,0,0
543,0,0,0
544,0,0,0
545,0,0,0
546,0,0,0
547,0,0,0
548,0,0,0
549,0,0,0
550,0,0,0
551,0,0,0
552,0,0,0
553,0,0,0
554,0,0,0
555,0,0,0
556,0,0,0
557,0,0,0
558,0,0,0
559,0,0,0
560,0,0,0
561,0,0,0
562,0,0,0
563,0,0,0
564,0,0,0
565,0,0,0
566,0,0,0
567,0,0,0
568,0,0,0
569,0,0,0
570,0,0,0
571,0,0,0
572,0,0,0
573,0,0,0
574,0,0,0
575,0,0,0
576,0,0,0
577,0,0,0
578,0,0,0
579,0,0,0
580,0,0,0
581,0,0,0
582,0,0,0
583,0,0,0
584,0,0,0
585,0,0,0
586,0,0,0
587,0,0,0
588,0,0,0
589,0,0,0
590,0,0,0
591,0,0,0
592,0,0,0
593,0,0,0
594,0,0,0
595,0,0,0
596,0,0,0
597,0,0,0
598,0,0,0
599,0,0,0
600,0,0,0
601,0,0,0
602,0,0,0
603,0,0,0
604,0,0,0
605,0,0,0
606,0,0,0
607,0,0,0
608,0,0,0
609,0,0,0
610,0,0,0
611,0,0,0
612,0,0,0
613,0,0,0
614,0,0,0
615,0,0,0
616,0,0,0
617,0,0,0
618,0,0,0
619,0,0,0
620,0,0,0
621,0,0,0
622,0,0,0
623,0,0,0
624,0,0,0
625,0,0,0
626,0,0,0
627,0,0,0
628,0,0,0
629,0,0,0
630,0,0,0
631,0,0,0
632,0,0,0
633,0,0,0
634,0,0,0
635,0,0,0
636,0,0,0
637,0,0,0
638,0,0,0
639,0,0,0
640,0,0,0
641,0,0,0
642,0,0,0
643,0,0,0
644,0,0,0
645,0,0,0
646,0,0,0
647,0,0,0
648,0,0,0
649,0,0,0
650,0,0,0
651,0,0,0
652,0,0,0
653,0,0,0
654,0,0,0
655,0,0,0
656,0,0,0
657,0,0,0
658,0,0,0
659,0,0,0
660,0,0,0
661,0,0,0
662,0,0,0
663,0,0,0
664,0,0,0
665,0,0,0
666,0,0,0
667,0,0,0
668,0,0,0
669,0,0,0
670,0,0,0
671,0,0,0
672,0,0,0
673,0,0,0
674,0,0,0
675,0,0,0
676,0,0,0
677,0,0,0
678,0,0,0
679,0,0,0
680,0,0,0
681,0,0,0
682,0,0,0
683,0,0,0
684,0,0,0
685,0,0,0
686,0,0,0
687,0,0,0
688,0,0,0
689,0,0,0
690,0,0,0
691,0,0,0
692,0,0,0
693,0,0,0
694,0,0,0
695,0,0,0
696,0,0,0
697,0,0,0
698,0,0,0
699,0,0,0
700,0,0,0
701,0,0,0
702,0,0,0
703,0,0,0
704,0,0,0
705,0,0,0
706,0,0,0
707,0,0,0
708,0,0,0
709,0,0,0
710,0,0,0
711,0,0,0
712,0,0,0
713,0,0,0
714,0,0,0
715,0,0,0
716,0,0,0
717,0,0,0
718,0,0,0
719,0,0,0
720,0,0,0
721,0,0,0
722,0,0,0
723,0,0,0
724,0,0,0
725,0,0,0
726,0,0,0
727,0,0,0
728,0,0,0
729,0,0,0
730,0,0,0
731,0,0,0
732,0,0,0
733,0,0,0
734,0,0,0
735,0,0,0
736,0,0,0
737,0,0,0
738,0,0,0
739,0,0,0
740,0,0,0
741,0,0,0
742,0,0,0
743,0,0,0
744,0,0,0
745,0,0,0
746,0,0,0
747,0,0,0
748,0,0,0
749,0,0,0
750,0,0,0
751,0,0,0
752,0,0,0
753,0,0,0
754,0,0,0
755,0,0,0
756,0,0,0
757,0,0,0
758,0,0,0
759,0,0,0
760,0,0,0
761,0,0,0
762,0,0,0
763,0,0,0
764,0,0,0
765,0,0,0
766,0,0,0
767,0,0,0
768,0,0,0
769,0,0,0
770,0,0,0
771,0,0,0
772,0,0,0
773,0,0,0
774,0,0,0
775,0,0,0
776,0,0,0
777,0,0,0
778,0,0,0
779,0,0,0
780,0,0,0
781,0,0,0
782,0,0,0
783,0,0,0
784,0,0,0
785,0,0,0
786,0,0,0
787,0,0,0
788,0,0,0
789,0,0,0
790,0,0,0
791,0,0,0
792,0,0,0
793,0,0,0
794,0,0,0
795,0,0,0
796,0,0,0
797,0,0,0
798,0,0,0
799,0,0,0
800,0,0,0
801,0,0,0
802,0,0,0
803,0,0,0
804,0,0,0
805,0,0,0
806,0,0,0
807,0,0,0
808,0,0,0
809,0,0,0
810,0,0,0
811,0,0,0
812,0,0,0
813,0,0,0
814,0,0,0
815,0,0,0
816,0,0,0
817,0,0,0
818,0,0,0
819,0,0,0
820,0,0,0
821,0,0,0
822,0,0,0
823,0,0,0
824,0,0,0
825,0,0,0
826,0,0,0
827,0,0,0
828,0,0,0
829,0,0,0
830,0,0,0
831,0,0,0
832,0,0,0
833,0,0,0
834,0,0,0
835,0,0,0
836,0,0,0
837,0,0,0
838,0,0,0
839,0,0,0
840,0,0,0
841,0,0,0
842,0,0,0
843,0,0,0
844,0,0,0
845,0,0,0
846,0,0,0
847,0,0,0
848,0,0,0
849,0,0,0
850,0,0,0
851,0,0,0
852,0,0,0
853,0,0,0
854,0,0,0
855,0,0,0
856,0,0,0
857,0,0,0
858,0,0,0
859,0,0,0
860,0,0,0
861,0,0,0
862,0,0,0
863,0,0,0
864,0,0,0
865,0,0,0
866,0,0,0
867,0,0,0
868,0,0,0
869,0,0,0
870,0,0,0
871,0,0,0
872,0,0,0
873,0,0,0
874,0,0,0
875,0,0,0
876,0,0,0
877,0,0,0
878,0,0,0
879,0,0,0
880,0,0,0
881,0,0,0
882,0,0,0
883,0,0,0
884,0,0,0
885,0,0,0
886,0,0,0
887,0,0,0
888,0,0,0
889,0,0,0
890,0,0,0
891,0,0,0
892,0,0,0
893,0,0,0
894,0,0,0
895,0,0,0
896,0,0,0
897,0,0,0
898,0,0,0
899,0,0,0
900,0,0,0
901,0,0,0
902,0,0,0
903,0,0,0
904,0,0,0
905,0,0,0
906,0,0,0
907,0,0,0
908,0,0,0
909,0,0,0
910,0,0,0
911,0,0,0
912,0,0,0
913,0,0,0
914,0,0,0
915,0,0,0
916,0,0,0
917,0,0,0
918,0,0,0
919,0,0,0
920,0,0,0
921,0,0,0
922,0,0,0
923,0,0,0
924,0,0,0
925,0,0,0
926,0,0,0
927,0,0,0
928,0,0,0
929,0,0,0
930,0,0,0
931,0,0,0
932,0,0,0
933,0,0,0
934,0,0,0
935,0,0,0
936,0,0,0
937,0,0,0
938,0,0,0
939,0,0,0
940,0,0,0
941,0,0,0
942,0,0,0
943,0,0,0
944,0,0,0
945,0,0,0
946,0,0,0
947,0,0,0
948,0,0,0
949,0,0,0
950,0,0,0
951,0,0,0
952,0,0,0
953,0,0,0
954,0,0,0
955,0,0,0
956,0,0,0
957,0,0,0
958,0,0,0
959,0,0,0
960,0,0,0
961,0,0,0
962,0,0,0
963,0,0,0
964,0,0,0
965,0,0,0
966,0,0,0
967,0,0,0
968,0,0,0
969,0,0,0
970,0,0,0
971,0,0,0
972,0,0,0
973,0,0,0
974,0,0,0
975,0,0,0
976,0,0,0
977,0,0,0
978,0,0,0
979,0,0,0
980,0,0,0
981,0,0,0
982,0,0,0
983,0,0,0
984,0,0,0
985,0,0,0
986,0,0,0
987,0,0,0
988,0,0,0
989,0,0,0
990,0,0,0
991,0,0,0
992,0,0,0
993,0,0,0
994,0,0,0
995,0,0,0
996,0,0,0
997,0,0,0
998,0,0,0
999,0,0,0
1000,0,0,0
1001,0,0,0
1002,0,0,0
1003,0,0,0
1004,0,0,0
1005,0,0,0
1006,0,0,0
1007,0,0,0
1008,0,0,0
1009,0,0,0
1010,0,0,0
1011,0,0,0
1012,0,0,0
1013,0,0,0
1014,0,0,0
1015,0,0,0
1016,0,0,0
1017,0,0,0
1018,0,0,0
1019,0,0,0
1020,0,0,0
1021,0,0,0
1022,0,0,0
1023,0,0,0
1024,0,0,0
1025,0,0,0
1026,0,0,0
1027,0,0,0
1028,0,0,0
1029,0,0,0
1030,0,0,0
1031,0,0,0
1032,0,0,0
1033,0,0,0
1034,0,0,0
1035,0,0,0
1036,0,0,0
1037,0,0,0
1038,0,0,0
1039,0,0,0
1040,0,0,0
1041,0,0,0
1042,0,0,0
1043,0,0,0
1044,0,0,0
1045,0,0,0
1046,0,0,0
1047,0,0,0
1048,0,0,0
1049,0,0,0
1050,0,0,0
1051,0,0,0
1052,0,0,0
1053,0,0,0
1054,0,0,0
1055,0,0,0
1056,0,0,0
1057,0,0,0
1058,0,0,0
1059,0,0,0
1060,0,0,0
1061,0,0,0
1062,0,0,0
1063,0,0,0
1064,0,0,0
1065,0,0,0
1066,0,0,0
1067,0,0,0
1068,0,0,0
1069,0,0,0
1070,0,0,0
1071,0,0,0
1072,0,0,0
1073,0,0,0
1074,0,0,0
1075,0,0,0
1076,0,0,0
1077,0,0,0
1078,0,0,0
1079,0,0,0
1080,0,0,0
1081,0,0,0
1082,0,0,0
1083,0,0,0
1084,0,0,0
1085,0,0,0
1086,0,0,0
1087,0,0,0
1088,0,0,0
1089,0,0,0
1090,0,0,0
1091,0,0,0
1092,0,0,0
1093,0,0,0
1094,0,0,0
1095,0,0,0
1096,0,0,0
1097,0,0,0
1098,0,0,0
1099,0,0,0
1100,0,0,0
1101,0,0,0
1102,0,0,0
1103,0,0,0
1104,0,0,0
1105,0,0,0
1106,0,0,0
1107,0,0,0
1108,0,0,0
1109,0,0,0
1110,0,0,0
1111,0,0,0
1112,0,0,0
1113,0,0,0
1114,0,0,0
1115,0,0,0
1116,0,0,0
1117,0,0,0
1118,0,0,0
1119,0,0,0
1120,0,0,0
1121,0,0,0
1122,0,0,0
1123,0,0,0
1124,0,0,0
1125,0,0,0
1126,0,0,0
1127,0,0,0
1128,0,0,0
1129,0,0,0
1130,0,0,0
1131,0,0,0
1132,0,0,0
1133,0,0,0
1134,0,0,0
1135,0,0,0
1136,0,0,0
1137,0,0,0
1138,0,0,0
1139,0,0,0
1140,0,0,0
1141,0,0,0
1142,0,0,0
1143,0,0,0
1144,0,0,0
1145,0,0,0
1146,0,0,0
1147,0,0,0
1148,0,0,0
1149,0,0,0
1150,0,0,0
1151,0,0,0
1152,0,0,0
1153,0,0,0
1154,0,0,0
1155,0,0,0
1156,0,0,0
1157,0,0,0
1158,0,0,0
1159,0,0,0
1160,0,0,0
1161,0,0,0
1162,0,0,0
1163,0,0,0
1164,0,0,0
1165,0,0,0
1166,0,0,0
1167,0,0,0
1168,0,0,0
1169,0,0,0
1170,0,0,0
1171,0,0,0
1172,0,0,0
1173,0,0,0
1174,0,0,0
1175,0,0,0
1176,0,0,0
1177,0,0,0
1178,0,0,0
1179,0,0,0
1180,0,0,0
1181,0,0,0
1182,0,0,0
1183,0,0,0
1184,0,0,0
1185,0,0,0
1186,0,0,0
1187,0,0,0
1188,0,0,0
1189,0,0,0
1190,0,0,0
1191,0,0,0
1192,0,0,0
1193,0,0,0
1194,0,0,0
1195,0,0,0
1196,0,0,0
1197,0,0,0
1198,0,0,0
1199,0,0,0
1200,0,0,0
1201,0,0,0
1202,0,0,0
1203,0,0,0
1204,0,0,0
1205,0,0,0
1206,0,0,0
1207,0,0,0
1208,0,0,0
1209,0,0,0
1210,0,0,0
1211,0,0,0
1212,0,0,0
1213,0,0,0
1214,0,0,0
1215,0,0,0
1216,0,0,0
1217,0,0,0
1218,0,0,0
1219,0,0,0
1220,0,0,0
1221,0,0,0
1222,0,0,0
1223,0,0,0
1224,0,0,0
1225,0,0,0
1226,0,0,0
1227,0,0,0
1228,0,0,0
1229,0,0,0
1230,0,0,0
1231,0,0,0
1232,0,0,0
1233,0,0,0
1234,0,0,0
1235,0,0,0
1236,0,0,0
1237,0,0,0
1238,0,0,0
1239,0,0,0
1240,0,0,0
1241,0,0,0
1242,0,0,0
1243,0,0,0
1244,0,0,0
1245,0,0,0
1246,0,0,0
1247,0,0,0
1248,0,0,0
1249,0,0,0
1250,0,0,0
1251,0,0,0
1252,0,0,0
1253,0,0,0
1254,0,0,0
1255,0,0,0
1256,0,0,0
1257,0,0,0
1258,0,0,0
1259,0,0,0
1260,0,0,0
1261,0,0,0
1262,0,0,0
1263,0,0,0
1264,0,0,0
1265,0,0,0
1266,0,0,0
1267,0,0,0
1268,0,0,0
1269,0,0,0
1270,0,0,0
1271,0,0,0
1272,0,0,0
1273,0,0,0
1274,0,0,0
1275,0,0,0
1276,0,0,0
1277,0,0,0
1278,0,0,0
1279,0,0,0
1280,0,0,0
1281,0,0,0
1282,0,0,0
1283,0,0,0
1284,0,0,0
1285,0,0,0
1286,0,0,0
1287,0,0,0
1288,0,0,0
1289,0,0,0
1290,0,0,0
1291,0,0,0
1292,0,0,0
1293,0,0,0
1294,0,0,0
1295,0,0,0
1296,0,0,0
1297,0,0,0
1298,0,0,0
1299,0,0,0
1300,0,0,0
1301,0,0,0
1302,0,0,0
1303,0,0,0
1304,0,0,0
1305,0,0,0
1306,0,0,0
1307,0,0,0
1308,0,0,0
1309,0,0,0
1310,0,0,0
1311,0,0,0
1312,0,0,0
1313,0,0,0
1314,0,0,0
1315,0,0,0
1316,0,0,0
1317,0,0,0
1318,0,0,0
1319,0,0,0
1320,0,0,0
1321,0,0,0
1322,0,0,0
1323,0,0,0
1324,0,0,0
1325,0,0,0
1326,0,0,0
1327,0,0,0
1328,0,0,0
1329,0,0,0
1330,0,0,0
1331,0,0,0
1332,0,0,0
1333,0,0,0
1334,0,0,0
1335,0,0,0
1336,0,0,0
1337,0,0,0
1338,0,0,0
1339,0,0,0
1340,0,0,0
1341,0,0,0
1342,0,0,0
1343,0,0,0
1344,0,0,0
1345,0,0,0
1346,0,0,0
1347,0,0,0
1348,0,0,0
1349,0,0,0
1350,0,0,0
1351,0,0,0
1352,0,0,0
1353,0,0,0
1354,0,0,0
1355,0,0,0
1356,0,0,0
1357,0,0,0
1358,0,0,0
1359,0,0,0
1360,0,0,0
1361,0,0,0
1362,0,0,0
1363,0,0,0
1364,0,0,0
1365,0,0,0
1366,0,0,0
1367,0,0,0
1368,0,0,0
1369,0,0,0
1370,0,0,0
1371,0,0,0
1372,0,0,0
1373,0,0,0
1374,0,0,0
1375,0,0,0
1376,0,0,0
1377,0,0,0
1378,0,0,0
1379,0,0,0
1380,0,0,0
1381,0,0,0
1382,0,0,0
1383,0,0,0
1384,0,0,0
1385,0,0,0
1386,0,0,0
1387,0,0,0
1388,0,0,0
1389,0,0,0
1390,0,0,0
1391,0,0,0
1392,0,0,0
1393,0,0,0
1394,0,0,0
1395,0,0,0
1396,0,0,0
1397,0,0,0
1398,0,0,0
1399,0,0,0
1400,0,0,0
1401,0,0,0
1402,0,0,0
1403,0,0,0
1404,0,0,0
1405,0,0,0
1406,0,0,0
1407,0,0,0
1408,0,0,0
1409,0,0,0
1410,0,0,0
1411,0,0,0
1412,0,0,0
1413,0,0,0
1414,0,0,0
1415,0,0,0
1416,0,0,0
1417,0,0,0
1418,0,0,0
1419,0,0,0
1420,0,0,0
1421,0,0,0
1422,0,0,0
1423,0,0,0
1424,0,0,0
1425,0,0,0
1426,0,0,0
1427,0,0,0
1428,0,0,0
1429,0,0,0
1430,0,0,0
1431,0,0,0
1432,0,0,0
1433,0,0,0
1434,0,0,0
1435,0,0,0
1436,0,0,0
1437,0,0,0
1438,0,0,0
1439,0,0,0
1440,0,0,0
1441,0,0,0
1442,0,0,0
1443,0,0,0
1444,0,0,0
1445,0,0,0
1446,0,0,0
1447,0,0,0
1448,0,0,0
1449,0,0,0
1450,0,0,0
1451,0,0,0
1452,0,0,0
1453,0,0,0
1454,0,0,0
1455,0,0,0
1456,0,0,0
1457,0,0,0
1458,0,0,0
1459,0,0,0
1460,0,0,0
1461,0,0,0
1462,0,0,0
1463,0,0,0
1464,0,0,0
1465,0,0,0
1466,0,0,0
1467,0,0,0
1468,0,0,0
1469,0,0,0
1470,0,0,0
1471,0,0,0
1472,0,0,0
1473,0,0,0
1474,0,0,0
1475,0,0,0
1476,0,0,0
1477,0,0,0
1478,0,0,0
1479,0,0,0
1480,0,0,0
1481,0,0,0
1482,0,0,0
1483,0,0,0
1484,0,0,0
1485,0,0,0
1486,0,0,0
1487,0,0,0
1488,0,0,0
1489,0,0,0
1490,0,0,0
1491,0,0,0
1492,0,0,0
1493,0,0,0
1494,0,0,0
1495,0,0,0
1496,0,0,0
1497,0,0,0
1498,0,0,0
1499,0,0,0
1500,0,0,0
1501,0,0,0
1502,0,0,0
1503,0,0,0
1504,0,0,0
1505,0,0,0
1506,0,0,0
1507,0,0,0
1508,0,0,0
1509,0,0,0
1510,0,0,0
1511,0,0,0
1512,0,0,0
1513,0,0,0
1514,0,0,0
1515,0,0,0
1516,0,0,0
1517,0,0,0
1518,0,0,0
1519,0,0,0
1520,0,0,0
1521,0,0,0
1522,0,0,0
1523,0,0,0
1524,0,0,0
1525,0,0,0
1526,0,0,0
1527,0,0,0
1528,0,0,0
1529,0,0,0
1530,0,0,0
1531,0,0,0
1532,0,0,0
1533,0,0,0
1534,0,0,0
1535,0,0,0
1536,0,0,0
1537,0,0,0
1538,0,0,0
1539,0,0,0
1540,0,0,0
1541,0,0,0
1542,0,0,0
1543,0,0,0
1544,0,0,0
1545,0,0,0
1546,0,0,0
1547,0,0,0
1548,0,0,0
1549,0,0,0
1550,0,0,0
1551,0,0,0
1552,0,0,0
1553,0,0,0
1554,0,0,0
1555,0,0,0
1556,0,0,0
1557,0,0,0
1558,0,0,0
1559,0,0,0
1560,0,0,0
1561,0,0,0
1562,0,0,0
1563,0,0,0
1564,0,0,0
1565,0,0,0
1566,0,0,0
1567,0,0,0
1568,0,0,0
1569,0,0,0
1570,0,0,0
1571,0,0,0
1572,0,0,0
1573,0,0,0
1574,0,0,0
1575,0,0,0
1576,0,0,0
1577,0,0,0
1578,0,0,0
1579,0,0,0
1580,0,0,0
1581,0,0,0
1582,0,0,0
1583,0,0,0
1584,0,0,0
1585,0,0,0
1586,0,0,0
1587,0,0,0
1588,0,0,0
1589,0,0,0
1590,0,0,0
1591,0,0,0
1592,0,0,0
1593,0,0,0
1594,0,0,0
1595,0,0,0
1596,0,0,0
1597,0,0,0
1598,0,0,0
1599,0,0,0
1600,0,0,0
1601,0,0,0
1602,0,0,0
1603,0,0,0
1604,0,0,0
1605,0,0,0
1606,0,0,0
1607,0,0,0
1608,0,0,0
1609,0,0,0
1610,0,0,0
1611,0,0,0
1612,0,0,0
1613,0,0,0
1614,0,0,0
1615,0,0,0
1616,0,0,0
1617,0,0,0
1618,0,0,0
1619,0,0,0
1620,0,0,0
1621,0,0,0
1622,0,0,0
1623,0,0,0
1624,0,0,0
1625,0,0,0
1626,0,0,0
1627,0,0,0
1628,0,0,0
1629,0,0,0
1630,0,0,0
1631,0,0,0
1632,0,0,0
1633,0,0,0
1634,0,0,0
1635,0,0,0
1636,0,0,0
1637,0,0,0
1638,0,0,0
1639,0,0,0
1640,0,0,0
1641,0,0,0
1642,0,0,0
1643,0,0,0
1644,0,0,0
1645,0,0,0
1646,0,0,0
1647,0,0,0
1648,0,0,0
1649,0,0,0
1650,0,0,0
1651,0,0,0
1652,0,0,0
1653,0,0,0
1654,0,0,0
1655,0,0,0
1656,0,0,0
1657,0,0,0
1658,0,0,0
1659,0,0,0
1660,0,0,0
1661,0,0,0
1662,0,0,0
1663,0,0,0
1664,0,0,0
1665,0,0,0
1666,0,0,0
1667,0,0,0
1668,0,0,0
1669,0,0,0
1670,0,0,0
1671,0,0,0
1672,0,0,0
1673,0,0,0
1674,0,0,0
1675,0,0,0
1676,0,0,0
1677,0,0,0
1678,0,0,0
1679,0,0,0
1680,0,0,0
1681,0,0,0
1682,0,0,0
1683,0,0,0
1684,0,0,0
1685,0,0,0
1686,0,0,0
1687,0,0,0
1688,0,0,0
1689,0,0,0
1690,0,0,0
1691,0,0,0
1692,0,0,0
1693,0,0,0
1694,0,0,0
1695,0,0,0
1696,0,0,0
1697,0,0,0
1698,0,0,0
1699,0,0,0
1700,0,0,0
1701,0,0,0
1702,0,0,0
1703,0,0,0
1704,0,0,0
1705,0,0,0
1706,0,0,0
1707,0,0,0
1708,0,0,0
1709,0,0,0
1710,0,0,0
1711,0,0,0
1712,0,0,0
1713,0,0,0
1714,0,0,0
1715,0,0,0
1716,0,0,0
1717,0,0,0
1718,0,0,0
1719,0,0,0
1720,0,0,0
1721,0,0,0
1722,0,0,0
1723,0,0,0
1724,0,0,0
1725,0,0,0
1726,0,0,0
1727,0,0,0
1728,0,0,0
1729,0,0,0
1730,0,0,0
1731,0,0,0
1732,0,0,0
1733,0,0,0
1734,0,0,0
1735,0,0,0
1736,0,0,0
1737,0,0,0
1738,0,0,0
1739,0,0,0
1740,0,0,0
1741,0,0,0
1742,0,0,0
1743,0,0,0
1744,0,0,0
1745,0,0,0
1746,0,0,0
1747,0,0,0
1748,0,0,0
1749,0,0,0
1750,0,0,0
1751,0,0,0
1752,0,0,0
1753,0,0,0
1754,0,0,0
1755,0,0,0
1756,0,0,0
1757,0,0,0
1758,0,0,0
1759,0,0,0
1760,0,0,0
1761,0,0,0
1762,0,0,0
1763,0,0,0
1764,0,0,0
1765,0,0,0
1766,0,0,0
1767,0,0,0
1768,0,0,0
1769,0,0,0
1770,0,0,0
1771,0,0,0
1772,0,0,0
1773,0,0,0
1774,0,0,0
1775,0,0,0
1776,0,0,0
1777,0,0,0
1778,0,0,0
1779,0,0,0
1780,0,0,0
1781,0,0,0
1782,0,0,0
1783,0,0,0
1784,0,0,0
1785,0,0,0
1786,0,0,0
1787,0,0,0
1788,0,0,0
1789,0,0,0
1790,0,0,0
1791,0,0,0
1792,0,0,0
1793,0,0,0
1794,0,0,0
1795,0,0,0
1796,0,0,0
1797,0,0,0
1798,0,0,0
1799,0,0,0
1800,0,0,0
1801,0,0,0
1802,0,0,0
1803,0,0,0
1804,0,0,0
1805,0,0,0
1806,0,0,0
1807,0,0,0
1808,0,0,0
1809,0,0,0
1810,0,0,0
1811,0,0,0
1812,0,0,0
1813,0,0,0
1814,0,0,0
1815,0,0,0
1816,0,0,0
1817,0,0,0
1818,0,0,0
1819,0,0,0
1820,0,0,0
1821,0,0,0
1822,0,0,0
1823,0,0,0
1824,0,0,0
1825,0,0,0
1826,0,0,0
1827,0,0,0
1828,0,0,0
1829,0,0,0
1830,0,0,0
1831,0,0,0
1832,0,0,0
1833,0,0,0
1834,0,0,0
1835,0,0,0
1836,0,0,0
1837,0,0,0
1838,0,0,0
1839,0,0,0
1840,0,0,0
1841,0,0,0
1842,0,0,0
1843,0,0,0
1844,0,0,0
1845,0,0,0
1846,0,0,0
1847,0,0,0
1848,0,0,0
1849,0,0,0
1850,0,0,0
1851,0,0,0
1852,0,0,0
1853,0,0,0
1854,0,0,0
1855,0,0,0
1856,0,0,0
1857,0,0,0
1858,0,0,0
1859,0,0,0
1860,0,0,0
1861,0,0,0
1862,0,0,0
1863,0,0,0
1864,0,0,0
1865,0,0,0
1866,0,0,0
1867,0,0,0
1868,0,0,0
1869,0,0,0
1870,0,0,0
1871,0,0,0
1872,0,0,0
1873,0,0,0
1874,0,0,0
1875,0,0,0
1876,0,0,0
1877,0,0,0
1878,0,0,0
1879,0,0,0
1880,0,0,0
1881,0,0,0
1882,0,0,0
1883,0,0,0
1884,0,0,0
1885,0,0,0
1886,0,0,0
1887,0,0,0
1888,0,0,0
1889,0,0,0
1890,0,0,0
1891,0,0,0
1892,0,0,0
1893,0,0,0
1894,0,0,0
1895,0,0,0
1896,0,0,0
1897,0,0,0
1898,0,0,0
1899,0,0,0
1900,0,0,0
1901,0,0,0
1902,0,0,0
1903,0,0,0
1904,0,0,0
1905,0,0,0
1906,0,0,0
1907,0,0,0
1908,0,0,0
1909,0,0,0
1910,0,0,0
1911,0,0,0
1912,0,0,0
1913,0,0,0
1914,0,0,0
1915,0,0,0
1916,0,0,0
1917,0,0,0
1918,0,0,0
1919,0,0,0
1920,0,0,0
1921,0,0,0
1922,0,0,0
1923,0,0,0
1924,0,0,0
1925,0,0,0
1926,2,0,0
1927,3,0,0
1928,4,0,0
1929,2,0,2
1930,1,0,3
1931,-1,0,4
1932,-3,0,2
1933,-4,0,1
1934,-4,0,-1
1935,-4,0,-3
1936,-3,0,-4
1937,-2,0,-4
1938,-1,0,-4
1939,0,0,-3
1940,5,-1,-2
1941,7,-1,-1
1942,9,-1,0
1943,6,-1,4
1944,3,-1,6
1945,-2,-1,8
1946,-4,0,5
1947,-6,1,2
1948,-6,1,-3
1949,-6,1,-4
1950,-5,1,-5
1951,-4,1,-5
1952,-1,0,-5
1953,3,0,-4
1954,8,-2,-3
1955,10,-3,-1
1956,8,-3,3
1957,3,-2,6
1958,0,-1,7
1959,-4,1,5
1960,-5,1,1
1961,-5,1,-1
1962,-6,2,-3
1963,-7,2,-4
1964,-9,3,-4
1965,-8,3,-4
1966,-7,3,-5
1967,-3,2,-6
1968,-2,1,-5
1969,0,0,-4
1970,0,0,-1
1971,10,-3,-1
1972,20,-8,0
1973,26,-12,0
1974,22,-12,7
1975,13,-8,12
1976,1,-4,14
1977,-14,5,10
1978,-16,10,5
1979,-15,10,-3
1980,-12,9,-9
1981,-9,6,-6
1982,-9,7,-5
1983,-3,4,-3
1984,1,0,-3
1985,15,-7,-2
1986,24,-15,1
1987,29,-20,1
1988,23,-19,8
1989,7,-11,9
1990,-3,-1,9
1991,-15,9,4
1992,-14,13,-4
1993,-15,13,-4
1994,-14,13,-6
1995,-10,11,-1
1996,-12,10,-2
1997,0,4,-1
1998,6,-4,1
1999,20,-14,-2
2000,19,-18,4
2001,16,-16,2
2002,4,-8,6
2003,-2,-1,1
2004,-8,6,0
2005,-9,8,-4
2006,-7,7,-3
2007,-9,8,-2
2008,-14,12,-1
2009,-15,14,0
2010,-18,17,-1
2011,-9,13,-2
2012,-4,6,-1
2013,2,0,-1
2014,-3,1,4
2015,-7,5,2
2016,-13,11,2
2017,0,5,-2
2018,29,-18,-2
2019,42,-39,-2
2020,47,-51,5
2021,24,-38,11
2022,4,-13,3
2023,-25,15,-4
2024,-25,28,-14
2025,-16,20,-9
2026,-11,13,-10
2027,-5,7,3
2028,-16,11,4
2029,-13,13,2
2030,-8,9,2
2031,10,-4,-5
2032,34,-25,0
2033,40,-36,1
2034,35,-35,6
2035,8,-14,9
2036,-4,0,4
2037,-19,14,0
2038,-14,15,-6
2039,-12,12,-4
2040,-13,12,-5
2041,-20,18,1
2042,-23,22,0
2043,-4,9,-1
2044,6,-3,-2
2045,31,-23,-1
2046,25,-27,5
2047,12,-17,3
2048,-7,1,8
2049,-16,13,-2
2050,-18,17,-5
2051,-8,11,-6
2052,-4,5,-3
2053,-6,5,-1
2054,-17,13,3
2055,-21,20,1
2056,-23,22,-1
2057,-11,15,-4
2058,-7,8,-1
2059,-3,4,-1
2060,-16,12,4
2061,-21,21,1
2062,-23,22,1
2063,8,1,-4
2064,51,-38,0
2065,72,-66,-1
2066,63,-70,9
2067,30,-42,13
2068,3,-12,6
2069,-31,24,-7
2070,-24,29,-12
2071,-12,16,-9
2072,-9,10,-7
2073,-16,14,5
2074,-34,29,4
2075,-26,26,1
2076,-12,15,-2
2077,27,-16,-5
2078,55,-48,0
2079,59,-58,3
2080,38,-41,11
2081,5,-11,7
2082,0,-1,1
2083,-14,10,-3
2084,2,1,-6
2085,-11,8,-1
2086,-22,18,-4
2087,-26,23,3
2088,-29,26,-3
2089,1,4,-4
2090,15,-12,-3
2091,37,-33,-3
2092,14,-19,5
2093,2,-4,3
2094,-16,12,4
2095,-12,13,-5
2096,-6,7,-2
2097,-1,1,-4
2098,-1,1,1
2099,-11,9,1
2100,-21,19,0
2101,-20,20,0
2102,-17,17,-2
2103,-8,9,-2
2104,-9,9,0
2105,-13,12,0
2106,-32,28,1
2107,-36,35,0
2108,-37,37,-1
2109,-5,11,-4
2110,55,-44,-1
2111,70,-67,0
2112,81,-79,6
2113,41,-49,11
2114,20,-25,3
2115,-11,6,2
2116,-3,4,-8
2117,0,0,-5
2118,-8,7,-5
2119,-23,21,1
2120,-49,46,0
2121,-39,40,-1
2122,-20,22,-2
2123,17,-13,-3
2124,51,-48,1
2125,52,-52,2
2126,37,-39,4
2127,15,-18,3
2128,19,-19,0
2129,0,-3,-2
2130,10,-9,-3
2131,-17,13,0
2132,-35,33,-3
2133,-44,43,1
2134,-34,35,-4
2135,-3,7,-2
2136,11,-9,-1
2137,26,-24,1
2138,6,-9,4
2139,-1,0,2
2140,-8,7,2
2141,-3,3,-3
2142,4,-3,-1
2143,7,-7,-1
2144,2,-3,0
2145,-6,5,1
2146,-15,14,0
2147,-14,14,-1
2148,-16,15,-1
2149,-14,13,-1
2150,-24,23,0
2151,-23,23,-1
2152,-27,28,-1
2153,-31,32,-1
2154,-30,32,0
2155,-6,9,1
2156,49,-45,1
2157,77,-79,2
2158,100,-99,3
2159,61,-60,4
2160,37,-39,-2
2161,9,-10,1
2162,-9,8,1
2163,-12,12,-2
2164,-25,24,-1
2165,-40,36,-1
2166,-64,62,0
2167,-48,49,-1
2168,-22,23,-4
2169,12,-10,-2
2170,53,-51,1
2171,54,-54,1
2172,50,-50,2
2173,34,-35,2
2174,34,-34,0
2175,20,-21,0
2176,5,-6,-1
2177,-23,21,0
2178,-42,41,-1
2179,-55,54,-1
2180,-38,39,-2
2181,-18,19,-1
2182,6,-5,-1
2183,10,-10,1
2184,9,-10,1
2185,0,-1,1
2186,0,0,0
2187,2,-2,-1
2188,6,-6,-1
2189,4,-4,0
2190,0,0,0
2191,-6,5,0
2192,-11,10,0
2193,-14,13,0
2194,-20,19,-1
2195,-26,24,-1
2196,-29,27,-1
2197,-27,25,-1
2198,-34,33,-2
2199,-30,30,-2
2200,-31,30,-2
2201,-16,17,-1
2202,43,-42,0
2203,72,-75,-1
2204,89,-94,1
2205,61,-67,1
2206,43,-47,-3
2207,6,-9,-5
2208,-10,9,-6
2209,-12,12,-4
2210,-33,30,-3
2211,-47,44,-1
2212,-68,64,0
2213,-48,45,-3
2214,-17,15,-3
2215,22,-22,-4
2216,56,-58,-3
2217,60,-64,-2
2218,60,-64,0
2219,42,-46,-2
2220,42,-45,-4
2221,15,-18,-4
2222,-2,2,-4
2223,-36,34,-3
2224,-47,44,-3
2225,-54,50,0
2226,-38,35,-2
2227,-12,11,-3
2228,3,-3,-4
2229,16,-16,-3
2230,12,-13,-1
2231,12,-13,0
2232,7,-8,0
2233,10,-11,-1
2234,8,-9,-1
2235,2,-2,-1
2236,0,0,-1
2237,-6,5,-1
2238,-11,10,0
2239,-15,14,0
2240,-22,20,-1
2241,-27,25,-1
2242,-27,25,-1
2243,-22,22,-2
2244,-23,23,-2
2245,-20,21,-2
2246,-27,28,0
2247,-17,18,0
2248,36,-35,1
2249,62,-64,1
2250,84,-84,1
2251,60,-60,1
2252,32,-32,-2
2253,4,-4,0
2254,-11,11,0
2255,-13,13,0
2256,-29,29,0
2257,-40,40,0
2258,-61,61,0
2259,-47,47,0
2260,-15,15,0
2261,18,-18,0
2262,50,-50,0
2263,54,-54,0
2264,53,-53,0
2265,35,-35,0
2266,36,-36,0
2267,9,-9,0
2268,-13,13,0
2269,-38,38,0
2270,-50,50,0
2271,-52,52,0
2272,-33,33,0
2273,-7,7,0
2274,1,-1,0
2275,14,-14,0
2276,14,-14,0
2277,10,-10,0
2278,11,-11,0
2279,9,-9,0
2280,6,-6,0
2281,0,0,0
2282,-2,2,0
2283,-7,7,0
2284,-11,11,0
2285,-15,15,0
2286,-20,20,0
2287,-23,23,0
2288,-27,27,0
2289,-19,19,0
2290,-16,16,0
2291,-17,17,0
2292,-16,16,0
2293,-21,21,0
2294,12,-12,0
2295,52,-52,0
2296,83,-83,0
2297,72,-72,0
2298,34,-34,0
2299,18,-18,0
2300,-10,10,0
2301,-11,11,0
2302,-24,24,0
2303,-38,38,0
2304,-57,57,0
2305,-53,53,0
2306,-17,17,0
2307,10,-10,0
2308,45,-45,0
2309,48,-48,0
2310,47,-47,0
2311,46,-46,0
2312,38,-38,0
2313,27,-27,0
2314,-13,13,0
2315,-32,32,0
2316,-56,56,0
2317,-48,48,0
2318,-32,32,0
2319,-12,12,0
2320,4,-4,0
2321,9,-9,0
2322,25,-25,0
2323,18,-18,0
2324,21,-21,0
2325,8,-8,0
2326,0,0,0
2327,-6,6,0
2328,-10,10,0
2329,-9,9,0
2330,-11,11,0
2331,-14,14,0
2332,-18,18,0
2333,-25,25,0
2334,-24,24,0
2335,-18,18,0
2336,-7,7,0
2337,-9,9,0
2338,-13,13,0
2339,-18,18,0
2340,-8,8,0
2341,49,-49,0
2342,72,-72,0
2343,84,-84,0
2344,43,-43,0
2345,15,-15,0
2346,0,0,0
2347,-13,13,0
2348,-11,11,0
2349,-42,42,0
2350,-53,53,0
2351,-62,62,0
2352,-22,22,0
2353,11,-11,0
2354,39,-39,0
2355,53,-53,0
2356,46,-46,0
2357,54,-54,0
2358,42,-42,0
2359,29,-29,0
2360,-13,13,0
2361,-46,46,0
2362,-56,56,0
2363,-50,50,0
2364,-32,32,0
2365,-13,13,0
2366,-2,2,0
2367,9,-9,0
2368,23,-23,0
2369,31,-31,0
2370,21,-21,0
2371,9,-9,0
2372,-1,1,0
2373,-8,8,0
2374,-8,8,0
2375,-8,8,0
2376,-14,14,0
2377,-18,18,0
2378,-20,20,0
2379,-25,25,0
2380,-24,24,0
2381,-19,19,0
2382,-10,10,0
2383,-4,4,0
2384,-13,13,0
2385,-13,13,0
2386,-28,28,0
2387,24,-24,0
2388,64,-64,0
2389,89,-89,0
2390,61,-61,0
2391,21,-21,0
2392,17,-17,0
2393,-11,11,0
2394,-8,8,0
2395,-35,35,0
2396,-52,52,0
2397,-64,64,0
2398,-35,35,0
2399,11,-11,0
2400,29,-29,0
2401,51,-51,0
2402,48,-48,0
2403,50,-50,0
2404,50,-50,0
2405,27,-27,0
2406,-4,4,0
2407,-49,49,0
2408,-53,53,0
2409,-55,55,0
2410,-31,31,0
2411,-18,18,0
2412,-8,8,0
2413,8,-8,0
2414,23,-23,0
2415,37,-37,0
2416,24,-24,0
2417,9,-9,0
2418,-6,6,0
2419,-12,12,0
2420,-6,6,0
2421,-7,7,0
2422,-10,10,0
2423,-18,18,0
2424,-21,21,0
2425,-21,21,0
2426,-24,24,0
2427,-16,16,0
2428,-13,13,0
2429,-8,8,0
2430,-8,8,0
2431,-16,16,0
2432,-24,24,0
2433,-5,5,0
2434,59,-59,0
2435,76,-76,0
2436,73,-73,0
2437,31,-31,0
2438,14,-14,0
2439,-3,3,0
2440,-11,11,0
2441,-21,21,0
2442,-53,53,0
2443,-58,58,0
2444,-48,48,0
2445,-1,1,0
2446,25,-25,0
2447,44,-44,0
2448,55,-55,0
2449,49,-49,0
2450,54,-54,0
2451,28,-28,0
2452,0,0,0
2453,-47,47,0
2454,-56,56,0
2455,-57,57,0
2456,-35,35,0
2457,-26,26,0
2458,-15,15,0
2459,3,-3,0
2460,23,-23,0
2461,41,-41,0
2462,28,-28,0
2463,12,-12,0
2464,-4,4,0
2465,-5,5,0
2466,-3,3,0
2467,-6,6,0
2468,-10,10,0
2469,-15,15,0
2470,-17,17,0
2471,-17,17,0
2472,-20,20,0
2473,-16,16,0
2474,-10,10,0
2475,-1,1,0
2476,-7,7,0
2477,-18,18,0
2478,-16,16,0
2479,-12,12,0
2480,54,-54,0
2481,69,-69,0
2482,73,-73,0
2483,33,-33,0
2484,9,-9,0
2485,2,-2,0
2486,-9,9,0
2487,-16,16,0
2488,-49,49,0
2489,-51,51,0
2490,-41,41,0
2491,3,-3,0
2492,32,-32,0
2493,38,-38,0
2494,44,-44,0
2495,49,-49,0
2496,49,-49,0
2497,31,-31,0
2498,-7,7,0
2499,-51,51,0
2500,-58,58,0
2501,-62,62,0
2502,-41,41,0
2503,-45,45,0
2504,-26,26,0
2505,-4,4,0
2506,26,-26,0
2507,47,-47,0
2508,31,-31,0
2509,16,-16,0
2510,-2,2,0
2511,1,-1,0
2512,2,-2,0
2513,2,-2,0
2514,-4,4,0
2515,-8,8,0
2516,-5,5,0
2517,-9,9,0
2518,-15,15,0
2519,-21,21,0
2520,-11,11,0
2521,-6,6,0
2522,-8,8,0
2523,-16,16,0
2524,-25,25,0
2525,-19,19,0
2526,34,-34,0
2527,67,-67,0
2528,78,-78,0
2529,44,-44,0
2530,15,-15,0
2531,16,-16,0
2532,3,-3,0
2533,-10,10,0
2534,-48,48,0
2535,-56,56,0
2536,-53,53,0
2537,-14,14,0
2538,21,-21,0
2539,26,-26,0
2540,38,-38,0
2541,56,-56,0
2542,65,-65,0
2543,49,-49,0
2544,4,-4,0
2545,-38,38,0
2546,-58,58,0
2547,-54,54,0
2548,-40,40,0
2549,-40,40,0
2550,-21,21,0
2551,-1,1,0
2552,27,-27,0
2553,42,-42,0
2554,30,-30,0
2555,14,-14,0
2556,-1,1,0
2557,0,0,0
2558,-3,3,0
2559,-7,7,0
2560,-14,14,0
2561,-16,16,0
2562,-10,10,0
2563,-13,13,0
2564,-14,14,0
2565,-22,22,0
2566,-11,11,0
2567,-4,4,0
2568,-2,2,0
2569,-12,12,0
2570,-23,23,0
2571,-20,20,0
2572,28,-28,0
2573,65,-65,0
2574,76,-76,0
2575,47,-47,0
2576,14,-14,0
2577,20,-20,0
2578,4,-4,0
2579,-16,16,0
2580,-54,54,0
2581,-62,62,0
2582,-53,53,0
2583,-14,14,0
2584,16,-16,0
2585,17,-17,0
2586,30,-30,0
2587,49,-49,0
2588,70,-70,0
2589,56,-56,0
2590,11,-11,0
2591,-35,35,0
2592,-55,55,0
2593,-34,34,0
2594,-40,40,0
2595,-35,35,0
2596,-28,28,0
2597,1,-1,0
2598,30,-30,0
2599,41,-41,0
2600,29,-29,0
2601,5,-5,0
2602,-1,1,0
2603,-1,1,0
2604,-7,7,0
2605,-17,17,0
2606,-23,23,0
2607,-21,21,0
2608,-9,9,0
2609,-9,9,0
2610,-18,18,0
2611,-19,19,0
2612,-8,8,0
2613,3,-3,0
2614,1,-1,0
2615,-17,17,0
2616,-20,20,0
2617,-25,25,0
2618,34,-34,0
2619,62,-62,0
2620,69,-69,0
2621,37,-37,0
2622,6,-6,0
2623,23,-23,0
2624,3,-3,0
2625,-15,15,0
2626,-57,57,0
2627,-55,55,0
2628,-41,41,0
2629,-4,4,0
2630,19,-19,0
2631,11,-11,0
2632,27,-27,0
2633,46,-46,0
2634,73,-73,0
2635,50,-50,0
2636,10,-10,0
2637,-31,31,0
2638,-45,45,0
2639,-28,28,0
2640,-42,42,0
2641,-41,41,0
2642,-33,33,0
2643,2,-2,0
2644,29,-29,0
2645,35,-35,0
2646,21,-21,0
2647,1,-1,0
2648,0,0,0
2649,0,0,0
2650,-7,7,0
2651,-18,18,0
2652,-21,21,0
2653,-13,13,0
2654,-5,5,0
2655,-12,12,0
2656,-21,21,0
2657,-21,21,0
2658,-7,7,0
2659,-3,3,0
2660,-5,5,0
2661,-22,22,0
2662,-27,27,0
2663,-9,9,0
2664,56,-56,0
2665,69,-69,0
2666,57,-57,0
2667,25,-25,0
2668,23,-23,0
2669,23,-23,0
2670,1,-1,0
2671,-33,33,0
2672,-64,64,0
2673,-53,53,0
2674,-26,26,0
2675,9,-9,0
2676,10,-10,0
2677,15,-15,0
2678,35,-35,0
2679,61,-61,0
2680,69,-69,0
2681,45,-45,0
2682,1,-1,0
2683,-30,30,0
2684,-23,23,0
2685,-43,43,0
2686,-36,36,0
2687,-43,43,0
2688,-14,14,0
2689,14,-14,0
2690,31,-31,0
2691,38,-38,0
2692,14,-14,0
2693,9,-9,0
2694,0,0,0
2695,-1,1,0
2696,-12,12,0
2697,-22,22,0
2698,-21,21,0
2699,-13,13,0
2700,-12,12,0
2701,-16,16,0
2702,-23,23,0
2703,-16,16,0
2704,-9,9,0
2705,-7,7,0
2706,-19,19,0
2707,-21,21,0
2708,-29,29,0
2709,7,-7,0
2710,62,-62,0
2711,67,-67,0
2712,45,-45,0
2713,16,-16,0
2714,37,-37,0
2715,16,-16,0
2716,-2,2,0
2717,-48,48,0
2718,-59,59,0
2719,-49,49,0
2720,-16,16,0
2721,7,-7,0
2722,-1,1,0
2723,20,-20,0
2724,38,-38,0
2725,65,-65,0
2726,53,-53,0
2727,28,-28,0
2728,-2,2,0
2729,-29,29,0
2730,-22,22,0
2731,-51,51,0
2732,-35,35,0
2733,-42,42,0
2734,-7,7,0
2735,13,-13,0
2736,25,-25,0
2737,27,-27,0
2738,12,-12,0
2739,7,-7,0
2740,2,-2,0
2741,-1,1,0
2742,-10,10,0
2743,-17,17,0
2744,-17,17,0
2745,-10,10,0
2746,-15,15,0
2747,-19,19,0
2748,-22,22,0
2749,-12,12,0
2750,-11,11,0
2751,-13,13,0
2752,-26,26,0
2753,-25,25,0
2754,-25,25,0
2755,48,-48,0
2756,60,-60,0
2757,68,-68,0
2758,33,-33,0
2759,20,-20,0
2760,41,-41,0
2761,10,-10,0
2762,-16,16,0
2763,-60,60,0
2764,-48,48,0
2765,-36,36,0
2766,-10,10,0
2767,-2,2,0
2768,3,-3,0
2769,27,-27,0
2770,54,-54,0
2771,59,-59,0
2772,36,-36,0
2773,18,-18,0
2774,-4,4,0
2775,-13,13,0
2776,-26,26,0
2777,-38,38,0
2778,-36,36,0
2779,-17,17,0
2780,3,-3,0
2781,17,-17,0
2782,25,-25,0
2783,21,-21,0
2784,19,-19,0
2785,7,-7,0
2786,4,-4,0
2787,-9,9,0
2788,-12,12,0
2789,-16,16,0
2790,-14,14,0
2791,-15,15,0
2792,-18,18,0
2793,-21,21,0
2794,-18,18,0
2795,-16,16,0
2796,-20,20,0
2797,-27,27,0
2798,-30,30,0
2799,-29,29,0
2800,-6,6,0
2801,63,-63,0
2802,63,-63,0
2803,57,-57,0
2804,28,-28,0
2805,37,-37,0
2806,27,-27,0
2807,4,-4,0
2808,-39,39,0
2809,-60,60,0
2810,-51,51,0
2811,-31,31,0
2812,-11,11,0
2813,-11,11,0
2814,14,-14,0
2815,40,-40,0
2816,72,-72,0
2817,60,-60,0
2818,36,-36,0
2819,19,-19,0
2820,2,-2,0
2821,-3,3,0
2822,-42,42,0
2823,-34,34,0
2824,-40,40,0
2825,-3,3,0
2826,9,-9,0
2827,19,-19,0
2828,27,-27,0
2829,21,-21,0
2830,17,-17,0
2831,2,-2,0
2832,-5,5,0
2833,-12,12,0
2834,-18,18,0
2835,-22,22,0
2836,-22,22,0
2837,-25,25,0
2838,-23,23,0
2839,-23,23,0
2840,-16,16,0
2841,-23,23,0
2842,-17,17,0
2843,-32,32,0
2844,-25,25,0
2845,-30,30,0
2846,7,-7,0
2847,65,-65,0
2848,72,-72,0
2849,55,-55,0
2850,29,-29,0
2851,53,-53,0
2852,29,-29,0
2853,1,-1,0
2854,-49,49,0
2855,-55,55,0
2856,-55,55,0
2857,-28,28,0
2858,-13,13,0
2859,-12,12,0
2860,19,-19,0
2861,45,-45,0
2862,67,-67,0
2863,52,-52,0
2864,34,-34,0
2865,21,-21,0
2866,2,-2,0
2867,-7,7,0
2868,-37,37,0
2869,-39,39,0
2870,-37,37,0
2871,-9,9,0
2872,8,-8,0
2873,19,-19,0
2874,26,-26,0
2875,24,-24,0
2876,14,-14,0
2877,5,-5,0
2878,-4,4,0
2879,-10,10,0
2880,-18,18,0
2881,-20,20,0
2882,-21,21,0
2883,-22,22,0
2884,-22,22,0
2885,-23,23,0
2886,-19,19,0
2887,-21,21,0
2888,-20,20,0
2889,-31,31,0
2890,-30,30,0
2891,-31,31,0
2892,17,-17,0
2893,58,-58,0
2894,69,-69,0
2895,45,-45,0
2896,26,-26,0
2897,52,-52,0
2898,27,-27,0
2899,-8,8,0
2900,-58,58,0
2901,-57,57,0
2902,-49,49,0
2903,-27,27,0
2904,-18,18,0
2905,-15,15,0
2906,17,-17,0
2907,56,-56,0
2908,69,-69,0
2909,52,-52,0
2910,26,-26,0
2911,21,-21,0
2912,12,-12,0
2913,-1,1,0
2914,-46,46,0
2915,-49,49,0
2916,-35,35,0
2917,-13,13,0
2918,0,0,0
2919,0,0,0
2920,18,-18,0
2921,28,-28,0
2922,26,-26,0
2923,13,-13,0
2924,-4,4,0
2925,-3,3,0
2926,-9,9,0
2927,-16,16,0
2928,-24,24,0
2929,-23,23,0
2930,-19,19,0
2931,-19,19,0
2932,-20,20,0
2933,-23,23,0
2934,-25,25,0
2935,-29,29,0
2936,-23,23,0
2937,-27,27,0
2938,37,-37,0
2939,59,-59,0
2940,81,-81,0
2941,51,-51,0
2942,34,-34,0
2943,53,-53,0
2944,21,-21,0
2945,-16,16,0
2946,-58,58,0
2947,-51,51,0
2948,-44,44,0
2949,-30,30,0
2950,-24,24,0
2951,-14,14,0
2952,19,-19,0
2953,57,-57,0
2954,61,-61,0
2955,42,-42,0
2956,29,-29,0
2957,21,-21,0
2958,10,-10,0
2959,-22,22,0
2960,-39,39,0
2961,-52,52,0
2962,-23,23,0
2963,-20,20,0
2964,-2,2,0
2965,6,-6,0
2966,24,-24,0
2967,25,-25,0
2968,15,-15,0
2969,8,-8,0
2970,-3,3,0
2971,-3,3,0
2972,-15,15,0
2973,-21,21,0
2974,-24,24,0
2975,-21,21,0
2976,-19,19,0
2977,-24,24,0
2978,-27,27,0
2979,-24,24,0
2980,-20,20,0
2981,-20,20,0
2982,-23,23,0
2983,-28,28,0
2984,25,-25,0
2985,63,-63,0
2986,76,-76,0
2987,51,-51,0
2988,37,-37,0
2989,55,-55,0
2990,36,-36,0
2991,-5,5,0
2992,-45,45,0
2993,-46,46,0
2994,-37,37,0
2995,-26,26,0
2996,-27,27,0
2997,-21,21,0
2998,15,-15,0
2999,55,-55,0
3000,61,-61,0
3001,41,-41,0
3002,29,-29,0
3003,23,-23,0
3004,24,-24,0
3005,-7,7,0
3006,-37,37,0
3007,-66,66,0
3008,-31,31,0
3009,-20,20,0
3010,-20,20,0
3011,-5,5,0
3012,14,-14,0
3013,36,-36,0
3014,29,-29,0
3015,18,-18,0
3016,6,-6,0
3017,6,-6,0
3018,-1,1,0
3019,-18,18,0
3020,-29,29,0
3021,-30,30,0
3022,-29,29,0
3023,-33,33,0
3024,-38,38,0
3025,-39,39,0
3026,-37,37,0
3027,-24,24,0
3028,-35,35,0
3029,-23,23,0
3030,57,-57,0
3031,64,-64,0
3032,84,-84,0
3033,55,-55,0
3034,67,-67,0
3035,65,-65,0
3036,36,-36,0
3037,-23,23,0
3038,-59,59,0
3039,-64,64,0
3040,-59,59,0
3041,-57,57,0
3042,-48,48,0
3043,-9,9,0
3044,39,-39,0
3045,73,-73,0
3046,63,-63,0
3047,46,-46,0
3048,46,-46,0
3049,33,-33,0
3050,20,-20,0
3051,-32,32,0
3052,-46,46,0
3053,-49,49,0
3054,-19,19,0
3055,-22,22,0
3056,-13,13,0
3057,11,-11,0
3058,29,-29,0
3059,34,-34,0
3060,24,-24,0
3061,0,0,0
3062,-7,7,0
3063,-20,20,0
3064,-41,41,0
3065,-49,49,0
3066,-46,46,0
3067,-41,41,0
3068,-40,40,0
3069,-46,46,0
3070,-21,21,0
3071,9,-9,0
3072,-6,6,0
3073,-11,11,0
3074,-35,35,0
3075,-21,21,0
3076,53,-53,0
3077,76,-76,0
3078,71,-71,0
3079,39,-39,0
3080,56,-56,0
3081,50,-50,0
3082,10,-10,0
3083,-34,34,0
3084,-37,37,0
3085,-15,15,0
3086,-6,6,0
3087,-14,14,0
3088,-25,25,0
3089,-4,4,0
3090,44,-44,0
3091,71,-71,0
3092,51,-51,0
3093,29,-29,0
3094,27,-27,0
3095,20,-20,0
3096,5,-5,0
3097,-30,30,0
3098,-51,51,0
3099,-42,42,0
3100,-30,30,0
3101,-42,42,0
3102,-33,33,0
3103,2,-2,0
3104,36,-36,0
3105,42,-42,0
3106,35,-35,0
3107,29,-29,0
3108,25,-25,0
3109,8,-8,0
3110,-12,12,0
3111,-27,27,0
3112,-31,31,0
3113,-35,35,0
3114,-44,44,0
3115,-47,47,0
3116,-42,42,0
3117,-25,25,0
3118,-17,17,0
3119,-12,12,0
3120,-7,7,0
3121,16,-16,0
3122,62,-62,0
3123,61,-61,0
3124,53,-53,0
3125,28,-28,0
3126,35,-35,0
3127,40,-40,0
3128,12,-12,0
3129,-24,24,0
3130,-32,32,0
3131,-24,24,0
3132,-26,26,0
3133,-34,34,0
3134,-32,32,0
3135,-9,9,0
3136,21,-21,0
3137,39,-39,0
3138,33,-33,0
3139,27,-27,0
3140,30,-30,0
3141,23,-23,0
3142,7,-7,0
3143,-21,21,0
3144,-35,35,0
3145,-28,28,0
3146,-23,23,0
3147,-29,29,0
3148,-18,18,0
3149,2,-2,0
3150,20,-20,0
3151,18,-18,0
3152,20,-20,0
3153,21,-21,0
3154,21,-21,0
3155,6,-6,0
3156,-16,16,0
3157,-28,28,0
3158,-29,29,0
3159,-35,35,0
3160,-46,46,0
3161,-42,42,0
3162,-34,34,0
3163,-23,23,0
3164,-19,19,0
3165,-15,15,0
3166,-3,3,0
3167,37,-37,0
3168,71,-71,0
3169,61,-61,0
3170,43,-43,0
3171,41,-41,0
3172,45,-45,0
3173,22,-22,0
3174,-16,16,0
3175,-42,42,0
3176,-37,37,0
3177,-29,29,0
3178,-28,28,0
3179,-31,31,0
3180,-18,18,0
3181,15,-15,0
3182,42,-42,0
3183,42,-42,0
3184,33,-33,0
3185,33,-33,0
3186,36,-36,0
3187,24,-24,0
3188,-6,6,0
3189,-23,23,0
3190,-35,35,0
3191,-28,28,0
3192,-27,27,0
3193,-31,31,0
3194,-14,14,0
3195,12,-12,0
3196,21,-21,0
3197,20,-20,0
3198,21,-21,0
3199,29,-29,0
3200,25,-25,0
3201,7,-7,0
3202,-11,11,0
3203,-24,24,0
3204,-29,29,0
3205,-43,43,0
3206,-50,50,0
3207,-51,51,0
3208,-39,39,0
3209,-36,36,0
3210,-32,32,0
3211,-20,20,0
3212,11,-11,0
3213,67,-67,0
3214,62,-62,0
3215,58,-58,0
3216,44,-44,0
3217,53,-53,0
3218,42,-42,0
3219,4,-4,0
3220,-42,42,0
3221,-49,49,0
3222,-42,42,0
3223,-37,37,0
3224,-44,44,0
3225,-30,30,0
3226,1,-1,0
3227,39,-39,0
3228,55,-55,0
3229,53,-53,0
3230,51,-51,0
3231,55,-55,0
3232,44,-44,0
3233,17,-17,0
3234,-22,22,0
3235,-37,37,0
3236,-38,38,0
3237,-48,48,0
3238,-49,49,0
3239,-40,40,0
3240,-10,10,0
3241,7,-7,0
3242,12,-12,0
3243,19,-19,0
3244,27,-27,0
3245,39,-39,0
3246,25,-25,0
3247,9,-9,0
3248,-8,8,0
3249,-14,14,0
3250,-29,29,0
3251,-46,46,0
3252,-53,53,0
3253,-51,51,0
3254,-42,42,0
3255,-39,39,0
3256,-30,30,0
3257,-7,7,0
3258,43,-43,0
3259,72,-72,0
3260,72,-72,0
3261,52,-52,0
3262,54,-54,0
3263,55,-55,0
3264,23,-23,0
3265,-23,23,0
3266,-48,48,0
3267,-47,47,0
3268,-45,45,0
3269,-49,49,0
3270,-44,44,0
3271,-20,20,0
3272,16,-16,0
3273,46,-46,0
3274,53,-53,0
3275,51,-51,0
3276,53,-53,0
3277,59,-59,0
3278,42,-42,0
3279,5,-5,0
3280,-19,19,0
3281,-37,37,0
3282,-38,38,0
3283,-46,46,0
3284,-49,49,0
3285,-38,38,0
3286,-8,8,0
3287,7,-7,0
3288,21,-21,0
3289,28,-28,0
3290,42,-42,0
3291,41,-41,0
3292,26,-26,0
3293,11,-11,0
3294,-4,4,0
3295,-18,18,0
3296,-39,39,0
3297,-53,53,0
3298,-60,60,0
3299,-59,59,0
3300,-56,56,0
3301,-46,46,0
3302,-24,24,0
3303,19,-19,0
3304,69,-69,0
3305,77,-77,0
3306,75,-75,0
3307,72,-72,0
3308,75,-75,0
3309,55,-55,0
3310,11,-11,0
3311,-40,40,0
3312,-54,54,0
3313,-60,60,0
3314,-64,64,0
3315,-70,70,0
3316,-55,55,0
3317,-19,19,0
3318,16,-16,0
3319,38,-38,0
3320,55,-55,0
3321,66,-66,0
3322,73,-73,0
3323,70,-70,0
3324,48,-48,0
3325,7,-7,0
3326,-27,27,0
3327,-36,36,0
3328,-59,59,0
3329,-63,63,0
3330,-70,70,0
3331,-44,44,0
3332,-19,19,0
3333,0,0,0
3334,17,-17,0
3335,29,-29,0
3336,48,-48,0
3337,47,-47,0
3338,37,-37,0
3339,19,-19,0
3340,3,-3,0
3341,-19,19,0
3342,-43,43,0
3343,-64,64,0
3344,-78,78,0
3345,-80,80,0
3346,-76,76,0
3347,-59,59,0
3348,-24,24,0
3349,40,-40,0
3350,69,-69,0
3351,88,-88,0
3352,80,-80,0
3353,97,-97,0
3354,92,-92,0
3355,54,-54,0
3356,2,-2,0
3357,-31,31,0
3358,-49,49,0
3359,-64,64,0
3360,-81,81,0
3361,-83,83,0
3362,-65,65,0
3363,-28,28,0
3364,6,-6,0
3365,29,-29,0
3366,51,-51,0
3367,76,-76,0
3368,87,-87,0
3369,91,-91,0
3370,56,-56,0
3371,31,-31,0
3372,-5,5,0
3373,-28,28,0
3374,-48,48,0
3375,-70,70,0
3376,-74,74,0
3377,-64,64,0
3378,-40,40,0
3379,-20,20,0
3380,3,-3,0
3381,30,-30,0
3382,43,-43,0
3383,50,-50,0
3384,45,-45,0
3385,32,-32,0
3386,15,-15,0
3387,-7,7,0
3388,-30,30,0
3389,-50,50,0
3390,-68,68,0
3391,-79,79,0
3392,-76,76,0
3393,-56,56,0
3394,-18,18,0
3395,31,-31,0
3396,49,-49,0
3397,59,-59,0
3398,78,-78,0
3399,96,-96,0
3400,88,-88,0
3401,55,-55,0
3402,18,-18,0
3403,-7,7,0
3404,-24,24,0
3405,-49,49,0
3406,-77,77,0
3407,-85,85,0
3408,-67,67,0
3409,-43,43,0
3410,-25,25,0
3411,1,-1,0
3412,23,-23,0
3413,53,-53,0
3414,75,-75,0
3415,88,-88,0
3416,70,-70,0
3417,46,-46,0
3418,29,-29,0
3419,-5,5,0
3420,-21,21,0
3421,-56,56,0
3422,-69,69,0
3423,-63,63,0
3424,-58,58,0
3425,-43,43,0
3426,-27,27,0
3427,7,-7,0
3428,23,-23,0
3429,39,-39,0
3430,47,-47,0
3431,44,-44,0
3432,32,-32,0
3433,17,-17,0
3434,-6,6,0
3435,-27,27,0
3436,-48,48,0
3437,-67,67,0
3438,-71,71,0
3439,-63,63,0
3440,-23,23,0
3441,5,-5,0
3442,20,-20,0
3443,35,-35,0
3444,67,-67,0
3445,93,-93,0
3446,88,-88,0
3447,66,-66,0
3448,45,-45,0
3449,23,-23,0
3450,6,-6,0
3451,-24,24,0
3452,-58,58,0
3453,-73,73,0
3454,-63,63,0
3455,-55,55,0
3456,-51,51,0
3457,-32,32,0
3458,-6,6,0
3459,22,-22,0
3460,45,-45,0
3461,65,-65,0
3462,60,-60,0
3463,53,-53,0
3464,44,-44,0
3465,21,-21,0
3466,8,-8,0
3467,-23,23,0
3468,-32,32,0
3469,-38,38,0
3470,-41,41,0
3471,-45,45,0
3472,-21,21,0
3473,-9,9,0
3474,0,0,0
3475,9,-9,0
3476,21,-21,0
3477,17,-17,0
3478,12,-12,0
3479,1,-1,0
3480,-9,9,0
3481,-20,20,0
3482,-33,33,0
3483,-38,38,0
3484,-41,41,0
3485,-43,43,0
3486,-29,29,0
3487,-4,4,0
3488,4,-4,0
3489,16,-16,0
3490,30,-30,0
3491,61,-61,0
3492,79,-79,0
3493,72,-72,0
3494,44,-44,0
3495,28,-28,0
3496,11,-11,0
3497,-6,6,0
3498,-28,28,0
3499,-34,34,0
3500,-42,42,0
3501,-34,34,0
3502,-23,23,0
3503,-26,26,0
3504,-34,34,0
3505,-14,14,0
3506,0,0,0
3507,10,-10,0
3508,15,-15,0
3509,14,-14,0
3510,8,-8,0
3511,9,-9,0
3512,16,-16,0
3513,9,-9,0
3514,-5,5,0
3515,-8,8,0
3516,-6,6,0
3517,-6,6,0
3518,-3,3,0
3519,-1,1,0
3520,4,-4,0
3521,15,-15,0
3522,22,-22,0
3523,18,-18,0
3524,9,-9,0
3525,3,-3,0
3526,-3,3,0
3527,-12,12,0
3528,-27,27,0
3529,-41,41,0
3530,-47,47,0
3531,-42,42,0
3532,-33,33,0
3533,-22,22,0
3534,-3,3,0
3535,10,-10,0
3536,19,-19,0
3537,24,-24,0
3538,32,-32,0
3539,45,-45,0
3540,44,-44,0
3541,38,-38,0
3542,26,-26,0
3543,17,-17,0
3544,20,-20,0
3545,23,-23,0
3546,7,-7,0
3547,-10,10,0
3548,-14,14,0
3549,-14,14,0
3550,-20,20,0
3551,-23,23,0
3552,-22,22,0
3553,-17,17,0
3554,-6,6,0
3555,-3,3,0
3556,-7,7,0
3557,-9,9,0
3558,3,-3,0
3559,14,-14,0
3560,11,-11,0
3561,5,-5,0
3562,6,-6,0
3563,3,-3,0
3564,8,-8,0
3565,4,-4,0
3566,0,0,0
3567,0,0,0
3568,7,-7,0
3569,7,-7,0
3570,-6,6,0
3571,-21,21,0
3572,-24,24,0
3573,-22,22,0
3574,-28,28,0
3575,-34,34,0
3576,-33,33,0
3577,-27,27,0
3578,-18,18,0
3579,-15,15,0
3580,-7,7,0
3581,7,-7,0
3582,24,-24,0
3583,28,-28,0
3584,25,-25,0
3585,27,-27,0
3586,33,-33,0
3587,31,-31,0
3588,31,-31,0
3589,24,-24,0
3590,20,-20,0
3591,24,-24,0
3592,27,-27,0
3593,12,-12,0
3594,8,-8,0
3595,5,-5,0
3596,3,-3,0
3597,0,0,0
3598,-2,2,0
3599,-10,10,0
3600,-17,17,0
3601,-17,17,0
3602,-20,20,0
3603,-27,27,0
3604,-25,25,0
3605,-19,19,0
3606,-17,17,0
3607,-7,7,0
3608,0,0,0
3609,7,-7,0
3610,13,-13,0
3611,16,-16,0
3612,14,-14,0
3613,12,-12,0
3614,6,-6,0
3615,-2,2,0
3616,-7,7,0
3617,-13,13,0
3618,-24,24,0
3619,-36,36,0
3620,-37,37,0
3621,-43,43,0
3622,-38,38,0
3623,-30,30,0
3624,-25,25,0
3625,-22,22,0
3626,-13,13,0
3627,-2,2,0
3628,19,-19,0
3629,30,-30,0
3630,33,-33,0
3631,30,-30,0
3632,35,-35,0
3633,36,-36,0
3634,33,-33,0
3635,26,-26,0
3636,23,-23,0
3637,17,-17,0
3638,20,-20,0
3639,22,-22,0
3640,12,-12,0
3641,8,-8,0
3642,9,-9,0
3643,7,-7,0
3644,1,-1,0
3645,-2,2,0
3646,-14,14,0
3647,-27,27,0
3648,-27,27,0
3649,-27,27,0
3650,-33,33,0
3651,-35,35,0
3652,-29,29,0
3653,-10,10,0
3654,5,-5,0
3655,19,-19,0
3656,21,-21,0
3657,27,-27,0
3658,35,-35,0
3659,37,-37,0
3660,27,-27,0
3661,10,-10,0
3662,1,-1,0
3663,-6,6,0
3664,-19,19,0
3665,-39,39,0
3666,-50,50,0
3667,-49,49,0
3668,-44,44,0
3669,-40,40,0
3670,-38,38,0
3671,-37,37,0
3672,-28,28,0
3673,-12,12,0
3674,7,-7,0
3675,27,-27,0
3676,31,-31,0
3677,33,-33,0
3678,31,-31,0
3679,44,-44,0
3680,44,-44,0
3681,42,-42,0
3682,26,-26,0
3683,30,-30,0
3684,27,-27,0
3685,27,-27,0
3686,19,-19,0
3687,17,-17,0
3688,3,-3,0
3689,6,-6,0
3690,5,-5,0
3691,4,-4,0
3692,-17,17,0
3693,-26,26,0
3694,-24,24,0
3695,-23,23,0
3696,-33,33,0
3697,-35,35,0
3698,-34,34,0
3699,-22,22,0
3700,0,0,0
3701,7,-7,0
3702,10,-10,0
3703,17,-17,0
3704,33,-33,0
3705,36,-36,0
3706,26,-26,0
3707,13,-13,0
3708,0,0,0
3709,-8,8,0
3710,-21,21,0
3711,-37,37,0
3712,-54,54,0
3713,-53,53,0
3714,-51,51,0
3715,-44,44,0
3716,-41,41,0
3717,-42,42,0
3718,-36,36,0
3719,-16,16,0
3720,0,0,0
3721,24,-24,0
3722,31,-31,0
3723,29,-29,0
3724,34,-34,0
3725,54,-54,0
3726,52,-52,0
3727,48,-48,0
3728,34,-34,0
3729,29,-29,0
3730,24,-24,0
3731,28,-28,0
3732,21,-21,0
3733,8,-8,0
3734,-1,1,0
3735,3,-3,0
3736,6,-6,0
3737,-2,2,0
3738,-22,22,0
3739,-28,28,0
3740,-23,23,0
3741,-18,18,0
3742,-21,21,0
3743,-29,29,0
3744,-23,23,0
3745,-6,6,0
3746,12,-12,0
3747,20,-20,0
3748,21,-21,0
3749,31,-31,0
3750,42,-42,0
3751,41,-41,0
3752,31,-31,0
3753,15,-15,0
3754,-1,1,0
3755,-15,15,0
3756,-29,29,0
3757,-40,40,0
3758,-57,57,0
3759,-57,57,0
3760,-51,51,0
3761,-47,47,0
3762,-46,46,0
3763,-41,41,0
3764,-40,40,0
3765,-22,22,0
3766,0,0,0
3767,29,-29,0
3768,31,-31,0
3769,29,-29,0
3770,29,-29,0
3771,53,-53,0
3772,61,-61,0
3773,54,-54,0
3774,39,-39,0
3775,39,-39,0
3776,35,-35,0
3777,36,-36,0
3778,30,-30,0
3779,6,-6,0
3780,-10,10,0
3781,-7,7,0
3782,-5,5,0
3783,-24,24,0
3784,-35,35,0
3785,-34,34,0
3786,-33,33,0
3787,-21,21,0
3788,-13,13,0
3789,-15,15,0
3790,-10,10,0
3791,7,-7,0
3792,25,-25,0
3793,29,-29,0
3794,27,-27,0
3795,24,-24,0
3796,23,-23,0
3797,26,-26,0
3798,22,-22,0
3799,3,-3,0
3800,-8,8,0
3801,-15,15,0
3802,-21,21,0
3803,-32,32,0
3804,-41,41,0
3805,-54,54,0
3806,-49,49,0
3807,-44,44,0
3808,-46,46,0
3809,-49,49,0
3810,-45,45,0
3811,-33,33,0
3812,-10,10,0
3813,24,-24,0
3814,38,-38,0
3815,41,-41,0
3816,50,-50,0
3817,69,-69,0
3818,92,-92,0
3819,80,-80,0
3820,47,-47,0
3821,37,-37,0
3822,26,-26,0
3823,17,-17,0
3824,2,-2,0
3825,-34,34,0
3826,-60,60,0
3827,-51,51,0
3828,-36,36,0
3829,-41,41,0
3830,-46,46,0
3831,-31,31,0
3832,-3,3,0
3833,30,-30,0
3834,45,-45,0
3835,36,-36,0
3836,36,-36,0
3837,57,-57,0
3838,59,-59,0
3839,45,-45,0
3840,17,-17,0
3841,-7,7,0
3842,-17,17,0
3843,-22,22,0
3844,-41,41,0
3845,-67,67,0
3846,-70,70,0
3847,-55,55,0
3848,-44,44,0
3849,-40,40,0
3850,-43,43,0
3851,-34,34,0
3852,-9,9,0
3853,1,-1,0
3854,-7,7,0
3855,-20,20,0
3856,-19,19,0
3857,-2,2,0
3858,39,-39,0
3859,57,-57,0
3860,39,-39,0
3861,28,-28,0
3862,41,-41,0
3863,71,-71,0
3864,53,-53,0
3865,19,-19,0
3866,-3,3,0
3867,-8,8,0
3868,2,-2,0
3869,0,0,0
3870,-29,29,0
3871,-49,49,0
3872,-35,35,0
3873,-6,6,0
3874,0,0,0
3875,-1,1,0
3876,-3,3,0
3877,10,-10,0
3878,44,-44,0
3879,63,-63,0
3880,35,-35,0
3881,9,-9,0
3882,8,-8,0
3883,17,-17,0
3884,2,-2,0
3885,-25,25,0
3886,-50,50,0
3887,-56,56,0
3888,-44,44,0
3889,-27,27,0
3890,-32,32,0
3891,-33,33,0
3892,-14,14,0
3893,8,-8,0
3894,17,-17,0
3895,5,-5,0
3896,-7,7,0
3897,-4,4,0
3898,7,-7,0
3899,4,-4,0
3900,-15,15,0
3901,-28,28,0
3902,-33,33,0
3903,-25,25,0
3904,8,-8,0
3905,12,-12,0
3906,-2,2,0
3907,-5,5,0
3908,36,-36,0
3909,80,-80,0
3910,74,-74,0
3911,36,-36,0
3912,2,-2,0
3913,-6,6,0
3914,14,-14,0
3915,14,-14,0
3916,-15,15,0
3917,-52,52,0
3918,-48,48,0
3919,-27,27,0
3920,-9,9,0
3921,-8,8,0
3922,0,0,0
3923,18,-18,0
3924,64,-64,0
3925,73,-73,0
3926,63,-63,0
3927,29,-29,0
3928,22,-22,0
3929,21,-21,0
3930,2,-2,0
3931,-20,20,0
3932,-47,47,0
3933,-58,58,0
3934,-42,42,0
3935,-30,30,0
3936,-32,32,0
3937,-34,34,0
3938,-7,7,0
3939,20,-20,0
3940,39,-39,0
3941,30,-30,0
3942,12,-12,0
3943,2,-2,0
3944,-10,10,0
3945,-19,19,0
3946,-54,54,0
3947,-70,70,0
3948,-73,73,0
3949,-37,37,0
3950,16,-16,0
3951,36,-36,0
3952,28,-28,0
3953,29,-29,0
3954,62,-62,0
3955,83,-83,0
3956,71,-71,0
3957,30,-30,0
3958,6,-6,0
3959,-16,16,0
3960,-12,12,0
3961,-20,20,0
3962,-45,45,0
3963,-69,69,0
3964,-51,51,0
3965,-18,18,0
3966,8,-8,0
3967,16,-16,0
3968,29,-29,0
3969,35,-35,0
3970,74,-74,0
3971,70,-70,0
3972,47,-47,0
3973,-1,1,0
3974,-25,25,0
3975,-29,29,0
3976,-45,45,0
3977,-59,59,0
3978,-78,78,0
3979,-67,67,0
3980,-34,34,0
3981,0,0,0
3982,17,-17,0
3983,15,-15,0
3984,33,-33,0
3985,47,-47,0
3986,56,-56,0
3987,36,-36,0
3988,10,-10,0
3989,-11,11,0
3990,-22,22,0
3991,-44,44,0
3992,-75,75,0
3993,-87,87,0
3994,-75,75,0
3995,-8,8,0
3996,31,-31,0
3997,49,-49,0
3998,35,-35,0
3999,48,-48,0
4000,80,-80,0
4001,79,-79,0
4002,56,-56,0
4003,11,-11,0
4004,-22,22,0
4005,-38,38,0
4006,-39,39,0
4007,-47,47,0
4008,-69,69,0
4009,-65,65,0
4010,-41,41,0
4011,5,-5,0
4012,33,-33,0
4013,53,-53,0
4014,61,-61,0
4015,84,-84,0
4016,87,-87,0
4017,73,-73,0
4018,32,-32,0
4019,-3,3,0
4020,-21,21,0
4021,-47,47,0
4022,-58,58,0
4023,-69,69,0
4024,-73,73,0
4025,-51,51,0
4026,-24,24,0
4027,5,-5,0
4028,14,-14,0
4029,31,-31,0
4030,40,-40,0
4031,37,-37,0
4032,30,-30,0
4033,6,-6,0
4034,-13,13,0
4035,-33,33,0
4036,-55,55,0
4037,-72,72,0
4038,-79,79,0
4039,-60,60,0
4040,-8,8,0
4041,45,-45,0
4042,68,-68,0
4043,65,-65,0
4044,67,-67,0
4045,86,-86,0
4046,84,-84,0
4047,60,-60,0
4048,12,-12,0
4049,-33,33,0
4050,-60,60,0
4051,-66,66,0
4052,-56,56,0
4053,-66,66,0
4054,-60,60,0
4055,-35,35,0
4056,5,-5,0
4057,41,-41,0
4058,66,-66,0
4059,74,-74,0
4060,74,-74,0
4061,72,-72,0
4062,63,-63,0
4063,16,-16,0
4064,-9,9,0
4065,-44,44,0
4066,-63,63,0
4067,-74,74,0
4068,-70,70,0
4069,-63,63,0
4070,-49,49,0
4071,-21,21,0
4072,13,-13,0
4073,27,-27,0
4074,35,-35,0
4075,35,-35,0
4076,30,-30,0
4077,12,-12,0
4078,-2,2,0
4079,-21,21,0
4080,-41,41,0
4081,-59,59,0
4082,-73,73,0
4083,-78,78,0
4084,-59,59,0
4085,-2,2,0
4086,56,-56,0
4087,88,-88,0
4088,87,-87,0
4089,85,-85,0
4090,97,-97,0
4091,84,-84,0
4092,64,-64,0
4093,9,-9,0
4094,-42,42,0
4095,-76,76,0
4096,-85,85,0
4097,-67,67,0
4098,-72,72,0
4099,-61,61,0
4100,-41,41,0
4101,2,-2,0
4102,43,-43,0
4103,74,-74,0
4104,86,-86,0
4105,79,-79,0
4106,74,-74,0
4107,54,-54,0
4108,5,-5,0
4109,-19,19,0
4110,-55,55,0
4111,-69,69,0
4112,-73,73,0
4113,-58,58,0
4114,-41,41,0
4115,-24,24,0
4116,0,0,0
4117,25,-25,0
4118,31,-31,0
4119,39,-39,0
4120,35,-35,0
4121,26,-26,0
4122,-1,1,0
4123,-20,20,0
4124,-43,43,0
4125,-63,63,0
4126,-75,75,0
4127,-84,84,0
4128,-78,78,0
4129,-52,52,0
4130,16,-16,0
4131,69,-69,0
4132,94,-94,0
4133,81,-81,0
4134,74,-74,0
4135,73,-73,0
4136,62,-62,0
4137,45,-45,0
4138,1,-1,0
4139,-50,50,0
4140,-77,77,0
4141,-76,76,0
4142,-56,56,0
4143,-51,51,0
4144,-32,32,0
4145,-17,17,0
4146,19,-19,0
4147,56,-56,0
4148,84,-84,0
4149,85,-85,0
4150,69,-69,0
4151,55,-55,0
4152,32,-32,0
4153,3,-3,0
4154,-26,26,0
4155,-50,50,0
4156,-64,64,0
4157,-66,66,0
4158,-45,45,0
4159,-31,31,0
4160,-7,7,0
4161,11,-11,0
4162,30,-30,0
4163,37,-37,0
4164,43,-43,0
4165,34,-34,0
4166,18,-18,0
4167,-5,5,0
4168,-23,23,0
4169,-43,43,0
4170,-56,56,0
4171,-69,69,0
4172,-74,74,0
4173,-63,63,0
4174,-37,37,0
4175,30,-30,0
4176,70,-70,0
4177,99,-99,0
4178,79,-79,0
4179,76,-76,0
4180,69,-69,0
4181,48,-48,0
4182,23,-23,0
4183,-15,15,0
4184,-62,62,0
4185,-82,82,0
4186,-75,75,0
4187,-43,43,0
4188,-31,31,0
4189,-6,6,0
4190,0,0,0
4191,25,-25,0
4192,51,-51,0
4193,73,-73,0
4194,74,-74,0
4195,42,-42,0
4196,12,-12,0
4197,-16,16,0
4198,-36,36,0
4199,-38,38,0
4200,-51,51,0
4201,-52,52,0
4202,-51,51,0
4203,-18,18,0
4204,5,-5,0
4205,35,-35,0
4206,45,-45,0
4207,48,-48,0
4208,37,-37,0
4209,34,-34,0
4210,18,-18,0
4211,1,-1,0
4212,-24,24,0
4213,-46,46,0
4214,-62,62,0
4215,-70,70,0
4216,-77,77,0
4217,-77,77,0
4218,-67,67,0
4219,-40,40,0
4220,30,-30,0
4221,68,-68,0
4222,90,-90,0
4223,77,-77,0
4224,70,-70,0
4225,56,-56,0
4226,42,-42,0
4227,20,-20,0
4228,-8,8,0
4229,-52,52,0
4230,-79,79,0
4231,-80,80,0
4232,-53,53,0
4233,-24,24,0
4234,7,-7,0
4235,24,-24,0
4236,44,-44,0
4237,61,-61,0
4238,84,-84,0
4239,76,-76,0
4240,46,-46,0
4241,-7,7,0
4242,-38,38,0
4243,-54,54,0
4244,-58,58,0
4245,-56,56,0
4246,-57,57,0
4247,-53,53,0
4248,-28,28,0
4249,-1,1,0
4250,32,-32,0
4251,47,-47,0
4252,51,-51,0
4253,42,-42,0
4254,35,-35,0
4255,26,-26,0
4256,5,-5,0
4257,-15,15,0
4258,-34,34,0
4259,-54,54,0
4260,-66,66,0
4261,-68,68,0
4262,-56,56,0
4263,-30,30,0
4264,17,-17,0
4265,66,-66,0
4266,89,-89,0
4267,90,-90,0
4268,69,-69,0
4269,57,-57,0
4270,25,-25,0
4271,13,-13,0
4272,-7,7,0
4273,-35,35,0
4274,-65,65,0
4275,-86,86,0
4276,-69,69,0
4277,-47,47,0
4278,-6,6,0
4279,20,-20,0
4280,33,-33,0
4281,42,-42,0
4282,43,-43,0
4283,47,-47,0
4284,26,-26,0
4285,10,-10,0
4286,-9,9,0
4287,-34,34,0
4288,-52,52,0
4289,-45,45,0
4290,-44,44,0
4291,-37,37,0
4292,-19,19,0
4293,0,0,0
4294,24,-24,0
4295,50,-50,0
4296,51,-51,0
4297,40,-40,0
4298,22,-22,0
4299,4,-4,0
4300,-11,11,0
4301,-29,29,0
4302,-35,35,0
4303,-47,47,0
4304,-50,50,0
4305,-49,49,0
4306,-36,36,0
4307,-21,21,0
4308,7,-7,0
4309,66,-66,0
4310,87,-87,0
4311,95,-95,0
4312,72,-72,0
4313,56,-56,0
4314,31,-31,0
4315,4,-4,0
4316,-18,18,0
4317,-48,48,0
4318,-72,72,0
4319,-81,81,0
4320,-62,62,0
4321,-29,29,0
4322,0,0,0
4323,36,-36,0
4324,46,-46,0
4325,56,-56,0
4326,58,-58,0
4327,59,-59,0
4328,37,-37,0
4329,7,-7,0
4330,-32,32,0
4331,-66,66,0
4332,-80,80,0
4333,-71,71,0
4334,-53,53,0
4335,-35,35,0
4336,-18,18,0
4337,2,-2,0
4338,18,-18,0
4339,40,-40,0
4340,50,-50,0
4341,45,-45,0
4342,27,-27,0
4343,9,-9,0
4344,-5,5,0
4345,-22,22,0
4346,-33,33,0
4347,-44,44,0
4348,-53,53,0
4349,-56,56,0
4350,-44,44,0
4351,-26,26,0
4352,-1,1,0
4353,48,-48,0
4354,81,-81,0
4355,92,-92,0
4356,78,-78,0
4357,55,-55,0
4358,35,-35,0
4359,3,-3,0
4360,-15,15,0
4361,-36,36,0
4362,-66,66,0
4363,-76,76,0
4364,-74,74,0
4365,-36,36,0
4366,-8,8,0
4367,33,-33,0
4368,52,-52,0
4369,62,-62,0
4370,66,-66,0
4371,65,-65,0
4372,57,-57,0
4373,31,-31,0
4374,1,-1,0
4375,-35,35,0
4376,-67,67,0
4377,-74,74,0
4378,-59,59,0
4379,-40,40,0
4380,-25,25,0
4381,-6,6,0
4382,7,-7,0
4383,26,-26,0
4384,44,-44,0
4385,50,-50,0
4386,38,-38,0
4387,19,-19,0
4388,-3,3,0
4389,-24,24,0
4390,-37,37,0
4391,-40,40,0
4392,-45,45,0
4393,-48,48,0
4394,-48,48,0
4395,-35,35,0
4396,-11,11,0
4397,25,-25,0
4398,75,-75,0
4399,88,-88,0
4400,82,-82,0
4401,55,-55,0
4402,36,-36,0
4403,11,-11,0
4404,-8,8,0
4405,-25,25,0
4406,-53,53,0
4407,-75,75,0
4408,-81,81,0
4409,-56,56,0
4410,-19,19,0
4411,17,-17,0
4412,52,-52,0
4413,59,-59,0
4414,61,-61,0
4415,56,-56,0
4416,62,-62,0
4417,41,-41,0
4418,13,-13,0
4419,-30,30,0
4420,-66,66,0
4421,-74,74,0
4422,-65,65,0
4423,-42,42,0
4424,-24,24,0
4425,-10,10,0
4426,2,-2,0
4427,18,-18,0
4428,36,-36,0
4429,46,-46,0
4430,41,-41,0
4431,24,-24,0
4432,3,-3,0
4433,-17,17,0
4434,-36,36,0
4435,-43,43,0
4436,-46,46,0
4437,-45,45,0
4438,-43,43,0
4439,-34,34,0
4440,-18,18,0
4441,11,-11,0
4442,52,-52,0
4443,85,-85,0
4444,85,-85,0
4445,63,-63,0
4446,33,-33,0
4447,15,-15,0
4448,-8,8,0
4449,-23,23,0
4450,-40,40,0
4451,-60,60,0
4452,-67,67,0
4453,-61,61,0
4454,-27,27,0
4455,3,-3,0
4456,41,-41,0
4457,62,-62,0
4458,64,-64,0
4459,59,-59,0
4460,47,-47,0
4461,46,-46,0
4462,12,-12,0
4463,-14,14,0
4464,-52,52,0
4465,-76,76,0
4466,-72,72,0
4467,-56,56,0
4468,-28,28,0
4469,-14,14,0
4470,0,0,0
4471,10,-10,0
4472,28,-28,0
4473,41,-41,0
4474,47,-47,0
4475,34,-34,0
4476,13,-13,0
4477,-12,12,0
4478,-29,29,0
4479,-42,42,0
4480,-46,46,0
4481,-44,44,0
4482,-41,41,0
4483,-35,35,0
4484,-19,19,0
4485,-5,5,0
4486,29,-29,0
4487,65,-65,0
4488,86,-86,0
4489,80,-80,0
4490,51,-51,0
4491,21,-21,0
4492,0,0,0
4493,-19,19,0
4494,-32,32,0
4495,-46,46,0
4496,-63,63,0
4497,-63,63,0
4498,-45,45,0
4499,-6,6,0
4500,29,-29,0
4501,62,-62,0
4502,70,-70,0
4503,60,-60,0
4504,48,-48,0
4505,38,-38,0
4506,22,-22,0
4507,-4,4,0
4508,-35,35,0
4509,-64,64,0
4510,-74,74,0
4511,-66,66,0
4512,-39,39,0
4513,-11,11,0
4514,5,-5,0
4515,18,-18,0
4516,24,-24,0
4517,36,-36,0
4518,39,-39,0
4519,35,-35,0
4520,17,-17,0
4521,-3,3,0
4522,-23,23,0
4523,-36,36,0
4524,-38,38,0
4525,-35,35,0
4526,-32,32,0
4527,-29,29,0
4528,-24,24,0
4529,-12,12,0
4530,7,-7,0
4531,40,-40,0
4532,77,-77,0
4533,87,-87,0
4534,73,-73,0
4535,39,-39,0
4536,11,-11,0
4537,-14,14,0
4538,-29,29,0
4539,-37,37,0
4540,-47,47,0
4541,-60,60,0
4542,-56,56,0
4543,-31,31,0
4544,6,-6,0
4545,38,-38,0
4546,63,-63,0
4547,61,-61,0
4548,50,-50,0
4549,36,-36,0
4550,27,-27,0
4551,8,-8,0
4552,-18,18,0
4553,-46,46,0
4554,-73,73,0
4555,-76,76,0
4556,-57,57,0
4557,-22,22,0
4558,3,-3,0
4559,19,-19,0
4560,29,-29,0
4561,31,-31,0
4562,40,-40,0
4563,41,-41,0
4564,31,-31,0
4565,6,-6,0
4566,-20,20,0
4567,-43,43,0
4568,-54,54,0
4569,-51,51,0
4570,-44,44,0
4571,-36,36,0
4572,-31,31,0
4573,-22,22,0
4574,-9,9,0
4575,9,-9,0
4576,48,-48,0
4577,83,-83,0
4578,87,-87,0
4579,67,-67,0
4580,38,-38,0
4581,7,-7,0
4582,-15,15,0
4583,-28,28,0
4584,-36,36,0
4585,-50,50,0
4586,-61,61,0
4587,-51,51,0
4588,-21,21,0
4589,17,-17,0
4590,52,-52,0
4591,67,-67,0
4592,53,-53,0
4593,32,-32,0
4594,18,-18,0
4595,9,-9,0
4596,-6,6,0
4597,-20,20,0
4598,-43,43,0
4599,-62,62,0
4600,-64,64,0
4601,-41,41,0
4602,-10,10,0
4603,14,-14,0
4604,29,-29,0
4605,33,-33,0
4606,33,-33,0
4607,34,-34,0
4608,31,-31,0
4609,18,-18,0
4610,-5,5,0
4611,-25,25,0
4612,-42,42,0
4613,-47,47,0
4614,-40,40,0
4615,-32,32,0
4616,-24,24,0
4617,-18,18,0
4618,-16,16,0
4619,-8,8,0
4620,11,-11,0
4621,51,-51,0
4622,83,-83,0
4623,86,-86,0
4624,62,-62,0
4625,28,-28,0
4626,-3,3,0
4627,-27,27,0
4628,-34,34,0
4629,-41,41,0
4630,-47,47,0
4631,-60,60,0
4632,-47,47,0
4633,-20,20,0
4634,16,-16,0
4635,54,-54,0
4636,70,-70,0
4637,62,-62,0
4638,43,-43,0
4639,30,-30,0
4640,14,-14,0
4641,-4,4,0
4642,-31,31,0
4643,-54,54,0
4644,-67,67,0
4645,-61,61,0
4646,-33,33,0
4647,0,0,0
4648,22,-22,0
4649,36,-36,0
4650,33,-33,0
4651,34,-34,0
4652,32,-32,0
4653,29,-29,0
4654,12,-12,0
4655,-12,12,0
4656,-32,32,0
4657,-45,45,0
4658,-45,45,0
4659,-36,36,0
4660,-23,23,0
4661,-18,18,0
4662,-11,11,0
4663,-7,7,0
4664,0,0,0
4665,7,-7,0
4666,40,-40,0
4667,73,-73,0
4668,87,-87,0
4669,67,-67,0
4670,32,-32,0
4671,0,0,0
4672,-27,27,0
4673,-38,38,0
4674,-39,39,0
4675,-45,45,0
4676,-53,53,0
4677,-53,53,0
4678,-27,27,0
4679,6,-6,0
4680,46,-46,0
4681,68,-68,0
4682,64,-64,0
4683,45,-45,0
4684,28,-28,0
4685,18,-18,0
4686,-1,1,0
4687,-25,25,0
4688,-51,51,0
4689,-67,67,0
4690,-67,67,0
4691,-37,37,0
4692,0,0,0
4693,25,-25,0
4694,42,-42,0
4695,37,-37,0
4696,32,-32,0
4697,23,-23,0
4698,19,-19,0
4699,4,-4,0
4700,-17,17,0
4701,-31,31,0
4702,-39,39,0
4703,-38,38,0
4704,-34,34,0
4705,-24,24,0
4706,-15,15,0
4707,-13,13,0
4708,-8,8,0
4709,-8,8,0
4710,-6,6,0
4711,8,-8,0
4712,54,-54,0
4713,83,-83,0
4714,80,-80,0
4715,46,-46,0
4716,14,-14,0
4717,-20,20,0
4718,-38,38,0
4719,-34,34,0
4720,-37,37,0
4721,-44,44,0
4722,-51,51,0
4723,-36,36,0
4724,-9,9,0
4725,26,-26,0
4726,60,-60,0
4727,62,-62,0
4728,51,-51,0
4729,23,-23,0
4730,11,-11,0
4731,-1,1,0
4732,-14,14,0
4733,-34,34,0
4734,-54,54,0
4735,-61,61,0
4736,-43,43,0
4737,-7,7,0
4738,21,-21,0
4739,38,-38,0
4740,41,-41,0
4741,25,-25,0
4742,20,-20,0
4743,13,-13,0
4744,7,-7,0
4745,-13,13,0
4746,-27,27,0
4747,-36,36,0
4748,-42,42,0
4749,-35,35,0
4750,-28,28,0
4751,-15,15,0
4752,-9,9,0
4753,-4,4,0
4754,-6,6,0
4755,-9,9,0
4756,-3,3,0
4757,31,-31,0
4758,60,-60,0
4759,88,-88,0
4760,64,-64,0
4761,22,-22,0
4762,0,0,0
4763,-25,25,0
4764,-34,34,0
4765,-27,27,0
4766,-32,32,0
4767,-42,42,0
4768,-46,46,0
4769,-15,15,0
4770,12,-12,0
4771,50,-50,0
4772,63,-63,0
4773,53,-53,0
4774,32,-32,0
4775,14,-14,0
4776,10,-10,0
4777,-8,8,0
4778,-21,21,0
4779,-46,46,0
4780,-54,54,0
4781,-46,46,0
4782,-13,13,0
4783,17,-17,0
4784,33,-33,0
4785,41,-41,0
4786,31,-31,0
4787,19,-19,0
4788,10,-10,0
4789,2,-2,0
4790,-10,10,0
4791,-26,26,0
4792,-31,31,0
4793,-32,32,0
4794,-25,25,0
4795,-17,17,0
4796,-12,12,0
4797,-10,10,0
4798,-4,4,0
4799,-2,2,0
4800,-13,13,0
4801,-15,15,0
4802,-23,23,0
4803,4,-4,0
4804,46,-46,0
4805,85,-85,0
4806,68,-68,0
4807,32,-32,0
4808,12,-12,0
4809,-17,17,0
4810,-25,25,0
4811,-16,16,0
4812,-18,18,0
4813,-32,32,0
4814,-44,44,0
4815,-21,21,0
4816,0,0,0
4817,33,-33,0
4818,52,-52,0
4819,47,-47,0
4820,35,-35,0
4821,18,-18,0
4822,17,-17,0
4823,-7,7,0
4824,-16,16,0
4825,-38,38,0
4826,-42,42,0
4827,-41,41,0
4828,-15,15,0
4829,10,-10,0
4830,26,-26,0
4831,30,-30,0
4832,22,-22,0
4833,8,-8,0
4834,1,-1,0
4835,-1,1,0
4836,-7,7,0
4837,-13,13,0
4838,-14,14,0
4839,-11,11,0
4840,-14,14,0
4841,-14,14,0
4842,-14,14,0
4843,-14,14,0
4844,-15,15,0
4845,-18,18,0
4846,-25,25,0
4847,-29,29,0
4848,-30,30,0
4849,2,-2,0
4850,45,-45,0
4851,84,-84,0
4852,74,-74,0
4853,42,-42,0
4854,22,-22,0
4855,-6,6,0
4856,-16,16,0
4857,-9,9,0
4858,-20,20,0
4859,-36,36,0
4860,-52,52,0
4861,-29,29,0
4862,-7,7,0
4863,21,-21,0
4864,41,-41,0
4865,40,-40,0
4866,34,-34,0
4867,17,-17,0
4868,17,-17,0
4869,-2,2,0
4870,-8,8,0
4871,-30,30,0
4872,-35,35,0
4873,-35,35,0
4874,-13,13,0
4875,6,-6,0
4876,19,-19,0
4877,22,-22,0
4878,16,-16,0
4879,3,-3,0
4880,-1,1,0
4881,-6,6,0
4882,-7,7,0
4883,-13,13,0
4884,-13,13,0
4885,-10,10,0
4886,-14,14,0
4887,-10,10,0
4888,-11,11,0
4889,-10,10,0
4890,-13,13,0
4891,-12,12,0
4892,-17,17,0
4893,-24,24,0
4894,-27,27,0
4895,-21,21,0
4896,28,-28,0
4897,65,-65,0
4898,95,-95,0
4899,70,-70,0
4900,35,-35,0
4901,11,-11,0
4902,-10,10,0
4903,-17,17,0
4904,-22,22,0
4905,-39,39,0
4906,-61,61,0
4907,-61,61,0
4908,-33,33,0
4909,-3,3,0
4910,39,-39,0
4911,53,-53,0
4912,48,-48,0
4913,38,-38,0
4914,28,-28,0
4915,23,-23,0
4916,0,0,0
4917,-12,12,0
4918,-35,35,0
4919,-43,43,0
4920,-37,37,0
4921,-19,19,0
4922,2,-2,0
4923,9,-9,0
4924,16,-16,0
4925,3,-3,0
4926,4,-4,0
4927,1,-1,0
4928,4,-4,0
4929,1,-1,0
4930,0,0,0
4931,-6,6,0
4932,-13,13,0
4933,-12,12,0
4934,-15,15,0
4935,-20,20,0
4936,-22,22,0
4937,-23,23,0
4938,-19,19,0
4939,-23,23,0
4940,-17,17,0
4941,-18,18,0
4942,-4,4,0
4943,50,-50,0
4944,78,-78,0
4945,87,-87,0
4946,57,-57,0
4947,33,-33,0
4948,-2,2,0
4949,-17,17,0
4950,-21,21,0
4951,-37,37,0
4952,-50,50,0
4953,-62,62,0
4954,-43,43,0
4955,-16,16,0
4956,20,-20,0
4957,51,-51,0
4958,58,-58,0
4959,53,-53,0
4960,35,-35,0
4961,28,-28,0
4962,6,-6,0
4963,-10,10,0
4964,-34,34,0
4965,-49,49,0
4966,-50,50,0
4967,-33,33,0
4968,-9,9,0
4969,9,-9,0
4970,16,-16,0
4971,17,-17,0
4972,7,-7,0
4973,10,-10,0
4974,5,-5,0
4975,5,-5,0
4976,-1,1,0
4977,-4,4,0
4978,-6,6,0
4979,-12,12,0
4980,-11,11,0
4981,-20,20,0
4982,-26,26,0
4983,-30,30,0
4984,-20,20,0
4985,-19,19,0
4986,-15,15,0
4987,-14,14,0
4988,-17,17,0
4989,7,-7,0
4990,57,-57,0
4991,88,-88,0
4992,82,-82,0
4993,50,-50,0
4994,19,-19,0
4995,-15,15,0
4996,-25,25,0
4997,-25,25,0
4998,-43,43,0
4999,-56,56,0
5000,-61,61,0
5001,-31,31,0
5002,4,-4,0
5003,45,-45,0
5004,66,-66,0
5005,60,-60,0
5006,52,-52,0
5007,36,-36,0
5008,22,-22,0
5009,-9,9,0
5010,-27,27,0
5011,-51,51,0
5012,-53,53,0
5013,-44,44,0
5014,-17,17,0
5015,1,-1,0
5016,20,-20,0
5017,29,-29,0
5018,29,-29,0
5019,22,-22,0
5020,16,-16,0
5021,6,-6,0
5022,-4,4,0
5023,-9,9,0
5024,-12,12,0
5025,-12,12,0
5026,-17,17,0
5027,-17,17,0
5028,-26,26,0
5029,-25,25,0
5030,-19,19,0
5031,-8,8,0
5032,-8,8,0
5033,-8,8,0
5034,-15,15,0
5035,-15,15,0
5036,25,-25,0
5037,68,-68,0
5038,94,-94,0
5039,68,-68,0
5040,29,-29,0
5041,1,-1,0
5042,-22,22,0
5043,-26,26,0
5044,-31,31,0
5045,-49,49,0
5046,-61,61,0
5047,-48,48,0
5048,-9,9,0
5049,27,-27,0
5050,59,-59,0
5051,66,-66,0
5052,54,-54,0
5053,43,-43,0
5054,18,-18,0
5055,1,-1,0
5056,-35,35,0
5057,-46,46,0
5058,-62,62,0
5059,-51,51,0
5060,-29,29,0
5061,-6,6,0
5062,18,-18,0
5063,27,-27,0
5064,35,-35,0
5065,24,-24,0
5066,17,-17,0
5067,5,-5,0
5068,-7,7,0
5069,-15,15,0
5070,-19,19,0
5071,-16,16,0
5072,-18,18,0
5073,-18,18,0
5074,-21,21,0
5075,-24,24,0
5076,-17,17,0
5077,-11,11,0
5078,0,0,0
5079,-7,7,0
5080,-12,12,0
5081,-16,16,0
5082,-15,15,0
5083,36,-36,0
5084,77,-77,0
5085,98,-98,0
5086,59,-59,0
5087,16,-16,0
5088,-7,7,0
5089,-25,25,0
5090,-21,21,0
5091,-39,39,0
5092,-57,57,0
5093,-67,67,0
5094,-40,40,0
5095,5,-5,0
5096,41,-41,0
5097,65,-65,0
5098,57,-57,0
5099,46,-46,0
5100,38,-38,0
5101,18,-18,0
5102,-9,9,0
5103,-51,51,0
5104,-58,58,0
5105,-68,68,0
5106,-42,42,0
5107,-13,13,0
5108,8,-8,0
5109,29,-29,0
5110,35,-35,0
5111,43,-43,0
5112,24,-24,0
5113,12,-12,0
5114,-8,8,0
5115,-20,20,0
5116,-23,23,0
5117,-20,20,0
5118,-17,17,0
5119,-21,21,0
5120,-18,18,0
5121,-19,19,0
5122,-17,17,0
5123,-8,8,0
5124,-4,4,0
5125,0,0,0
5126,-5,5,0
5127,-13,13,0
5128,-22,22,0
5129,-7,7,0
5130,54,-54,0
5131,79,-79,0
5132,86,-86,0
5133,47,-47,0
5134,15,-15,0
5135,-4,4,0
5136,-13,13,0
5137,-17,17,0
5138,-48,48,0
5139,-60,60,0
5140,-58,58,0
5141,-14,14,0
5142,26,-26,0
5143,51,-51,0
5144,59,-59,0
5145,50,-50,0
5146,44,-44,0
5147,30,-30,0
5148,7,-7,0
5149,-29,29,0
5150,-57,57,0
5151,-63,63,0
5152,-51,51,0
5153,-26,26,0
5154,-3,3,0
5155,16,-16,0
5156,32,-32,0
5157,39,-39,0
5158,36,-36,0
5159,16,-16,0
5160,1,-1,0
5161,-19,19,0
5162,-24,24,0
5163,-24,24,0
5164,-25,25,0
5165,-20,20,0
5166,-18,18,0
5167,-10,10,0
5168,-13,13,0
5169,-8,8,0
5170,-5,5,0
5171,-1,1,0
5172,-5,5,0
5173,-15,15,0
5174,-28,28,0
5175,-35,35,0
5176,9,-9,0
5177,63,-63,0
5178,94,-94,0
5179,68,-68,0
5180,26,-26,0
5181,14,-14,0
5182,-6,6,0
5183,-11,11,0
5184,-31,31,0
5185,-56,56,0
5186,-65,65,0
5187,-40,40,0
5188,13,-13,0
5189,41,-41,0
5190,58,-58,0
5191,52,-52,0
5192,44,-44,0
5193,48,-48,0
5194,23,-23,0
5195,-6,6,0
5196,-58,58,0
5197,-66,66,0
5198,-58,58,0
5199,-33,33,0
5200,-9,9,0
5201,1,-1,0
5202,23,-23,0
5203,40,-40,0
5204,53,-53,0
5205,33,-33,0
5206,8,-8,0
5207,-11,11,0
5208,-25,25,0
5209,-20,20,0
5210,-22,22,0
5211,-21,21,0
5212,-21,21,0
5213,-16,16,0
5214,-10,10,0
5215,-9,9,0
5216,-3,3,0
5217,-1,1,0
5218,-2,2,0
5219,-6,6,0
5220,-17,17,0
5221,-29,29,0
5222,-18,18,0
5223,40,-40,0
5224,73,-73,0
5225,87,-87,0
5226,51,-51,0
5227,18,-18,0
5228,1,-1,0
5229,-7,7,0
5230,-19,19,0
5231,-51,51,0
5232,-62,62,0
5233,-59,59,0
5234,-16,16,0
5235,24,-24,0
5236,40,-40,0
5237,50,-50,0
5238,42,-42,0
5239,47,-47,0
5240,34,-34,0
5241,3,-3,0
5242,-40,40,0
5243,-65,65,0
5244,-58,58,0
5245,-42,42,0
5246,-15,15,0
5247,-1,1,0
5248,15,-15,0
5249,35,-35,0
5250,52,-52,0
5251,47,-47,0
5252,16,-16,0
5253,-10,10,0
5254,-25,25,0
5255,-27,27,0
5256,-22,22,0
5257,-21,21,0
5258,-21,21,0
5259,-19,19,0
5260,-9,9,0
5261,-5,5,0
5262,-2,2,0
5263,3,-3,0
5264,6,-6,0
5265,4,-4,0
5266,-8,8,0
5267,-27,27,0
5268,-35,35,0
5269,11,-11,0
5270,61,-61,0
5271,94,-94,0
5272,59,-59,0
5273,18,-18,0
5274,11,-11,0
5275,0,0,0
5276,-11,11,0
5277,-41,41,0
5278,-63,63,0
5279,-71,71,0
5280,-34,34,0
5281,16,-16,0
5282,35,-35,0
5283,46,-46,0
5284,42,-42,0
5285,42,-42,0
5286,42,-42,0
5287,22,-22,0
5288,-16,16,0
5289,-60,60,0
5290,-61,61,0
5291,-49,49,0
5292,-24,24,0
5293,-11,11,0
5294,0,0,0
5295,24,-24,0
5296,48,-48,0
5297,59,-59,0
5298,32,-32,0
5299,2,-2,0
5300,-19,19,0
5301,-23,23,0
5302,-18,18,0
5303,-22,22,0
5304,-29,29,0
5305,-28,28,0
5306,-12,12,0
5307,-3,3,0
5308,0,0,0
5309,2,-2,0
5310,0,0,0
5311,0,0,0
5312,-11,11,0
5313,-30,30,0
5314,-34,34,0
5315,0,0,0
5316,52,-52,0
5317,89,-89,0
5318,69,-69,0
5319,25,-25,0
5320,21,-21,0
5321,11,-11,0
5322,-1,1,0
5323,-30,30,0
5324,-59,59,0
5325,-70,70,0
5326,-43,43,0
5327,3,-3,0
5328,20,-20,0
5329,27,-27,0
5330,30,-30,0
5331,32,-32,0
5332,40,-40,0
5333,25,-25,0
5334,-5,5,0
5335,-43,43,0
5336,-46,46,0
5337,-45,45,0
5338,-23,23,0
5339,-18,18,0
5340,-3,3,0
5341,15,-15,0
5342,37,-37,0
5343,48,-48,0
5344,27,-27,0
5345,7,-7,0
5346,-14,14,0
5347,-19,19,0
5348,-16,16,0
5349,-21,21,0
5350,-23,23,0
5351,-18,18,0
5352,-7,7,0
5353,0,0,0
5354,-4,4,0
5355,-6,6,0
5356,-8,8,0
5357,-5,5,0
5358,-13,13,0
5359,-23,23,0
5360,-36,36,0
5361,-20,20,0
5362,45,-45,0
5363,81,-81,0
5364,76,-76,0
5365,38,-38,0
5366,22,-22,0
5367,11,-11,0
5368,1,-1,0
5369,-19,19,0
5370,-57,57,0
5371,-72,72,0
5372,-48,48,0
5373,-4,4,0
5374,19,-19,0
5375,27,-27,0
5376,34,-34,0
5377,43,-43,0
5378,53,-53,0
5379,36,-36,0
5380,4,-4,0
5381,-36,36,0
5382,-43,43,0
5383,-39,39,0
5384,-27,27,0
5385,-23,23,0
5386,-11,11,0
5387,10,-10,0
5388,38,-38,0
5389,49,-49,0
5390,35,-35,0
5391,13,-13,0
5392,-2,2,0
5393,-10,10,0
5394,-16,16,0
5395,-20,20,0
5396,-18,18,0
5397,-13,13,0
5398,-3,3,0
5399,0,0,0
5400,-5,5,0
5401,-12,12,0
5402,-7,7,0
5403,-5,5,0
5404,-8,8,0
5405,-27,27,0
5406,-37,37,0
5407,-43,43,0
5408,3,-3,0
5409,58,-58,0
5410,89,-89,0
5411,57,-57,0
5412,23,-23,0
5413,31,-31,0
5414,14,-14,0
5415,-11,11,0
5416,-48,48,0
5417,-71,71,0
5418,-68,68,0
5419,-33,33,0
5420,8,-8,0
5421,10,-10,0
5422,23,-23,0
5423,39,-39,0
5424,50,-50,0
5425,46,-46,0
5426,20,-20,0
5427,-11,11,0
5428,-32,32,0
5429,-24,24,0
5430,-32,32,0
5431,-30,30,0
5432,-27,27,0
5433,-7,7,0
5434,23,-23,0
5435,41,-41,0
5436,46,-46,0
5437,28,-28,0
5438,17,-17,0
5439,4,-4,0
5440,-5,5,0
5441,-13,13,0
5442,-21,21,0
5443,-19,19,0
5444,-11,11,0
5445,-9,9,0
5446,-14,14,0
5447,-18,18,0
5448,-16,16,0
5449,-9,9,0
5450,-10,10,0
5451,-22,22,0
5452,-36,36,0
5453,-37,37,0
5454,-16,16,0
5455,48,-48,0
5456,77,-77,0
5457,65,-65,0
5458,35,-35,0
5459,23,-23,0
5460,12,-12,0
5461,-3,3,0
5462,-25,25,0
5463,-61,61,0
5464,-70,70,0
5465,-40,40,0
5466,-3,3,0
5467,15,-15,0
5468,24,-24,0
5469,39,-39,0
5470,53,-53,0
5471,58,-58,0
5472,34,-34,0
5473,1,-1,0
5474,-28,28,0
5475,-26,26,0
5476,-34,34,0
5477,-35,35,0
5478,-37,37,0
5479,-10,10,0
5480,22,-22,0
5481,49,-49,0
5482,52,-52,0
5483,39,-39,0
5484,24,-24,0
5485,15,-15,0
5486,4,-4,0
5487,-13,13,0
5488,-23,23,0
5489,-22,22,0
5490,-19,19,0
5491,-17,17,0
5492,-21,21,0
5493,-27,27,0
5494,-25,25,0
5495,-15,15,0
5496,-16,16,0
5497,-23,23,0
5498,-40,40,0
5499,-43,43,0
5500,-35,35,0
5501,16,-16,0
5502,67,-67,0
5503,87,-87,0
5504,59,-59,0
5505,27,-27,0
5506,30,-30,0
5507,17,-17,0
5508,-16,16,0
5509,-54,54,0
5510,-73,73,0
5511,-64,64,0
5512,-29,29,0
5513,1,-1,0
5514,11,-11,0
5515,31,-31,0
5516,56,-56,0
5517,68,-68,0
5518,57,-57,0
5519,22,-22,0
5520,-9,9,0
5521,-25,25,0
5522,-33,33,0
5523,-43,43,0
5524,-41,41,0
5525,-29,29,0
5526,-4,4,0
5527,25,-25,0
5528,41,-41,0
5529,40,-40,0
5530,27,-27,0
5531,23,-23,0
5532,10,-10,0
5533,-5,5,0
5534,-15,15,0
5535,-26,26,0
5536,-26,26,0
5537,-21,21,0
5538,-18,18,0
5539,-25,25,0
5540,-22,22,0
5541,-12,12,0
5542,-4,4,0
5543,-7,7,0
5544,-24,24,0
5545,-36,36,0
5546,-38,38,0
5547,-5,5,0
5548,49,-49,0
5549,82,-82,0
5550,60,-60,0
5551,25,-25,0
5552,28,-28,0
5553,19,-19,0
5554,-6,6,0
5555,-35,35,0
5556,-59,59,0
5557,-59,59,0
5558,-30,30,0
5559,2,-2,0
5560,12,-12,0
5561,23,-23,0
5562,46,-46,0
5563,59,-59,0
5564,51,-51,0
5565,21,-21,0
5566,-11,11,0
5567,-23,23,0
5568,-20,20,0
5569,-18,18,0
5570,-40,40,0
5571,-38,38,0
5572,-10,10,0
5573,10,-10,0
5574,35,-35,0
5575,28,-28,0
5576,23,-23,0
5577,21,-21,0
5578,20,-20,0
5579,7,-7,0
5580,-15,15,0
5581,-21,21,0
5582,-19,19,0
5583,-8,8,0
5584,-8,8,0
5585,-14,14,0
5586,-18,18,0
5587,-16,16,0
5588,-2,2,0
5589,-8,8,0
5590,-20,20,0
5591,-34,34,0
5592,-36,36,0
5593,-24,24,0
5594,31,-31,0
5595,72,-72,0
5596,69,-69,0
5597,41,-41,0
5598,26,-26,0
5599,28,-28,0
5600,8,-8,0
5601,-23,23,0
5602,-58,58,0
5603,-66,66,0
5604,-38,38,0
5605,-6,6,0
5606,8,-8,0
5607,17,-17,0
5608,41,-41,0
5609,60,-60,0
5610,61,-61,0
5611,32,-32,0
5612,2,-2,0
5613,-26,26,0
5614,-18,18,0
5615,-20,20,0
5616,-27,27,0
5617,-56,56,0
5618,-25,25,0
5619,2,-2,0
5620,19,-19,0
5621,28,-28,0
5622,11,-11,0
5623,14,-14,0
5624,12,-12,0
5625,8,-8,0
5626,-12,12,0
5627,-23,23,0
5628,-17,17,0
5629,-9,9,0
5630,-2,2,0
5631,-13,13,0
5632,-24,24,0
5633,-23,23,0
5634,-16,16,0
5635,-8,8,0
5636,-17,17,0
5637,-30,30,0
5638,-33,33,0
5639,-28,28,0
5640,3,-3,0
5641,49,-49,0
5642,78,-78,0
5643,59,-59,0
5644,28,-28,0
5645,32,-32,0
5646,20,-20,0
5647,-13,13,0
5648,-42,42,0
5649,-61,61,0
5650,-55,55,0
5651,-28,28,0
5652,0,0,0
5653,8,-8,0
5654,26,-26,0
5655,52,-52,0
5656,62,-62,0
5657,52,-52,0
5658,21,-21,0
5659,-14,14,0
5660,-25,25,0
5661,-26,26,0
5662,-18,18,0
5663,-33,33,0
5664,-34,34,0
5665,-15,15,0
5666,9,-9,0
5667,34,-34,0
5668,26,-26,0
5669,21,-21,0
5670,20,-20,0
5671,18,-18,0
5672,3,-3,0
5673,-15,15,0
5674,-23,23,0
5675,-21,21,0
5676,-7,7,0
5677,-7,7,0
5678,-12,12,0
5679,-14,14,0
5680,-11,11,0
5681,-11,11,0
5682,-8,8,0
5683,-15,15,0
5684,-27,27,0
5685,-27,27,0
5686,-30,30,0
5687,-6,6,0
5688,41,-41,0
5689,82,-82,0
5690,66,-66,0
5691,35,-35,0
5692,30,-30,0
5693,20,-20,0
5694,-1,1,0
5695,-32,32,0
5696,-56,56,0
5697,-58,58,0
5698,-31,31,0
5699,-3,3,0
5700,4,-4,0
5701,22,-22,0
5702,43,-43,0
5703,61,-61,0
5704,54,-54,0
5705,29,-29,0
5706,2,-2,0
5707,-12,12,0
5708,-10,10,0
5709,-21,21,0
5710,-26,26,0
5711,-44,44,0
5712,-26,26,0
5713,10,-10,0
5714,23,-23,0
5715,23,-23,0
5716,12,-12,0
5717,19,-19,0
5718,20,-20,0
5719,10,-10,0
5720,-6,6,0
5721,-22,22,0
5722,-15,15,0
5723,-8,8,0
5724,-11,11,0
5725,-26,26,0
5726,-30,30,0
5727,-25,25,0
5728,-17,17,0
5729,-11,11,0
5730,-23,23,0
5731,-33,33,0
5732,-34,34,0
5733,-22,22,0
5734,23,-23,0
5735,62,-62,0
5736,57,-57,0
5737,37,-37,0
5738,24,-24,0
5739,13,-13,0
5740,-4,4,0
5741,-25,25,0
5742,-42,42,0
5743,-44,44,0
5744,-31,31,0
5745,-18,18,0
5746,-12,12,0
5747,6,-6,0
5748,30,-30,0
5749,49,-49,0
5750,50,-50,0
5751,34,-34,0
5752,20,-20,0
5753,12,-12,0
5754,12,-12,0
5755,-3,3,0
5756,-22,22,0
5757,-25,25,0
5758,-16,16,0
5759,1,-1,0
5760,14,-14,0
5761,20,-20,0
5762,25,-25,0
5763,26,-26,0
5764,20,-20,0
5765,1,-1,0
5766,-17,17,0
5767,-22,22,0
5768,-21,21,0
5769,-21,21,0
5770,-22,22,0
5771,-25,25,0
5772,-17,17,0
5773,-10,10,0
5774,-10,10,0
5775,-10,10,0
5776,-11,11,0
5777,-14,14,0
5778,-15,15,0
5779,-20,20,0
5780,-30,30,0
5781,4,-4,0
5782,47,-47,0
5783,55,-55,0
5784,33,-33,0
5785,14,-14,0
5786,19,-19,0
5787,18,-18,0
5788,-4,4,0
5789,-38,38,0
5790,-55,55,0
5791,-43,43,0
5792,-20,20,0
5793,-8,8,0
5794,0,0,0
5795,21,-21,0
5796,47,-47,0
5797,61,-61,0
5798,48,-48,0
5799,23,-23,0
5800,4,-4,0
5801,2,-2,0
5802,-4,4,0
5803,-24,24,0
5804,-38,38,0
5805,-32,32,0
5806,-5,5,0
5807,13,-13,0
5808,15,-15,0
5809,16,-16,0
5810,23,-23,0
5811,32,-32,0
5812,20,-20,0
5813,0,0,0
5814,-10,10,0
5815,-9,9,0
5816,-9,9,0
5817,-19,19,0
5818,-26,26,0
5819,-23,23,0
5820,-18,18,0
5821,-12,12,0
5822,-12,12,0
5823,-12,12,0
5824,-15,15,0
5825,-15,15,0
5826,-16,16,0
5827,-27,27,0
5828,-4,4,0
5829,36,-36,0
5830,59,-59,0
5831,41,-41,0
5832,12,-12,0
5833,16,-16,0
5834,20,-20,0
5835,0,0,0
5836,-33,33,0
5837,-54,54,0
5838,-46,46,0
5839,-20,20,0
5840,-4,4,0
5841,0,0,0
5842,11,-11,0
5843,40,-40,0
5844,63,-63,0
5845,51,-51,0
5846,26,-26,0
5847,3,-3,0
5848,-4,4,0
5849,-6,6,0
5850,-12,12,0
5851,-27,27,0
5852,-38,38,0
5853,-10,10,0
5854,0,0,0
5855,6,-6,0
5856,14,-14,0
5857,16,-16,0
5858,24,-24,0
5859,17,-17,0
5860,12,-12,0
5861,5,-5,0
5862,1,-1,0
5863,0,0,0
5864,-5,5,0
5865,-11,11,0
5866,-20,20,0
5867,-26,26,0
5868,-28,28,0
5869,-23,23,0
5870,-29,29,0
5871,-34,34,0
5872,-32,32,0
5873,-28,28,0
5874,-13,13,0
5875,26,-26,0
5876,61,-61,0
5877,51,-51,0
5878,26,-26,0
5879,25,-25,0
5880,26,-26,0
5881,7,-7,0
5882,-23,23,0
5883,-47,47,0
5884,-45,45,0
5885,-29,29,0
5886,-13,13,0
5887,-10,10,0
5888,-1,1,0
5889,25,-25,0
5890,50,-50,0
5891,55,-55,0
5892,37,-37,0
5893,14,-14,0
5894,1,-1,0
5895,-2,2,0
5896,-16,16,0
5897,-24,24,0
5898,-36,36,0
5899,-28,28,0
5900,0,0,0
5901,10,-10,0
5902,14,-14,0
5903,15,-15,0
5904,23,-23,0
5905,28,-28,0
5906,17,-17,0
5907,4,-4,0
5908,-5,5,0
5909,-12,12,0
5910,-17,17,0
5911,-23,23,0
5912,-23,23,0
5913,-20,20,0
5914,-19,19,0
5915,-20,20,0
5916,-16,16,0
5917,-16,16,0
5918,-18,18,0
5919,-17,17,0
5920,-21,21,0
5921,-11,11,0
5922,17,-17,0
5923,52,-52,0
5924,46,-46,0
5925,30,-30,0
5926,28,-28,0
5927,36,-36,0
5928,17,-17,0
5929,-13,13,0
5930,-43,43,0
5931,-46,46,0
5932,-33,33,0
5933,-21,21,0
5934,-21,21,0
5935,-10,10,0
5936,18,-18,0
5937,44,-44,0
5938,52,-52,0
5939,37,-37,0
5940,19,-19,0
5941,15,-15,0
5942,10,-10,0
5943,-6,6,0
5944,-19,19,0
5945,-33,33,0
5946,-33,33,0
5947,-10,10,0
5948,0,0,0
5949,9,-9,0
5950,14,-14,0
5951,22,-22,0
5952,29,-29,0
5953,21,-21,0
5954,11,-11,0
5955,-3,3,0
5956,-9,9,0
5957,-11,11,0
5958,-20,20,0
5959,-23,23,0
5960,-26,26,0
5961,-28,28,0
5962,-22,22,0
5963,-12,12,0
5964,-10,10,0
5965,-10,10,0
5966,-12,12,0
5967,-10,10,0
5968,-5,5,0
5969,19,-19,0
5970,54,-54,0
5971,49,-49,0
5972,33,-33,0
5973,27,-27,0
5974,28,-28,0
5975,16,-16,0
5976,-15,15,0
5977,-39,39,0
5978,-41,41,0
5979,-28,28,0
5980,-19,19,0
5981,-20,20,0
5982,-13,13,0
5983,11,-11,0
5984,38,-38,0
5985,43,-43,0
5986,33,-33,0
5987,20,-20,0
5988,19,-19,0
5989,13,-13,0
5990,-8,8,0
5991,-34,34,0
5992,-39,39,0
5993,-30,30,0
5994,-14,14,0
5995,-8,8,0
5996,0,0,0
5997,10,-10,0
5998,21,-21,0
5999,23,-23,0
6000,17,-17,0
6001,14,-14,0
6002,9,-9,0
6003,0,0,0
6004,-10,10,0
6005,-21,21,0
6006,-23,23,0
6007,-26,26,0
6008,-31,31,0
6009,-33,33,0
6010,-30,30,0
6011,-21,21,0
6012,-20,20,0
6013,-17,17,0
6014,-11,11,0
6015,3,-3,0
6016,35,-35,0
6017,65,-65,0
6018,61,-61,0
6019,44,-44,0
6020,38,-38,0
6021,34,-34,0
6022,14,-14,0
6023,-18,18,0
6024,-45,45,0
6025,-45,45,0
6026,-34,34,0
6027,-29,29,0
6028,-31,31,0
6029,-18,18,0
6030,11,-11,0
6031,39,-39,0
6032,45,-45,0
6033,39,-39,0
6034,33,-33,0
6035,34,-34,0
6036,29,-29,0
6037,6,-6,0
6038,-14,14,0
6039,-25,25,0
6040,-28,28,0
6041,-30,30,0
6042,-25,25,0
6043,-23,23,0
6044,-11,11,0
6045,7,-7,0
6046,16,-16,0
6047,17,-17,0
6048,14,-14,0
6049,7,-7,0
6050,3,-3,0
6051,-4,4,0
6052,-16,16,0
6053,-21,21,0
6054,-26,26,0
6055,-31,31,0
6056,-38,38,0
6057,-37,37,0
6058,-35,35,0
6059,-32,32,0
6060,-15,15,0
6061,0,0,0
6062,7,-7,0
6063,26,-26,0
6064,58,-58,0
6065,63,-63,0
6066,61,-61,0
6067,51,-51,0
6068,53,-53,0
6069,37,-37,0
6070,-1,1,0
6071,-45,45,0
6072,-55,55,0
6073,-52,52,0
6074,-49,49,0
6075,-49,49,0
6076,-34,34,0
6077,-5,5,0
6078,24,-24,0
6079,45,-45,0
6080,51,-51,0
6081,52,-52,0
6082,62,-62,0
6083,55,-55,0
6084,31,-31,0
6085,-11,11,0
6086,-22,22,0
6087,-30,30,0
6088,-31,31,0
6089,-36,36,0
6090,-38,38,0
6091,-19,19,0
6092,-4,4,0
6093,10,-10,0
6094,6,-6,0
6095,9,-9,0
6096,15,-15,0
6097,16,-16,0
6098,8,-8,0
6099,-4,4,0
6100,-9,9,0
6101,-13,13,0
6102,-28,28,0
6103,-44,44,0
6104,-46,46,0
6105,-42,42,0
6106,-31,31,0
6107,-23,23,0
6108,-23,23,0
6109,-8,8,0
6110,23,-23,0
6111,62,-62,0
6112,65,-65,0
6113,62,-62,0
6114,54,-54,0
6115,52,-52,0
6116,36,-36,0
6117,-1,1,0
6118,-35,35,0
6119,-47,47,0
6120,-50,50,0
6121,-53,53,0
6122,-55,55,0
6123,-45,45,0
6124,-16,16,0
6125,18,-18,0
6126,37,-37,0
6127,43,-43,0
6128,48,-48,0
6129,62,-62,0
6130,55,-55,0
6131,29,-29,0
6132,-5,5,0
6133,-17,17,0
6134,-21,21,0
6135,-23,23,0
6136,-26,26,0
6137,-30,30,0
6138,-13,13,0
6139,3,-3,0
6140,4,-4,0
6141,2,-2,0
6142,0,0,0
6143,10,-10,0
6144,29,-29,0
6145,31,-31,0
6146,9,-9,0
6147,-18,18,0
6148,-30,30,0
6149,-34,34,0
6150,-37,37,0
6151,-42,42,0
6152,-42,42,0
6153,-40,40,0
6154,-36,36,0
6155,-21,21,0
6156,-1,1,0
6157,40,-40,0
6158,50,-50,0
6159,54,-54,0
6160,49,-49,0
6161,61,-61,0
6162,54,-54,0
6163,31,-31,0
6164,0,0,0
6165,-20,20,0
6166,-38,38,0
6167,-43,43,0
6168,-51,51,0
6169,-52,52,0
6170,-40,40,0
6171,-16,16,0
6172,5,-5,0
6173,19,-19,0
6174,29,-29,0
6175,47,-47,0
6176,62,-62,0
6177,64,-64,0
6178,41,-41,0
6179,19,-19,0
6180,0,0,0
6181,-13,13,0
6182,-29,29,0
6183,-49,49,0
6184,-53,53,0
6185,-45,45,0
6186,-27,27,0
6187,-19,19,0
6188,-7,7,0
6189,11,-11,0
6190,34,-34,0
6191,52,-52,0
6192,51,-51,0
6193,45,-45,0
6194,29,-29,0
6195,11,-11,0
6196,-12,12,0
6197,-30,30,0
6198,-47,47,0
6199,-57,57,0
6200,-72,72,0
6201,-74,74,0
6202,-64,64,0
6203,-40,40,0
6204,-14,14,0
6205,15,-15,0
6206,39,-39,0
6207,74,-74,0
6208,90,-90,0
6209,93,-93,0
6210,74,-74,0
6211,57,-57,0
6212,35,-35,0
6213,6,-6,0
6214,-29,29,0
6215,-64,64,0
6216,-83,83,0
6217,-75,75,0
6218,-60,60,0
6219,-34,34,0
6220,-16,16,0
6221,-3,3,0
6222,33,-33,0
6223,65,-65,0
6224,79,-79,0
6225,76,-76,0
6226,55,-55,0
6227,15,-15,0
6228,-19,19,0
6229,-27,27,0
6230,-34,34,0
6231,-38,38,0
6232,-44,44,0
6233,-38,38,0
6234,-31,31,0
6235,-25,25,0
6236,-11,11,0
6237,-1,1,0
6238,12,-12,0
6239,21,-21,0
6240,25,-25,0
6241,27,-27,0
6242,21,-21,0
6243,10,-10,0
6244,0,0,0
6245,-12,12,0
6246,-22,22,0
6247,-36,36,0
6248,-40,40,0
6249,-30,30,0
6250,-14,14,0
6251,-2,2,0
6252,9,-9,0
6253,24,-24,0
6254,43,-43,0
6255,53,-53,0
6256,55,-55,0
6257,47,-47,0
6258,31,-31,0
6259,11,-11,0
6260,-3,3,0
6261,-17,17,0
6262,-29,29,0
6263,-36,36,0
6264,-34,34,0
6265,-28,28,0
6266,-21,21,0
6267,-20,20,0
6268,-9,9,0
6269,4,-4,0
6270,16,-16,0
6271,24,-24,0
6272,21,-21,0
6273,19,-19,0
6274,23,-23,0
6275,22,-22,0
6276,14,-14,0
6277,0,0,0
6278,-5,5,0
6279,-10,10,0
6280,-11,11,0
6281,-19,19,0
6282,-18,18,0
6283,-13,13,0
6284,-6,6,0
6285,-3,3,0
6286,-1,1,0
6287,0,0,0
6288,6,-6,0
6289,7,-7,0
6290,8,-8,0
6291,0,0,0
6292,-1,1,0
6293,-8,8,0
6294,-14,14,0
6295,-21,21,0
6296,-18,18,0
6297,-12,12,0
6298,-1,1,0
6299,0,0,0
6300,7,-7,0
6301,15,-15,0
6302,28,-28,0
6303,32,-32,0
6304,29,-29,0
6305,17,-17,0
6306,12,-12,0
6307,8,-8,0
6308,5,-5,0
6309,-5,5,0
6310,-13,13,0
6311,-18,18,0
6312,-11,11,0
6313,-10,10,0
6314,-10,10,0
6315,-15,15,0
6316,-14,14,0
6317,-7,7,0
6318,-3,3,0
6319,-4,4,0
6320,-2,2,0
6321,2,-2,0
6322,8,-8,0
6323,12,-12,0
6324,11,-11,0
6325,9,-9,0
6326,9,-9,0
6327,8,-8,0
6328,7,-7,0
6329,3,-3,0
6330,-2,2,0
6331,-5,5,0
6332,-2,2,0
6333,-5,5,0
6334,-8,8,0
6335,-8,8,0
6336,-6,6,0
6337,-7,7,0
6338,-9,9,0
6339,-18,18,0
6340,-22,22,0
6341,-26,26,0
6342,-29,29,0
6343,-25,25,0
6344,-14,14,0
6345,-9,9,0
6346,-5,5,0
6347,3,-3,0
6348,18,-18,0
6349,26,-26,0
6350,30,-30,0
6351,27,-27,0
6352,31,-31,0
6353,31,-31,0
6354,31,-31,0
6355,20,-20,0
6356,11,-11,0
6357,2,-2,0
6358,-1,1,0
6359,-4,4,0
6360,-8,8,0
6361,-18,18,0
6362,-20,20,0
6363,-21,21,0
6364,-18,18,0
6365,-18,18,0
6366,-12,12,0
6367,-6,6,0
6368,4,-4,0
6369,10,-10,0
6370,13,-13,0
6371,13,-13,0
6372,15,-15,0
6373,16,-16,0
6374,16,-16,0
6375,8,-8,0
6376,-3,3,0
6377,-4,4,0
6378,12,-12,0
6379,14,-14,0
6380,1,-1,0
6381,-6,6,0
6382,-15,15,0
6383,-18,18,0
6384,-21,21,0
6385,-23,23,0
6386,-24,24,0
6387,-19,19,0
6388,-17,17,0
6389,-12,12,0
6390,-4,4,0
6391,1,-1,0
6392,4,-4,0
6393,10,-10,0
6394,17,-17,0
6395,23,-23,0
6396,24,-24,0
6397,20,-20,0
6398,13,-13,0
6399,8,-8,0
6400,10,-10,0
6401,10,-10,0
6402,1,-1,0
6403,-3,3,0
6404,-5,5,0
6405,-5,5,0
6406,-4,4,0
6407,-2,2,0
6408,-4,4,0
6409,-6,6,0
6410,-4,4,0
6411,-6,6,0
6412,-6,6,0
6413,-7,7,0
6414,-6,6,0
6415,2,-2,0
6416,13,-13,0
6417,16,-16,0
6418,19,-19,0
6419,20,-20,0
6420,21,-21,0
6421,20,-20,0
6422,15,-15,0
6423,5,-5,0
6424,-2,2,0
6425,-5,5,0
6426,-10,10,0
6427,-15,15,0
6428,-19,19,0
6429,-18,18,0
6430,-16,16,0
6431,-11,11,0
6432,-13,13,0
6433,-18,18,0
6434,-24,24,0
6435,-20,20,0
6436,-15,15,0
6437,-5,5,0
6438,0,0,0
6439,-3,3,0
6440,3,-3,0
6441,17,-17,0
6442,19,-19,0
6443,21,-21,0
6444,18,-18,0
6445,15,-15,0
6446,15,-15,0
6447,16,-16,0
6448,6,-6,0
6449,-6,6,0
6450,-12,12,0
6451,-8,8,0
6452,-7,7,0
6453,-4,4,0
6454,-7,7,0
6455,-9,9,0
6456,-6,6,0
6457,-2,2,0
6458,-6,6,0
6459,-6,6,0
6460,-7,7,0
6461,0,0,0
6462,7,-7,0
6463,11,-11,0
6464,13,-13,0
6465,16,-16,0
6466,21,-21,0
6467,22,-22,0
6468,18,-18,0
6469,9,-9,0
6470,0,0,0
6471,0,0,0
6472,-6,6,0
6473,-14,14,0
6474,-19,19,0
6475,-19,19,0
6476,-18,18,0
6477,-12,12,0
6478,-11,11,0
6479,-10,10,0
6480,-11,11,0
6481,-13,13,0
6482,-11,11,0
6483,-3,3,0
6484,2,-2,0
6485,3,-3,0
6486,0,0,0
6487,7,-7,0
6488,14,-14,0
6489,20,-20,0
6490,17,-17,0
6491,16,-16,0
6492,13,-13,0
6493,17,-17,0
6494,11,-11,0
6495,2,-2,0
6496,-9,9,0
6497,-12,12,0
6498,-13,13,0
6499,-11,11,0
6500,-10,10,0
6501,-14,14,0
6502,-12,12,0
6503,-6,6,0
6504,-8,8,0
6505,-14,14,0
6506,-7,7,0
6507,-3,3,0
6508,6,-6,0
6509,17,-17,0
6510,22,-22,0
6511,20,-20,0
6512,26,-26,0
6513,27,-27,0
6514,20,-20,0
6515,17,-17,0
6516,10,-10,0
6517,1,-1,0
6518,-4,4,0
6519,-6,6,0
6520,-13,13,0
6521,-22,22,0
6522,-21,21,0
6523,-20,20,0
6524,-20,20,0
6525,-21,21,0
6526,-18,18,0
6527,-18,18,0
6528,-12,12,0
6529,-4,4,0
6530,7,-7,0
6531,16,-16,0
6532,13,-13,0
6533,11,-11,0
6534,16,-16,0
6535,25,-25,0
6536,22,-22,0
6537,19,-19,0
6538,11,-11,0
6539,7,-7,0
6540,7,-7,0
6541,6,-6,0
6542,-3,3,0
6543,-14,14,0
6544,-21,21,0
6545,-18,18,0
6546,-17,17,0
6547,-16,16,0
6548,-19,19,0
6549,-14,14,0
6550,-2,2,0
6551,4,-4,0
6552,4,-4,0
6553,7,-7,0
6554,11,-11,0
6555,19,-19,0
6556,24,-24,0
6557,23,-23,0
6558,19,-19,0
6559,16,-16,0
6560,15,-15,0
6561,10,-10,0
6562,0,0,0
6563,-12,12,0
6564,-17,17,0
6565,-17,17,0
6566,-14,14,0
6567,-20,20,0
6568,-24,24,0
6569,-22,22,0
6570,-18,18,0
6571,-15,15,0
6572,-16,16,0
6573,-22,22,0
6574,-20,20,0
6575,-11,11,0
6576,6,-6,0
6577,26,-26,0
6578,27,-27,0
6579,20,-20,0
6580,23,-23,0
6581,33,-33,0
6582,34,-34,0
6583,24,-24,0
6584,6,-6,0
6585,-5,5,0
6586,-10,10,0
6587,-11,11,0
6588,-22,22,0
6589,-37,37,0
6590,-38,38,0
6591,-27,27,0
6592,-14,14,0
6593,-7,7,0
6594,-5,5,0
6595,4,-4,0
6596,28,-28,0
6597,48,-48,0
6598,46,-46,0
6599,28,-28,0
6600,18,-18,0
6601,17,-17,0
6602,11,-11,0
6603,-6,6,0
6604,-23,23,0
6605,-30,30,0
6606,-22,22,0
6607,-9,9,0
6608,-10,10,0
6609,-14,14,0
6610,-11,11,0
6611,1,-1,0
6612,13,-13,0
6613,9,-9,0
6614,0,0,0
6615,-6,6,0
6616,-3,3,0
6617,-1,1,0
6618,-14,14,0
6619,-29,29,0
6620,-38,38,0
6621,-29,29,0
6622,1,-1,0
6623,24,-24,0
6624,17,-17,0
6625,8,-8,0
6626,24,-24,0
6627,53,-53,0
6628,49,-49,0
6629,31,-31,0
6630,11,-11,0
6631,0,0,0
6632,4,-4,0
6633,0,0,0
6634,-21,21,0
6635,-44,44,0
6636,-45,45,0
6637,-27,27,0
6638,-13,13,0
6639,-9,9,0
6640,-8,8,0
6641,-2,2,0
6642,27,-27,0
6643,55,-55,0
6644,53,-53,0
6645,25,-25,0
6646,12,-12,0
6647,10,-10,0
6648,12,-12,0
6649,-3,3,0
6650,-34,34,0
6651,-42,42,0
6652,-31,31,0
6653,-13,13,0
6654,-5,5,0
6655,-10,10,0
6656,-7,7,0
6657,9,-9,0
6658,30,-30,0
6659,26,-26,0
6660,10,-10,0
6661,-3,3,0
6662,-7,7,0
6663,-14,14,0
6664,-28,28,0
6665,-45,45,0
6666,-52,52,0
6667,-32,32,0
6668,9,-9,0
6669,31,-31,0
6670,24,-24,0
6671,17,-17,0
6672,35,-35,0
6673,54,-54,0
6674,53,-53,0
6675,28,-28,0
6676,1,-1,0
6677,-17,17,0
6678,-11,11,0
6679,-15,15,0
6680,-33,33,0
6681,-53,53,0
6682,-48,48,0
6683,-27,27,0
6684,-2,2,0
6685,5,-5,0
6686,11,-11,0
6687,18,-18,0
6688,46,-46,0
6689,64,-64,0
6690,52,-52,0
6691,16,-16,0
6692,5,-5,0
6693,-4,4,0
6694,-6,6,0
6695,-25,25,0
6696,-48,48,0
6697,-48,48,0
6698,-35,35,0
6699,-3,3,0
6700,3,-3,0
6701,3,-3,0
6702,5,-5,0
6703,22,-22,0
6704,33,-33,0
6705,25,-25,0
6706,7,-7,0
6707,-10,10,0
6708,-16,16,0
6709,-23,23,0
6710,-36,36,0
6711,-52,52,0
6712,-49,49,0
6713,-23,23,0
6714,18,-18,0
6715,34,-34,0
6716,37,-37,0
6717,32,-32,0
6718,49,-49,0
6719,60,-60,0
6720,50,-50,0
6721,18,-18,0
6722,-13,13,0
6723,-35,35,0
6724,-35,35,0
6725,-35,35,0
6726,-43,43,0
6727,-54,54,0
6728,-44,44,0
6729,-19,19,0
6730,6,-6,0
6731,20,-20,0
6732,25,-25,0
6733,34,-34,0
6734,58,-58,0
6735,63,-63,0
6736,43,-43,0
6737,6,-6,0
6738,-22,22,0
6739,-25,25,0
6740,-34,34,0
6741,-36,36,0
6742,-47,47,0
6743,-45,45,0
6744,-20,20,0
6745,4,-4,0
6746,22,-22,0
6747,27,-27,0
6748,33,-33,0
6749,34,-34,0
6750,33,-33,0
6751,17,-17,0
6752,-4,4,0
6753,-27,27,0
6754,-43,43,0
6755,-54,54,0
6756,-62,62,0
6757,-52,52,0
6758,-20,20,0
6759,18,-18,0
6760,44,-44,0
6761,50,-50,0
6762,57,-57,0
6763,70,-70,0
6764,75,-75,0
6765,61,-61,0
6766,29,-29,0
6767,-10,10,0
6768,-36,36,0
6769,-48,48,0
6770,-57,57,0
6771,-65,65,0
6772,-61,61,0
6773,-44,44,0
6774,-19,19,0
6775,7,-7,0
6776,26,-26,0
6777,34,-34,0
6778,41,-41,0
6779,51,-51,0
6780,44,-44,0
6781,18,-18,0
6782,-6,6,0
6783,-28,28,0
6784,-36,36,0
6785,-38,38,0
6786,-37,37,0
6787,-32,32,0
6788,-23,23,0
6789,0,0,0
6790,21,-21,0
6791,37,-37,0
6792,40,-40,0
6793,37,-37,0
6794,31,-31,0
6795,20,-20,0
6796,1,-1,0
6797,-19,19,0
6798,-33,33,0
6799,-45,45,0
6800,-54,54,0
6801,-56,56,0
6802,-53,53,0
6803,-38,38,0
6804,4,-4,0
6805,51,-51,0
6806,67,-67,0
6807,71,-71,0
6808,69,-69,0
6809,70,-70,0
6810,63,-63,0
6811,37,-37,0
6812,-2,2,0
6813,-42,42,0
6814,-64,64,0
6815,-63,63,0
6816,-59,59,0
6817,-60,60,0
6818,-50,50,0
6819,-24,24,0
6820,9,-9,0
6821,48,-48,0
6822,64,-64,0
6823,61,-61,0
6824,52,-52,0
6825,54,-54,0
6826,39,-39,0
6827,8,-8,0
6828,-26,26,0
6829,-54,54,0
6830,-60,60,0
6831,-49,49,0
6832,-41,41,0
6833,-31,31,0
6834,-18,18,0
6835,10,-10,0
6836,34,-34,0
6837,46,-46,0
6838,43,-43,0
6839,33,-33,0
6840,19,-19,0
6841,5,-5,0
6842,-7,7,0
6843,-29,29,0
6844,-50,50,0
6845,-64,64,0
6846,-69,69,0
6847,-57,57,0
6848,-25,25,0
6849,27,-27,0
6850,64,-64,0
6851,75,-75,0
6852,71,-71,0
6853,74,-74,0
6854,67,-67,0
6855,49,-49,0
6856,16,-16,0
6857,-28,28,0
6858,-65,65,0
6859,-78,78,0
6860,-67,67,0
6861,-53,53,0
6862,-43,43,0
6863,-28,28,0
6864,-3,3,0
6865,32,-32,0
6866,63,-63,0
6867,74,-74,0
6868,67,-67,0
6869,47,-47,0
6870,25,-25,0
6871,0,0,0
6872,-22,22,0
6873,-41,41,0
6874,-61,61,0
6875,-57,57,0
6876,-44,44,0
6877,-24,24,0
6878,-7,7,0
6879,9,-9,0
6880,22,-22,0
6881,31,-31,0
6882,35,-35,0
6883,34,-34,0
6884,22,-22,0
6885,7,-7,0
6886,-11,11,0
6887,-24,24,0
6888,-41,41,0
6889,-54,54,0
6890,-64,64,0
6891,-67,67,0
6892,-55,55,0
6893,-17,17,0
6894,41,-41,0
6895,86,-86,0
6896,90,-90,0
6897,77,-77,0
6898,60,-60,0
6899,50,-50,0
6900,29,-29,0
6901,1,-1,0
6902,-40,40,0
6903,-78,78,0
6904,-93,93,0
6905,-76,76,0
6906,-49,49,0
6907,-25,25,0
6908,0,0,0
6909,23,-23,0
6910,50,-50,0
6911,76,-76,0
6912,88,-88,0
6913,72,-72,0
6914,39,-39,0
6915,3,-3,0
6916,-22,22,0
6917,-42,42,0
6918,-52,52,0
6919,-64,64,0
6920,-58,58,0
6921,-40,40,0
6922,-12,12,0
6923,14,-14,0
6924,31,-31,0
6925,40,-40,0
6926,39,-39,0
6927,36,-36,0
6928,28,-28,0
6929,12,-12,0
6930,-8,8,0
6931,-28,28,0
6932,-39,39,0
6933,-47,47,0
6934,-47,47,0
6935,-50,50,0
6936,-44,44,0
6937,-34,34,0
6938,-1,1,0
6939,45,-45,0
6940,86,-86,0
6941,85,-85,0
6942,66,-66,0
6943,47,-47,0
6944,28,-28,0
6945,14,-14,0
6946,-8,8,0
6947,-40,40,0
6948,-70,70,0
6949,-82,82,0
6950,-62,62,0
6951,-33,33,0
6952,0,0,0
6953,16,-16,0
6954,33,-33,0
6955,45,-45,0
6956,60,-60,0
6957,65,-65,0
6958,48,-48,0
6959,15,-15,0
6960,-12,12,0
6961,-36,36,0
6962,-43,43,0
6963,-48,48,0
6964,-43,43,0
6965,-40,40,0
6966,-22,22,0
6967,0,0,0
6968,23,-23,0
6969,38,-38,0
6970,41,-41,0
6971,33,-33,0
6972,22,-22,0
6973,11,-11,0
6974,0,0,0
6975,-15,15,0
6976,-33,33,0
6977,-43,43,0
6978,-47,47,0
6979,-46,46,0
6980,-41,41,0
6981,-31,31,0
6982,-15,15,0
6983,22,-22,0
6984,66,-66,0
6985,91,-91,0
6986,82,-82,0
6987,58,-58,0
6988,36,-36,0
6989,14,-14,0
6990,-9,9,0
6991,-32,32,0
6992,-61,61,0
6993,-81,81,0
6994,-75,75,0
6995,-50,50,0
6996,-16,16,0
6997,14,-14,0
6998,35,-35,0
6999,41,-41,0
7000,50,-50,0
7001,57,-57,0
7002,53,-53,0
7003,31,-31,0
7004,0,0,0
7005,-34,34,0
7006,-57,57,0
7007,-68,68,0
7008,-60,60,0
7009,-50,50,0
7010,-28,28,0
7011,-1,1,0
7012,27,-27,0
7013,49,-49,0
7014,55,-55,0
7015,49,-49,0
7016,31,-31,0
7017,12,-12,0
7018,0,0,0
7019,-12,12,0
7020,-26,26,0
7021,-41,41,0
7022,-49,49,0
7023,-48,48,0
7024,-41,41,0
7025,-29,29,0
7026,-13,13,0
7027,0,0,0
7028,33,-33,0
7029,69,-69,0
7030,92,-92,0
7031,77,-77,0
7032,50,-50,0
7033,23,-23,0
7034,0,0,0
7035,-14,14,0
7036,-24,24,0
7037,-41,41,0
7038,-59,59,0
7039,-61,61,0
7040,-33,33,0
7041,-4,4,0
7042,27,-27,0
7043,43,-43,0
7044,48,-48,0
7045,40,-40,0
7046,36,-36,0
7047,28,-28,0
7048,15,-15,0
7049,-12,12,0
7050,-40,40,0
7051,-62,62,0
7052,-55,55,0
7053,-39,39,0
7054,-19,19,0
7055,-7,7,0
7056,3,-3,0
7057,17,-17,0
7058,32,-32,0
7059,43,-43,0
7060,39,-39,0
7061,19,-19,0
7062,0,0,0
7063,-11,11,0
7064,-20,20,0
7065,-30,30,0
7066,-40,40,0
7067,-45,45,0
7068,-44,44,0
7069,-34,34,0
7070,-18,18,0
7071,-5,5,0
7072,8,-8,0
7073,40,-40,0
7074,71,-71,0
7075,87,-87,0
7076,63,-63,0
7077,33,-33,0
7078,2,-2,0
7079,-21,21,0
7080,-35,35,0
7081,-44,44,0
7082,-55,55,0
7083,-61,61,0
7084,-50,50,0
7085,-20,20,0
7086,14,-14,0
7087,47,-47,0
7088,57,-57,0
7089,57,-57,0
7090,43,-43,0
7091,34,-34,0
7092,21,-21,0
7093,6,-6,0
7094,-18,18,0
7095,-44,44,0
7096,-62,62,0
7097,-56,56,0
7098,-34,34,0
7099,-9,9,0
7100,10,-10,0
7101,23,-23,0
7102,30,-30,0
7103,41,-41,0
7104,44,-44,0
7105,39,-39,0
7106,16,-16,0
7107,-8,8,0
7108,-24,24,0
7109,-31,31,0
7110,-31,31,0
7111,-31,31,0
7112,-34,34,0
7113,-36,36,0
7114,-27,27,0
7115,-16,16,0
7116,-1,1,0
7117,8,-8,0
7118,24,-24,0
7119,54,-54,0
7120,76,-76,0
7121,69,-69,0
7122,44,-44,0
7123,13,-13,0
7124,-9,9,0
7125,-29,29,0
7126,-38,38,0
7127,-49,49,0
7128,-52,52,0
7129,-50,50,0
7130,-24,24,0
7131,6,-6,0
7132,39,-39,0
7133,56,-56,0
7134,58,-58,0
7135,43,-43,0
7136,27,-27,0
7137,13,-13,0
7138,-1,1,0
7139,-25,25,0
7140,-50,50,0
7141,-62,62,0
7142,-53,53,0
7143,-34,34,0
7144,-4,4,0
7145,12,-12,0
7146,25,-25,0
7147,30,-30,0
7148,31,-31,0
7149,33,-33,0
7150,27,-27,0
7151,13,-13,0
7152,-6,6,0
7153,-22,22,0
7154,-25,25,0
7155,-30,30,0
7156,-28,28,0
7157,-31,31,0
7158,-27,27,0
7159,-21,21,0
7160,-12,12,0
7161,-4,4,0
7162,0,0,0
7163,14,-14,0
7164,47,-47,0
7165,73,-73,0
7166,65,-65,0
7167,38,-38,0
7168,11,-11,0
7169,-18,18,0
7170,-28,28,0
7171,-27,27,0
7172,-32,32,0
7173,-40,40,0
7174,-41,41,0
7175,-19,19,0
7176,7,-7,0
7177,36,-36,0
7178,52,-52,0
7179,45,-45,0
7180,30,-30,0
7181,16,-16,0
7182,9,-9,0
7183,0,0,0
7184,-16,16,0
7185,-39,39,0
7186,-54,54,0
7187,-48,48,0
7188,-31,31,0
7189,2,-2,0
7190,22,-22,0
7191,32,-32,0
7192,31,-31,0
7193,28,-28,0
7194,28,-28,0
7195,23,-23,0
7196,11,-11,0
7197,-11,11,0
7198,-28,28,0
7199,-30,30,0
7200,-27,27,0
7201,-18,18,0
7202,-19,19,0
7203,-13,13,0
7204,-12,12,0
7205,-7,7,0
7206,-1,1,0
7207,3,-3,0
7208,1,-1,0
7209,17,-17,0
7210,38,-38,0
7211,60,-60,0
7212,43,-43,0
7213,19,-19,0
7214,-6,6,0
7215,-27,27,0
7216,-34,34,0
7217,-25,25,0
7218,-30,30,0
7219,-35,35,0
7220,-33,33,0
7221,-8,8,0
7222,11,-11,0
7223,37,-37,0
7224,45,-45,0
7225,39,-39,0
7226,21,-21,0
7227,11,-11,0
7228,0,0,0
7229,-8,8,0
7230,-29,29,0
7231,-38,38,0
7232,-51,51,0
7233,-37,37,0
7234,-15,15,0
7235,13,-13,0
7236,30,-30,0
7237,39,-39,0
7238,34,-34,0
7239,26,-26,0
7240,13,-13,0
7241,4,-4,0
7242,-11,11,0
7243,-18,18,0
7244,-16,16,0
7245,-8,8,0
7246,-4,4,0
7247,-1,1,0
7248,-5,5,0
7249,-9,9,0
7250,-11,11,0
7251,-12,12,0
7252,-11,11,0
7253,-15,15,0
7254,-5,5,0
7255,30,-30,0
7256,53,-53,0
7257,53,-53,0
7258,23,-23,0
7259,-3,3,0
7260,-25,25,0
7261,-27,27,0
7262,-22,22,0
7263,-21,21,0
7264,-29,29,0
7265,-38,38,0
7266,-25,25,0
7267,-1,1,0
7268,25,-25,0
7269,43,-43,0
7270,41,-41,0
7271,30,-30,0
7272,13,-13,0
7273,16,-16,0
7274,2,-2,0
7275,-8,8,0
7276,-29,29,0
7277,-42,42,0
7278,-38,38,0
7279,-18,18,0
7280,10,-10,0
7281,26,-26,0
7282,32,-32,0
7283,28,-28,0
7284,20,-20,0
7285,15,-15,0
7286,9,-9,0
7287,2,-2,0
7288,-8,8,0
7289,-16,16,0
7290,-13,13,0
7291,-10,10,0
7292,-2,2,0
7293,-4,4,0
7294,-3,3,0
7295,-8,8,0
7296,-5,5,0
7297,-10,10,0
7298,-10,10,0
7299,-23,23,0
7300,-23,23,0
7301,10,-10,0
7302,36,-36,0
7303,55,-55,0
7304,43,-43,0
7305,16,-16,0
7306,-1,1,0
7307,-9,9,0
7308,-9,9,0
7309,-8,8,0
7310,-19,19,0
7311,-34,34,0
7312,-35,35,0
7313,-17,17,0
7314,0,0,0
7315,25,-25,0
7316,32,-32,0
7317,28,-28,0
7318,17,-17,0
7319,19,-19,0
7320,11,-11,0
7321,-4,4,0
7322,-21,21,0
7323,-32,32,0
7324,-37,37,0
7325,-21,21,0
7326,-2,2,0
7327,14,-14,0
7328,21,-21,0
7329,22,-22,0
7330,17,-17,0
7331,7,-7,0
7332,0,0,0
7333,-1,1,0
7334,-7,7,0
7335,-8,8,0
7336,-8,8,0
7337,-3,3,0
7338,-3,3,0
7339,-3,3,0
7340,-9,9,0
7341,-15,15,0
7342,-23,23,0
7343,-26,26,0
7344,-29,29,0
7345,-34,34,0
7346,-27,27,0
7347,17,-17,0
7348,51,-51,0
7349,78,-78,0
7350,62,-62,0
7351,35,-35,0
7352,13,-13,0
7353,0,0,0
7354,-10,10,0
7355,-12,12,0
7356,-30,30,0
7357,-51,51,0
7358,-53,53,0
7359,-28,28,0
7360,-3,3,0
7361,29,-29,0
7362,38,-38,0
7363,38,-38,0
7364,25,-25,0
7365,27,-27,0
7366,12,-12,0
7367,0,0,0
7368,-26,26,0
7369,-40,40,0
7370,-45,45,0
7371,-31,31,0
7372,-6,6,0
7373,12,-12,0
7374,21,-21,0
7375,25,-25,0
7376,16,-16,0
7377,9,-9,0
7378,1,-1,0
7379,0,0,0
7380,-8,8,0
7381,-8,8,0
7382,-7,7,0
7383,-4,4,0
7384,-4,4,0
7385,-5,5,0
7386,-9,9,0
7387,-14,14,0
7388,-22,22,0
7389,-28,28,0
7390,-32,32,0
7391,-32,32,0
7392,-33,33,0
7393,-4,4,0
7394,32,-32,0
7395,74,-74,0
7396,70,-70,0
7397,51,-51,0
7398,30,-30,0
7399,-1,1,0
7400,-8,8,0
7401,-15,15,0
7402,-29,29,0
7403,-47,47,0
7404,-54,54,0
7405,-32,32,0
7406,-9,9,0
7407,22,-22,0
7408,47,-47,0
7409,51,-51,0
7410,48,-48,0
7411,31,-31,0
7412,26,-26,0
7413,2,-2,0
7414,-13,13,0
7415,-23,23,0
7416,-35,35,0
7417,-29,29,0
7418,-19,19,0
7419,1,-1,0
7420,13,-13,0
7421,14,-14,0
7422,14,-14,0
7423,0,0,0
7424,2,-2,0
7425,0,0,0
7426,1,-1,0
7427,0,0,0
7428,0,0,0
7429,5,-5,0
7430,1,-1,0
7431,2,-2,0
7432,-7,7,0
7433,-14,14,0
7434,-25,25,0
7435,-23,23,0
7436,-28,28,0
7437,-26,26,0
7438,-28,28,0
7439,-32,32,0
7440,9,-9,0
7441,47,-47,0
7442,87,-87,0
7443,73,-73,0
7444,41,-41,0
7445,21,-21,0
7446,-15,15,0
7447,-20,20,0
7448,-25,25,0
7449,-35,35,0
7450,-51,51,0
7451,-54,54,0
7452,-22,22,0
7453,0,0,0
7454,43,-43,0
7455,62,-62,0
7456,64,-64,0
7457,46,-46,0
7458,29,-29,0
7459,11,-11,0
7460,-17,17,0
7461,-28,28,0
7462,-45,45,0
7463,-51,51,0
7464,-39,39,0
7465,-22,22,0
7466,1,-1,0
7467,12,-12,0
7468,21,-21,0
7469,14,-14,0
7470,11,-11,0
7471,8,-8,0
7472,7,-7,0
7473,4,-4,0
7474,-1,1,0
7475,-1,1,0
7476,-4,4,0
7477,-6,6,0
7478,-11,11,0
7479,-22,22,0
7480,-27,27,0
7481,-32,32,0
7482,-26,26,0
7483,-24,24,0
7484,-22,22,0
7485,-21,21,0
7486,-19,19,0
7487,30,-30,0
7488,68,-68,0
7489,99,-99,0
7490,75,-75,0
7491,37,-37,0
7492,5,-5,0
7493,-26,26,0
7494,-33,33,0
7495,-39,39,0
7496,-49,49,0
7497,-59,59,0
7498,-49,49,0
7499,-12,12,0
7500,23,-23,0
7501,69,-69,0
7502,81,-81,0
7503,75,-75,0
7504,47,-47,0
7505,22,-22,0
7506,-1,1,0
7507,-26,26,0
7508,-51,51,0
7509,-70,70,0
7510,-67,67,0
7511,-48,48,0
7512,-15,15,0
7513,14,-14,0
7514,32,-32,0
7515,37,-37,0
7516,27,-27,0
7517,22,-22,0
7518,14,-14,0
7519,7,-7,0
7520,-1,1,0
7521,-9,9,0
7522,-12,12,0
7523,-16,16,0
7524,-20,20,0
7525,-21,21,0
7526,-26,26,0
7527,-23,23,0
7528,-21,21,0
7529,-9,9,0
7530,-13,13,0
7531,-15,15,0
7532,-17,17,0
7533,-14,14,0
7534,36,-36,0
7535,70,-70,0
7536,93,-93,0
7537,67,-67,0
7538,24,-24,0
7539,-7,7,0
7540,-28,28,0
7541,-27,27,0
7542,-37,37,0
7543,-46,46,0
7544,-53,53,0
7545,-36,36,0
7546,1,-1,0
7547,39,-39,0
7548,75,-75,0
7549,75,-75,0
7550,61,-61,0
7551,25,-25,0
7552,4,-4,0
7553,-20,20,0
7554,-39,39,0
7555,-54,54,0
7556,-62,62,0
7557,-49,49,0
7558,-28,28,0
7559,4,-4,0
7560,32,-32,0
7561,38,-38,0
7562,38,-38,0
7563,19,-19,0
7564,16,-16,0
7565,-1,1,0
7566,-5,5,0
7567,-16,16,0
7568,-19,19,0
7569,-17,17,0
7570,-19,19,0
7571,-15,15,0
7572,-18,18,0
7573,-19,19,0
7574,-14,14,0
7575,-12,12,0
7576,-2,2,0
7577,-11,11,0
7578,-13,13,0
7579,-19,19,0
7580,-20,20,0
7581,24,-24,0
7582,64,-64,0
7583,90,-90,0
7584,62,-62,0
7585,22,-22,0
7586,0,0,0
7587,-24,24,0
7588,-28,28,0
7589,-33,33,0
7590,-44,44,0
7591,-51,51,0
7592,-36,36,0
7593,4,-4,0
7594,35,-35,0
7595,71,-71,0
7596,69,-69,0
7597,54,-54,0
7598,24,-24,0
7599,3,-3,0
7600,-17,17,0
7601,-44,44,0
7602,-56,56,0
7603,-58,58,0
7604,-41,41,0
7605,-12,12,0
7606,19,-19,0
7607,42,-42,0
7608,42,-42,0
7609,40,-40,0
7610,18,-18,0
7611,5,-5,0
7612,-10,10,0
7613,-19,19,0
7614,-27,27,0
7615,-25,25,0
7616,-17,17,0
7617,-19,19,0
7618,-14,14,0
7619,-14,14,0
7620,-18,18,0
7621,-9,9,0
7622,-5,5,0
7623,0,0,0
7624,-6,6,0
7625,-8,8,0
7626,-16,16,0
7627,-13,13,0
7628,23,-23,0
7629,58,-58,0
7630,82,-82,0
7631,54,-54,0
7632,20,-20,0
7633,4,-4,0
7634,-20,20,0
7635,-25,25,0
7636,-33,33,0
7637,-47,47,0
7638,-52,52,0
7639,-28,28,0
7640,11,-11,0
7641,39,-39,0
7642,70,-70,0
7643,66,-66,0
7644,45,-45,0
7645,21,-21,0
7646,-5,5,0
7647,-30,30,0
7648,-53,53,0
7649,-53,53,0
7650,-45,45,0
7651,-21,21,0
7652,8,-8,0
7653,32,-32,0
7654,48,-48,0
7655,48,-48,0
7656,40,-40,0
7657,14,-14,0
7658,-8,8,0
7659,-31,31,0
7660,-47,47,0
7661,-49,49,0
7662,-44,44,0
7663,-27,27,0
7664,-15,15,0
7665,-2,2,0
7666,2,-2,0
7667,-1,1,0
7668,0,0,0
7669,-3,3,0
7670,2,-2,0
7671,-7,7,0
7672,-16,16,0
7673,-21,21,0
7674,-17,17,0
7675,33,-33,0
7676,63,-63,0
7677,78,-78,0
7678,46,-46,0
7679,18,-18,0
7680,2,-2,0
7681,-7,7,0
7682,-9,9,0
7683,-26,26,0
7684,-42,42,0
7685,-46,46,0
7686,-22,22,0
7687,14,-14,0
7688,42,-42,0
7689,70,-70,0
7690,60,-60,0
7691,39,-39,0
7692,15,-15,0
7693,0,0,0
7694,-25,25,0
7695,-49,49,0
7696,-54,54,0
7697,-49,49,0
7698,-20,20,0
7699,2,-2,0
7700,27,-27,0
7701,34,-34,0
7702,32,-32,0
7703,27,-27,0
7704,3,-3,0
7705,-10,10,0
7706,-29,29,0
7707,-31,31,0
7708,-29,29,0
7709,-21,21,0
7710,-13,13,0
7711,-11,11,0
7712,-3,3,0
7713,-5,5,0
7714,-1,1,0
7715,4,-4,0
7716,1,-1,0
7717,1,-1,0
7718,-16,16,0
7719,-25,25,0
7720,-36,36,0
7721,-18,18,0
7722,42,-42,0
7723,71,-71,0
7724,69,-69,0
7725,39,-39,0
7726,19,-19,0
7727,-11,11,0
7728,-13,13,0
7729,-18,18,0
7730,-48,48,0
7731,-60,60,0
7732,-45,45,0
7733,-4,4,0
7734,30,-30,0
7735,56,-56,0
7736,67,-67,0
7737,50,-50,0
7738,36,-36,0
7739,7,-7,0
7740,-8,8,0
7741,-44,44,0
7742,-53,53,0
7743,-55,55,0
7744,-39,39,0
7745,-10,10,0
7746,11,-11,0
7747,29,-29,0
7748,33,-33,0
7749,33,-33,0
7750,20,-20,0
7751,0,0,0
7752,-13,13,0
7753,-29,29,0
7754,-28,28,0
7755,-28,28,0
7756,-19,19,0
7757,-13,13,0
7758,-6,6,0
7759,0,0,0
7760,-3,3,0
7761,2,-2,0
7762,4,-4,0
7763,7,-7,0
7764,-8,8,0
7765,-22,22,0
7766,-33,33,0
7767,-30,30,0
7768,32,-32,0
7769,62,-62,0
7770,76,-76,0
7771,40,-40,0
7772,13,-13,0
7773,3,-3,0
7774,-3,3,0
7775,-2,2,0
7776,-29,29,0
7777,-43,43,0
7778,-46,46,0
7779,-9,9,0
7780,26,-26,0
7781,42,-42,0
7782,51,-51,0
7783,36,-36,0
7784,32,-32,0
7785,11,-11,0
7786,-5,5,0
7787,-35,35,0
7788,-57,57,0
7789,-52,52,0
7790,-31,31,0
7791,-6,6,0
7792,13,-13,0
7793,27,-27,0
7794,36,-36,0
7795,36,-36,0
7796,29,-29,0
7797,2,-2,0
7798,-18,18,0
7799,-36,36,0
7800,-38,38,0
7801,-35,35,0
7802,-23,23,0
7803,-12,12,0
7804,-4,4,0
7805,3,-3,0
7806,4,-4,0
7807,6,-6,0
7808,4,-4,0
7809,3,-3,0
7810,-8,8,0
7811,-20,20,0
7812,-32,32,0
7813,-33,33,0
7814,23,-23,0
7815,60,-60,0
7816,88,-88,0
7817,56,-56,0
7818,20,-20,0
7819,16,-16,0
7820,1,-1,0
7821,-13,13,0
7822,-38,38,0
7823,-56,56,0
7824,-63,63,0
7825,-27,27,0
7826,14,-14,0
7827,32,-32,0
7828,42,-42,0
7829,48,-48,0
7830,42,-42,0
7831,31,-31,0
7832,8,-8,0
7833,-26,26,0
7834,-51,51,0
7835,-49,49,0
7836,-33,33,0
7837,-10,10,0
7838,9,-9,0
7839,23,-23,0
7840,38,-38,0
7841,41,-41,0
7842,34,-34,0
7843,5,-5,0
7844,-15,15,0
7845,-31,31,0
7846,-37,37,0
7847,-35,35,0
7848,-27,27,0
7849,-21,21,0
7850,-11,11,0
7851,-1,1,0
7852,2,-2,0
7853,4,-4,0
7854,6,-6,0
7855,5,-5,0
7856,-6,6,0
7857,-24,24,0
7858,-38,38,0
7859,-36,36,0
7860,11,-11,0
7861,60,-60,0
7862,95,-95,0
7863,60,-60,0
7864,26,-26,0
7865,23,-23,0
7866,5,-5,0
7867,-14,14,0
7868,-41,41,0
7869,-64,64,0
7870,-68,68,0
7871,-33,33,0
7872,11,-11,0
7873,27,-27,0
7874,39,-39,0
7875,46,-46,0
7876,47,-47,0
7877,43,-43,0
7878,13,-13,0
7879,-18,18,0
7880,-55,55,0
7881,-52,52,0
7882,-41,41,0
7883,-20,20,0
7884,-7,7,0
7885,5,-5,0
7886,24,-24,0
7887,37,-37,0
7888,39,-39,0
7889,16,-16,0
7890,-4,4,0
7891,-18,18,0
7892,-21,21,0
7893,-18,18,0
7894,-18,18,0
7895,-14,14,0
7896,-12,12,0
7897,-9,9,0
7898,-6,6,0
7899,-10,10,0
7900,-2,2,0
7901,1,-1,0
7902,-7,7,0
7903,-22,22,0
7904,-27,27,0
7905,-33,33,0
7906,21,-21,0
7907,65,-65,0
7908,92,-92,0
7909,57,-57,0
7910,17,-17,0
7911,17,-17,0
7912,4,-4,0
7913,-12,12,0
7914,-43,43,0
7915,-62,62,0
7916,-62,62,0
7917,-25,25,0
7918,15,-15,0
7919,26,-26,0
7920,36,-36,0
7921,35,-35,0
7922,48,-48,0
7923,42,-42,0
7924,12,-12,0
7925,-28,28,0
7926,-57,57,0
7927,-48,48,0
7928,-38,38,0
7929,-20,20,0
7930,-11,11,0
7931,1,-1,0
7932,26,-26,0
7933,39,-39,0
7934,36,-36,0
7935,11,-11,0
7936,-10,10,0
7937,-18,18,0
7938,-17,17,0
7939,-13,13,0
7940,-11,11,0
7941,-11,11,0
7942,-4,4,0
7943,0,0,0
7944,-6,6,0
7945,-13,13,0
7946,-9,9,0
7947,-6,6,0
7948,-11,11,0
7949,-24,24,0
7950,-30,30,0
7951,-27,27,0
7952,35,-35,0
7953,72,-72,0
7954,89,-89,0
7955,52,-52,0
7956,16,-16,0
7957,8,-8,0
7958,1,-1,0
7959,-19,19,0
7960,-56,56,0
7961,-66,66,0
7962,-58,58,0
7963,-15,15,0
7964,18,-18,0
7965,30,-30,0
7966,37,-37,0
7967,43,-43,0
7968,52,-52,0
7969,43,-43,0
7970,13,-13,0
7971,-27,27,0
7972,-56,56,0
7973,-52,52,0
7974,-32,32,0
7975,-24,24,0
7976,-9,9,0
7977,5,-5,0
7978,31,-31,0
7979,47,-47,0
7980,39,-39,0
7981,11,-11,0
7982,-7,7,0
7983,-19,19,0
7984,-16,16,0
7985,-13,13,0
7986,-15,15,0
7987,-11,11,0
7988,-1,1,0
7989,2,-2,0
7990,-3,3,0
7991,-10,10,0
7992,-14,14,0
7993,-9,9,0
7994,-15,15,0
7995,-25,25,0
7996,-32,32,0
7997,-22,22,0
7998,45,-45,0
7999,74,-74,0
8000,83,-83,0
8001,49,-49,0
8002,19,-19,0
8003,9,-9,0
8004,1,-1,0
8005,-21,21,0
8006,-60,60,0
8007,-64,64,0
8008,-46,46,0
8009,-6,6,0
8010,22,-22,0
8011,28,-28,0
8012,36,-36,0
8013,45,-45,0
8014,53,-53,0
8015,36,-36,0
8016,12,-12,0
8017,-28,28,0
8018,-43,43,0
8019,-46,46,0
8020,-32,32,0
8021,-25,25,0
8022,-10,10,0
8023,10,-10,0
8024,26,-26,0
8025,38,-38,0
8026,28,-28,0
8027,7,-7,0
8028,-11,11,0
8029,-18,18,0
8030,-16,16,0
8031,-15,15,0
8032,-11,11,0
8033,-8,8,0
8034,-2,2,0
8035,0,0,0
8036,-8,8,0
8037,-15,15,0
8038,-20,20,0
8039,-17,17,0
8040,-26,26,0
8041,-31,31,0
8042,-31,31,0
8043,-24,24,0
8044,36,-36,0
8045,70,-70,0
8046,83,-83,0
8047,50,-50,0
8048,22,-22,0
8049,12,-12,0
8050,0,0,0
8051,-29,29,0
8052,-62,62,0
8053,-66,66,0
8054,-44,44,0
8055,-4,4,0
8056,24,-24,0
8057,29,-29,0
8058,37,-37,0
8059,49,-49,0
8060,53,-53,0
8061,37,-37,0
8062,6,-6,0
8063,-23,23,0
8064,-36,36,0
8065,-42,42,0
8066,-31,31,0
8067,-27,27,0
8068,-8,8,0
8069,6,-6,0
8070,26,-26,0
8071,35,-35,0
8072,28,-28,0
8073,11,-11,0
8074,-6,6,0
8075,-15,15,0
8076,-23,23,0
8077,-19,19,0
8078,-13,13,0
8079,-7,7,0
8080,2,-2,0
8081,0,0,0
8082,-4,4,0
8083,-12,12,0
8084,-17,17,0
8085,-20,20,0
8086,-28,28,0
8087,-30,30,0
8088,-32,32,0
8089,-27,27,0
8090,22,-22,0
8091,60,-60,0
8092,78,-78,0
8093,54,-54,0
8094,27,-27,0
8095,20,-20,0
8096,4,-4,0
8097,-24,24,0
8098,-55,55,0
8099,-60,60,0
8100,-45,45,0
8101,-14,14,0
8102,15,-15,0
8103,21,-21,0
8104,36,-36,0
8105,47,-47,0
8106,52,-52,0
8107,37,-37,0
8108,11,-11,0
8109,-17,17,0
8110,-25,25,0
8111,-31,31,0
8112,-25,25,0
8113,-23,23,0
8114,-12,12,0
8115,5,-5,0
8116,23,-23,0
8117,30,-30,0
8118,26,-26,0
8119,16,-16,0
8120,5,-5,0
8121,-5,5,0
8122,-19,19,0
8123,-23,23,0
8124,-20,20,0
8125,-15,15,0
8126,-4,4,0
8127,-2,2,0
8128,-7,7,0
8129,-8,8,0
8130,-8,8,0
8131,-9,9,0
8132,-18,18,0
8133,-29,29,0
8134,-31,31,0
8135,-26,26,0
8136,16,-16,0
8137,55,-55,0
8138,81,-81,0
8139,51,-51,0
8140,23,-23,0
8141,25,-25,0
8142,6,-6,0
8143,-21,21,0
8144,-50,50,0
8145,-57,57,0
8146,-49,49,0
8147,-19,19,0
8148,10,-10,0
8149,17,-17,0
8150,34,-34,0
8151,48,-48,0
8152,55,-55,0
8153,44,-44,0
8154,19,-19,0
8155,-10,10,0
8156,-26,26,0
8157,-25,25,0
8158,-25,25,0
8159,-32,32,0
8160,-21,21,0
8161,-7,7,0
8162,14,-14,0
8163,21,-21,0
8164,18,-18,0
8165,12,-12,0
8166,6,-6,0
8167,2,-2,0
8168,-8,8,0
8169,-9,9,0
8170,-8,8,0
8171,-4,4,0
8172,0,0,0
8173,-6,6,0
8174,-16,16,0
8175,-24,24,0
8176,-22,22,0
8177,-21,21,0
8178,-24,24,0
8179,-31,31,0
8180,-27,27,0
8181,-25,25,0
8182,16,-16,0
8183,50,-50,0
8184,77,-77,0
8185,50,-50,0
8186,30,-30,0
8187,32,-32,0
8188,11,-11,0
8189,-16,16,0
8190,-46,46,0
8191,-53,53,0
8192,-46,46,0
8193,-16,16,0
8194,11,-11,0
8195,22,-22,0
8196,41,-41,0
8197,54,-54,0
8198,55,-55,0
8199,39,-39,0
8200,14,-14,0
8201,-6,6,0
8202,-7,7,0
8203,-23,23,0
8204,-29,29,0
8205,-48,48,0
8206,-32,32,0
8207,-5,5,0
8208,3,-3,0
8209,12,-12,0
8210,7,-7,0
8211,11,-11,0
8212,7,-7,0
8213,-1,1,0
8214,-15,15,0
8215,-21,21,0
8216,-14,14,0
8217,-10,10,0
8218,-6,6,0
8219,-9,9,0
8220,-11,11,0
8221,-12,12,0
8222,-11,11,0
8223,-15,15,0
8224,-21,21,0
8225,-28,28,0
8226,-32,32,0
8227,-24,24,0
8228,11,-11,0
8229,44,-44,0
8230,71,-71,0
8231,48,-48,0
8232,28,-28,0
8233,28,-28,0
8234,15,-15,0
8235,-11,11,0
8236,-38,38,0
8237,-47,47,0
8238,-43,43,0
8239,-18,18,0
8240,2,-2,0
8241,12,-12,0
8242,29,-29,0
8243,47,-47,0
8244,56,-56,0
8245,43,-43,0
8246,19,-19,0
8247,-7,7,0
8248,-14,14,0
8249,-17,17,0
8250,-17,17,0
8251,-41,41,0
8252,-20,20,0
8253,-9,9,0
8254,4,-4,0
8255,13,-13,0
8256,4,-4,0
8257,7,-7,0
8258,6,-6,0
8259,10,-10,0
8260,-5,5,0
8261,-16,16,0
8262,-13,13,0
8263,-11,11,0
8264,-2,2,0
8265,-8,8,0
8266,-15,15,0
8267,-20,20,0
8268,-14,14,0
8269,-11,11,0
8270,-18,18,0
8271,-28,28,0
8272,-23,23,0
8273,-22,22,0
8274,13,-13,0
8275,48,-48,0
8276,70,-70,0
8277,49,-49,0
8278,27,-27,0
8279,30,-30,0
8280,10,-10,0
8281,-12,12,0
8282,-38,38,0
8283,-48,48,0
8284,-46,46,0
8285,-24,24,0
8286,-2,2,0
8287,5,-5,0
8288,25,-25,0
8289,43,-43,0
8290,52,-52,0
8291,45,-45,0
8292,27,-27,0
8293,4,-4,0
8294,-3,3,0
8295,1,-1,0
8296,-7,7,0
8297,-25,25,0
8298,-22,22,0
8299,-24,24,0
8300,-4,4,0
8301,-8,8,0
8302,-7,7,0
8303,0,0,0
8304,6,-6,0
8305,16,-16,0
8306,6,-6,0
8307,0,0,0
8308,-5,5,0
8309,-1,1,0
8310,3,-3,0
8311,-3,3,0
8312,-13,13,0
8313,-18,18,0
8314,-13,13,0
8315,-9,9,0
8316,-16,16,0
8317,-28,28,0
8318,-32,32,0
8319,-29,29,0
8320,-14,14,0
8321,33,-33,0
8322,53,-53,0
8323,55,-55,0
8324,42,-42,0
8325,33,-33,0
8326,20,-20,0
8327,3,-3,0
8328,-27,27,0
8329,-51,51,0
8330,-52,52,0
8331,-37,37,0
8332,-15,15,0
8333,-2,2,0
8334,15,-15,0
8335,33,-33,0
8336,49,-49,0
8337,49,-49,0
8338,29,-29,0
8339,12,-12,0
8340,1,-1,0
8341,0,0,0
8342,-14,14,0
8343,-29,29,0
8344,-32,32,0
8345,-22,22,0
8346,-2,2,0
8347,7,-7,0
8348,15,-15,0
8349,22,-22,0
8350,26,-26,0
8351,20,-20,0
8352,0,0,0
8353,-12,12,0
8354,-17,17,0
8355,-13,13,0
8356,-15,15,0
8357,-16,16,0
8358,-11,11,0
8359,-3,3,0
8360,-3,3,0
8361,-8,8,0
8362,-12,12,0
8363,-15,15,0
8364,-13,13,0
8365,-9,9,0
8366,-17,17,0
8367,-11,11,0
8368,24,-24,0
8369,43,-43,0
8370,42,-42,0
8371,24,-24,0
8372,10,-10,0
8373,12,-12,0
8374,11,-11,0
8375,-12,12,0
8376,-40,40,0
8377,-47,47,0
8378,-27,27,0
8379,-8,8,0
8380,2,-2,0
8381,7,-7,0
8382,23,-23,0
8383,43,-43,0
8384,49,-49,0
8385,32,-32,0
8386,8,-8,0
8387,-8,8,0
8388,-13,13,0
8389,-8,8,0
8390,-17,17,0
8391,-13,13,0
8392,-10,10,0
8393,3,-3,0
8394,18,-18,0
8395,15,-15,0
8396,11,-11,0
8397,3,-3,0
8398,2,-2,0
8399,-2,2,0
8400,-8,8,0
8401,-10,10,0
8402,-10,10,0
8403,-7,7,0
8404,-7,7,0
8405,-9,9,0
8406,-14,14,0
8407,-18,18,0
8408,-16,16,0
8409,-13,13,0
8410,-13,13,0
8411,-19,19,0
8412,-24,24,0
8413,-24,24,0
8414,-2,2,0
8415,25,-25,0
8416,54,-54,0
8417,34,-34,0
8418,20,-20,0
8419,19,-19,0
8420,14,-14,0
8421,-2,2,0
8422,-28,28,0
8423,-43,43,0
8424,-40,40,0
8425,-18,18,0
8426,-1,1,0
8427,1,-1,0
8428,16,-16,0
8429,37,-37,0
8430,52,-52,0
8431,48,-48,0
8432,25,-25,0
8433,1,-1,0
8434,-4,4,0
8435,-10,10,0
8436,-15,15,0
8437,-29,29,0
8438,-25,25,0
8439,-20,20,0
8440,5,-5,0
8441,17,-17,0
8442,14,-14,0
8443,18,-18,0
8444,13,-13,0
8445,14,-14,0
8446,0,0,0
8447,-8,8,0
8448,-14,14,0
8449,-14,14,0
8450,-11,11,0
8451,-15,15,0
8452,-14,14,0
8453,-13,13,0
8454,-12,12,0
8455,-13,13,0
8456,-11,11,0
8457,-11,11,0
8458,-19,19,0
8459,-21,21,0
8460,-27,27,0
8461,-15,15,0
8462,23,-23,0
8463,46,-46,0
8464,42,-42,0
8465,28,-28,0
8466,21,-21,0
8467,18,-18,0
8468,1,-1,0
8469,-29,29,0
8470,-49,49,0
8471,-42,42,0
8472,-20,20,0
8473,-5,5,0
8474,3,-3,0
8475,23,-23,0
8476,50,-50,0
8477,74,-74,0
8478,67,-67,0
8479,46,-46,0
8480,25,-25,0
8481,13,-13,0
8482,-7,7,0
8483,-32,32,0
8484,-55,55,0
8485,-59,59,0
8486,-38,38,0
8487,-15,15,0
8488,0,0,0
8489,17,-17,0
8490,20,-20,0
8491,25,-25,0
8492,12,-12,0
8493,0,0,0
8494,-12,12,0
8495,-22,22,0
8496,-23,23,0
8497,-17,17,0
8498,-14,14,0
8499,-7,7,0
8500,0,0,0
8501,1,-1,0
8502,-1,1,0
8503,-4,4,0
8504,-8,8,0
8505,-14,14,0
8506,-28,28,0
8507,-38,38,0
8508,-32,32,0
8509,-8,8,0
8510,30,-30,0
8511,58,-58,0
8512,47,-47,0
8513,33,-33,0
8514,23,-23,0
8515,23,-23,0
8516,10,-10,0
8517,-18,18,0
8518,-35,35,0
8519,-35,35,0
8520,-24,24,0
8521,-21,21,0
8522,-13,13,0
8523,11,-11,0
8524,38,-38,0
8525,58,-58,0
8526,56,-56,0
8527,44,-44,0
8528,28,-28,0
8529,20,-20,0
8530,2,-2,0
8531,-19,19,0
8532,-45,45,0
8533,-39,39,0
8534,-28,28,0
8535,-15,15,0
8536,-13,13,0
8537,-7,7,0
8538,12,-12,0
8539,23,-23,0
8540,22,-22,0
8541,14,-14,0
8542,6,-6,0
8543,6,-6,0
8544,1,-1,0
8545,-9,9,0
8546,-19,19,0
8547,-16,16,0
8548,-10,10,0
8549,-9,9,0
8550,-12,12,0
8551,-12,12,0
8552,-2,2,0
8553,0,0,0
8554,-6,6,0
8555,-11,11,0
8556,-19,19,0
8557,-6,6,0
8558,20,-20,0
8559,35,-35,0
8560,21,-21,0
8561,16,-16,0
8562,20,-20,0
8563,26,-26,0
8564,14,-14,0
8565,-8,8,0
8566,-21,21,0
8567,-17,17,0
8568,-13,13,0
8569,-18,18,0
8570,-23,23,0
8571,-10,10,0
8572,12,-12,0
8573,28,-28,0
8574,32,-32,0
8575,29,-29,0
8576,27,-27,0
8577,26,-26,0
8578,14,-14,0
8579,-4,4,0
8580,-15,15,0
8581,-27,27,0
8582,-27,27,0
8583,-25,25,0
8584,-27,27,0
8585,-12,12,0
8586,-8,8,0
8587,-2,2,0
8588,-2,2,0
8589,0,0,0
8590,0,0,0
8591,-1,1,0
8592,0,0,0
8593,0,0,0
8594,2,-2,0
8595,6,-6,0
8596,6,-6,0
8597,9,-9,0
8598,6,-6,0
8599,2,-2,0
8600,-6,6,0
8601,-23,23,0
8602,-33,33,0
8603,-34,34,0
8604,-41,41,0
8605,-23,23,0
8606,12,-12,0
8607,44,-44,0
8608,30,-30,0
8609,21,-21,0
8610,19,-19,0
8611,14,-14,0
8612,4,-4,0
8613,-2,2,0
8614,-12,12,0
8615,-24,24,0
8616,-27,27,0
8617,-15,15,0
8618,-4,4,0
8619,11,-11,0
8620,20,-20,0
8621,12,-12,0
8622,33,-33,0
8623,38,-38,0
8624,39,-39,0
8625,39,-39,0
8626,13,-13,0
8627,-9,9,0
8628,-21,21,0
8629,-33,33,0
8630,-46,46,0
8631,-47,47,0
8632,-34,34,0
8633,-18,18,0
8634,-8,8,0
8635,-4,4,0
8636,-6,6,0
8637,-1,1,0
8638,4,-4,0
8639,12,-12,0
8640,15,-15,0
8641,11,-11,0
8642,7,-7,0
8643,7,-7,0
8644,3,-3,0
8645,-2,2,0
8646,-10,10,0
8647,-19,19,0
8648,-21,21,0
8649,-20,20,0
8650,-23,23,0
8651,-23,23,0
8652,-24,24,0
8653,-13,13,0
8654,13,-13,0
8655,38,-38,0
8656,42,-42,0
8657,33,-33,0
8658,30,-30,0
8659,34,-34,0
8660,25,-25,0
8661,0,0,0
8662,-21,21,0
8663,-26,26,0
8664,-21,21,0
8665,-20,20,0
8666,-19,19,0
8667,-7,7,0
8668,13,-13,0
8669,28,-28,0
8670,32,-32,0
8671,27,-27,0
8672,23,-23,0
8673,25,-25,0
8674,18,-18,0
8675,7,-7,0
8676,-12,12,0
8677,-22,22,0
8678,-27,27,0
8679,-20,20,0
8680,-20,20,0
8681,-15,15,0
8682,-5,5,0
8683,1,-1,0
8684,10,-10,0
8685,11,-11,0
8686,11,-11,0
8687,13,-13,0
8688,15,-15,0
8689,14,-14,0
8690,8,-8,0
8691,6,-6,0
8692,0,0,0
8693,-8,8,0
8694,-16,16,0
8695,-21,21,0
8696,-21,21,0
8697,-21,21,0
8698,-23,23,0
8699,-19,19,0
8700,-12,12,0
8701,-4,4,0
8702,17,-17,0
8703,40,-40,0
8704,52,-52,0
8705,43,-43,0
8706,37,-37,0
8707,37,-37,0
8708,26,-26,0
8709,2,-2,0
8710,-22,22,0
8711,-35,35,0
8712,-30,30,0
8713,-31,31,0
8714,-33,33,0
8715,-25,25,0
8716,-6,6,0
8717,13,-13,0
8718,23,-23,0
8719,22,-22,0
8720,23,-23,0
8721,29,-29,0
8722,28,-28,0
8723,18,-18,0
8724,1,-1,0
8725,-9,9,0
8726,-18,18,0
8727,-22,22,0
8728,-28,28,0
8729,-29,29,0
8730,-26,26,0
8731,-17,17,0
8732,-9,9,0
8733,0,0,0
8734,8,-8,0
8735,14,-14,0
8736,21,-21,0
8737,20,-20,0
8738,16,-16,0
8739,10,-10,0
8740,4,-4,0
8741,-3,3,0
8742,-16,16,0
8743,-28,28,0
8744,-32,32,0
8745,-34,34,0
8746,-33,33,0
8747,-29,29,0
8748,-22,22,0
8749,-9,9,0
8750,18,-18,0
8751,45,-45,0
8752,50,-50,0
8753,42,-42,0
8754,35,-35,0
8755,38,-38,0
8756,29,-29,0
8757,5,-5,0
8758,-20,20,0
8759,-27,27,0
8760,-27,27,0
8761,-33,33,0
8762,-41,41,0
8763,-34,34,0
8764,-15,15,0
8765,7,-7,0
8766,20,-20,0
8767,23,-23,0
8768,28,-28,0
8769,38,-38,0
8770,43,-43,0
8771,34,-34,0
8772,13,-13,0
8773,-3,3,0
8774,-11,11,0
8775,-20,20,0
8776,-32,32,0
8777,-40,40,0
8778,-35,35,0
8779,-25,25,0
8780,-13,13,0
8781,-6,6,0
8782,2,-2,0
8783,17,-17,0
8784,26,-26,0
8785,25,-25,0
8786,21,-21,0
8787,20,-20,0
8788,15,-15,0
8789,4,-4,0
8790,-13,13,0
8791,-26,26,0
8792,-31,31,0
8793,-31,31,0
8794,-38,38,0
8795,-39,39,0
8796,-35,35,0
8797,-19,19,0
8798,7,-7,0
8799,33,-33,0
8800,36,-36,0
8801,35,-35,0
8802,42,-42,0
8803,52,-52,0
8804,43,-43,0
8805,19,-19,0
8806,-3,3,0
8807,-12,12,0
8808,-22,22,0
8809,-35,35,0
8810,-53,53,0
8811,-53,53,0
8812,-39,39,0
8813,-20,20,0
8814,-11,11,0
8815,-3,3,0
8816,13,-13,0
8817,35,-35,0
8818,48,-48,0
8819,45,-45,0
8820,40,-40,0
8821,31,-31,0
8822,17,-17,0
8823,7,-7,0
8824,-11,11,0
8825,-23,23,0
8826,-33,33,0
8827,-31,31,0
8828,-31,31,0
8829,-26,26,0
8830,-17,17,0
8831,-4,4,0
8832,13,-13,0
8833,18,-18,0
8834,21,-21,0
8835,20,-20,0
8836,22,-22,0
8837,16,-16,0
8838,6,-6,0
8839,-3,3,0
8840,-10,10,0
8841,-14,14,0
8842,-22,22,0
8843,-29,29,0
8844,-33,33,0
8845,-26,26,0
8846,-8,8,0
8847,6,-6,0
8848,4,-4,0
8849,12,-12,0
8850,20,-20,0
8851,35,-35,0
8852,35,-35,0
8853,29,-29,0
8854,20,-20,0
8855,17,-17,0
8856,11,-11,0
8857,0,0,0
8858,-15,15,0
8859,-22,22,0
8860,-22,22,0
8861,-16,16,0
8862,-15,15,0
8863,-16,16,0
8864,-7,7,0
8865,10,-10,0
8866,20,-20,0
8867,24,-24,0
8868,20,-20,0
8869,19,-19,0
8870,21,-21,0
8871,21,-21,0
8872,7,-7,0
8873,-3,3,0
8874,-6,6,0
8875,-6,6,0
8876,-9,9,0
8877,-16,16,0
8878,-18,18,0
8879,-14,14,0
8880,-5,5,0
8881,-5,5,0
8882,-8,8,0
8883,-4,4,0
8884,4,-4,0
8885,6,-6,0
8886,3,-3,0
8887,0,0,0
8888,-1,1,0
8889,-1,1,0
8890,-5,5,0
8891,-10,10,0
8892,-14,14,0
8893,-16,16,0
8894,-13,13,0
8895,-5,5,0
8896,0,0,0
8897,0,0,0
8898,3,-3,0
8899,10,-10,0
8900,16,-16,0
8901,14,-14,0
8902,7,-7,0
8903,3,-3,0
8904,3,-3,0
8905,2,-2,0
8906,-2,2,0
8907,-9,9,0
8908,-9,9,0
8909,-5,5,0
8910,0,0,0
8911,1,-1,0
8912,5,-5,0
8913,11,-11,0
8914,16,-16,0
8915,16,-16,0
8916,9,-9,0
8917,3,-3,0
8918,-2,2,0
8919,-3,3,0
8920,-4,4,0
8921,-9,9,0
8922,-9,9,0
8923,-8,8,0
8924,-3,3,0
8925,1,-1,0
8926,1,-1,0
8927,2,-2,0
8928,3,-3,0
8929,8,-8,0
8930,6,-6,0
8931,2,-2,0
8932,1,-1,0
8933,2,-2,0
8934,3,-3,0
8935,1,-1,0
8936,-2,2,0
8937,-7,7,0
8938,-12,12,0
8939,-15,15,0
8940,-21,21,0
8941,-24,24,0
8942,-21,21,0
8943,-11,11,0
8944,-1,1,0
8945,2,-2,0
8946,3,-3,0
8947,8,-8,0
8948,15,-15,0
8949,19,-19,0
8950,16,-16,0
8951,12,-12,0
8952,7,-7,0
8953,5,-5,0
8954,6,-6,0
8955,2,-2,0
8956,-2,2,0
8957,-3,3,0
8958,0,0,0
8959,0,0,0
8960,0,0,0
8961,3,-3,0
8962,3,-3,0
8963,7,-7,0
8964,7,-7,0
8965,1,-1,0
8966,-2,2,0
8967,-2,2,0
8968,-1,1,0
8969,0,0,0
8970,0,0,0
8971,-3,3,0
8972,-5,5,0
8973,-3,3,0
8974,-4,4,0
8975,-5,5,0
8976,-4,4,0
8977,-4,4,0
8978,0,0,0
8979,2,-2,0
8980,3,-3,0
8981,3,-3,0
8982,0,0,0
8983,2,-2,0
8984,0,0,0
8985,-6,6,0
8986,-9,9,0
8987,-14,14,0
8988,-16,16,0
8989,-15,15,0
8990,-12,12,0
8991,-7,7,0
8992,-7,7,0
8993,-6,6,0
8994,2,-2,0
8995,8,-8,0
8996,11,-11,0
8997,10,-10,0
8998,8,-8,0
8999,7,-7,0
9000,9,-9,0
9001,9,-9,0
9002,5,-5,0
9003,2,-2,0
9004,1,-1,0
9005,5,-5,0
9006,4,-4,0
9007,2,-2,0
9008,2,-2,0
9009,0,0,0
9010,0,0,0
9011,0,0,0
9012,0,0,0
9013,-2,2,0
9014,-3,3,0
9015,0,0,0
9016,0,0,0
9017,-2,2,0
9018,-2,2,0
9019,0,0,0
9020,0,0,0
9021,1,-1,0
9022,0,0,0
9023,-2,2,0
9024,-3,3,0
9025,-1,1,0
9026,0,0,0
9027,0,0,0
9028,0,0,0
9029,1,-1,0
9030,2,-2,0
9031,2,-2,0
9032,0,0,0
9033,-4,4,0
9034,-7,7,0
9035,-9,9,0
9036,-12,12,0
9037,-9,9,0
9038,-3,3,0
9039,-5,5,0
9040,-4,4,0
9041,0,0,0
9042,1,-1,0
9043,10,-10,0
9044,11,-11,0
9045,10,-10,0
9046,9,-9,0
9047,12,-12,0
9048,11,-11,0
9049,9,-9,0
9050,5,-5,0
9051,4,-4,0
9052,3,-3,0
9053,6,-6,0
9054,0,0,0
9055,-3,3,0
9056,-4,4,0
9057,-3,3,0
9058,-3,3,0
9059,-3,3,0
9060,-5,5,0
9061,-4,4,0
9062,0,0,0
9063,2,-2,0
9064,2,-2,0
9065,3,-3,0
9066,2,-2,0
9067,3,-3,0
9068,3,-3,0
9069,0,0,0
9070,-7,7,0
9071,-8,8,0
9072,-3,3,0
9073,-3,3,0
9074,-3,3,0
9075,-4,4,0
9076,-6,6,0
9077,-3,3,0
9078,-1,1,0
9079,-1,1,0
9080,-2,2,0
9081,-7,7,0
9082,-8,8,0
9083,-12,12,0
9084,-13,13,0
9085,-8,8,0
9086,-7,7,0
9087,-6,6,0
9088,-2,2,0
9089,4,-4,0
9090,11,-11,0
9091,12,-12,0
9092,11,-11,0
9093,14,-14,0
9094,16,-16,0
9095,15,-15,0
9096,11,-11,0
9097,4,-4,0
9098,-1,1,0
9099,-1,1,0
9100,2,-2,0
9101,1,-1,0
9102,-5,5,0
9103,-10,10,0
9104,-8,8,0
9105,-6,6,0
9106,-5,5,0
9107,-6,6,0
9108,-6,6,0
9109,-1,1,0
9110,3,-3,0
9111,4,-4,0
9112,4,-4,0
9113,5,-5,0
9114,6,-6,0
9115,6,-6,0
9116,4,-4,0
9117,1,-1,0
9118,-2,2,0
9119,0,0,0
9120,1,-1,0
9121,1,-1,0
9122,-1,1,0
9123,-2,2,0
9124,-2,2,0
9125,-1,1,0
9126,-1,1,0
9127,-3,3,0
9128,-8,8,0
9129,-11,11,0
9130,-12,12,0
9131,-15,15,0
9132,-7,7,0
9133,0,0,0
9134,4,-4,0
9135,3,-3,0
9136,6,-6,0
9137,12,-12,0
9138,17,-17,0
9139,16,-16,0
9140,15,-15,0
9141,8,-8,0
9142,8,-8,0
9143,5,-5,0
9144,2,-2,0
9145,-3,3,0
9146,-3,3,0
9147,-1,1,0
9148,0,0,0
9149,-2,2,0
9150,-7,7,0
9151,-10,10,0
9152,-6,6,0
9153,-1,1,0
9154,-1,1,0
9155,-2,2,0
9156,-2,2,0
9157,3,-3,0
9158,6,-6,0
9159,7,-7,0
9160,5,-5,0
9161,3,-3,0
9162,0,0,0
9163,3,-3,0
9164,-1,1,0
9165,-5,5,0
9166,-7,7,0
9167,-6,6,0
9168,-4,4,0
9169,-3,3,0
9170,-2,2,0
9171,-1,1,0
9172,1,-1,0
9173,3,-3,0
9174,0,0,0
9175,-5,5,0
9176,-8,8,0
9177,-13,13,0
9178,-13,13,0
9179,-8,8,0
9180,-1,1,0
9181,3,-3,0
9182,1,-1,0
9183,4,-4,0
9184,12,-12,0
9185,19,-19,0
9186,21,-21,0
9187,19,-19,0
9188,18,-18,0
9189,16,-16,0
9190,15,-15,0
9191,7,-7,0
9192,-5,5,0
9193,-15,15,0
9194,-19,19,0
9195,-18,18,0
9196,-16,16,0
9197,-20,20,0
9198,-19,19,0
9199,-10,10,0
9200,-1,1,0
9201,1,-1,0
9202,2,-2,0
9203,1,-1,0
9204,4,-4,0
9205,9,-9,0
9206,14,-14,0
9207,14,-14,0
9208,11,-11,0
9209,14,-14,0
9210,14,-14,0
9211,13,-13,0
9212,9,-9,0
9213,3,-3,0
9214,0,0,0
9215,-4,4,0
9216,-10,10,0
9217,-21,21,0
9218,-26,26,0
9219,-29,29,0
9220,-26,26,0
9221,-20,20,0
9222,-23,23,0
9223,-23,23,0
9224,-22,22,0
9225,-12,12,0
9226,4,-4,0
9227,23,-23,0
9228,30,-30,0
9229,25,-25,0
9230,28,-28,0
9231,38,-38,0
9232,39,-39,0
9233,29,-29,0
9234,12,-12,0
9235,-2,2,0
9236,-9,9,0
9237,-14,14,0
9238,-27,27,0
9239,-40,40,0
9240,-40,40,0
9241,-34,34,0
9242,-22,22,0
9243,-11,11,0
9244,-5,5,0
9245,3,-3,0
9246,20,-20,0
9247,43,-43,0
9248,51,-51,0
9249,43,-43,0
9250,33,-33,0
9251,26,-26,0
9252,22,-22,0
9253,7,-7,0
9254,-18,18,0
9255,-32,32,0
9256,-32,32,0
9257,-22,22,0
9258,-24,24,0
9259,-27,27,0
9260,-26,26,0
9261,-12,12,0
9262,7,-7,0
9263,14,-14,0
9264,10,-10,0
9265,12,-12,0
9266,15,-15,0
9267,16,-16,0
9268,7,-7,0
9269,-8,8,0
9270,-20,20,0
9271,-27,27,0
9272,-20,20,0
9273,-3,3,0
9274,2,-2,0
9275,-4,4,0
9276,0,0,0
9277,16,-16,0
9278,32,-32,0
9279,33,-33,0
9280,24,-24,0
9281,13,-13,0
9282,7,-7,0
9283,10,-10,0
9284,4,-4,0
9285,-17,17,0
9286,-29,29,0
9287,-28,28,0
9288,-19,19,0
9289,-14,14,0
9290,-12,12,0
9291,-12,12,0
9292,0,0,0
9293,19,-19,0
9294,36,-36,0
9295,28,-28,0
9296,12,-12,0
9297,11,-11,0
9298,14,-14,0
9299,16,-16,0
9300,-4,4,0
9301,-21,21,0
9302,-24,24,0
9303,-16,16,0
9304,-6,6,0
9305,-8,8,0
9306,-11,11,0
9307,-2,2,0
9308,10,-10,0
9309,21,-21,0
9310,16,-16,0
9311,5,-5,0
9312,0,0,0
9313,1,-1,0
9314,-3,3,0
9315,-17,17,0
9316,-34,34,0
9317,-40,40,0
9318,-34,34,0
9319,-14,14,0
9320,5,-5,0
9321,4,-4,0
9322,4,-4,0
9323,18,-18,0
9324,42,-42,0
9325,46,-46,0
9326,38,-38,0
9327,19,-19,0
9328,7,-7,0
9329,2,-2,0
9330,1,-1,0
9331,-9,9,0
9332,-26,26,0
9333,-35,35,0
9334,-31,31,0
9335,-24,24,0
9336,-18,18,0
9337,-16,16,0
9338,-10,10,0
9339,1,-1,0
9340,24,-24,0
9341,39,-39,0
9342,38,-38,0
9343,14,-14,0
9344,9,-9,0
9345,8,-8,0
9346,7,-7,0
9347,-11,11,0
9348,-28,28,0
9349,-29,29,0
9350,-19,19,0
9351,-2,2,0
9352,0,0,0
9353,0,0,0
9354,4,-4,0
9355,18,-18,0
9356,24,-24,0
9357,18,-18,0
9358,2,-2,0
9359,-8,8,0
9360,-13,13,0
9361,-20,20,0
9362,-32,32,0
9363,-47,47,0
9364,-38,38,0
9365,-14,14,0
9366,16,-16,0
9367,26,-26,0
9368,27,-27,0
9369,28,-28,0
9370,45,-45,0
9371,48,-48,0
9372,42,-42,0
9373,17,-17,0
9374,-4,4,0
9375,-17,17,0
9376,-19,19,0
9377,-25,25,0
9378,-36,36,0
9379,-41,41,0
9380,-37,37,0
9381,-18,18,0
9382,2,-2,0
9383,12,-12,0
9384,19,-19,0
9385,28,-28,0
9386,41,-41,0
9387,45,-45,0
9388,33,-33,0
9389,8,-8,0
9390,-6,6,0
9391,-15,15,0
9392,-18,18,0
9393,-27,27,0
9394,-35,35,0
9395,-33,33,0
9396,-20,20,0
9397,0,0,0
9398,13,-13,0
9399,20,-20,0
9400,22,-22,0
9401,27,-27,0
9402,28,-28,0
9403,20,-20,0
9404,4,-4,0
9405,-13,13,0
9406,-24,24,0
9407,-34,34,0
9408,-42,42,0
9409,-50,50,0
9410,-45,45,0
9411,-20,20,0
9412,11,-11,0
9413,39,-39,0
9414,45,-45,0
9415,48,-48,0
9416,57,-57,0
9417,57,-57,0
9418,48,-48,0
9419,17,-17,0
9420,-14,14,0
9421,-42,42,0
9422,-48,48,0
9423,-52,52,0
9424,-56,56,0
9425,-56,56,0
9426,-44,44,0
9427,-20,20,0
9428,9,-9,0
9429,37,-37,0
9430,53,-53,0
9431,64,-64,0
9432,66,-66,0
9433,56,-56,0
9434,37,-37,0
9435,7,-7,0
9436,-17,17,0
9437,-42,42,0
9438,-49,49,0
9439,-59,59,0
9440,-61,61,0
9441,-50,50,0
9442,-33,33,0
9443,-1,1,0
9444,22,-22,0
9445,41,-41,0
9446,46,-46,0
9447,42,-42,0
9448,35,-35,0
9449,19,-19,0
9450,1,-1,0
9451,-19,19,0
9452,-34,34,0
9453,-45,45,0
9454,-51,51,0
9455,-54,54,0
9456,-39,39,0
9457,-6,6,0
9458,27,-27,0
9459,41,-41,0
9460,51,-51,0
9461,58,-58,0
9462,63,-63,0
9463,56,-56,0
9464,33,-33,0
9465,0,0,0
9466,-39,39,0
9467,-59,59,0
9468,-62,62,0
9469,-57,57,0
9470,-51,51,0
9471,-37,37,0
9472,-9,9,0
9473,24,-24,0
9474,55,-55,0
9475,67,-67,0
9476,63,-63,0
9477,49,-49,0
9478,39,-39,0
9479,24,-24,0
9480,3,-3,0
9481,-32,32,0
9482,-49,49,0
9483,-58,58,0
9484,-50,50,0
9485,-36,36,0
9486,-28,28,0
9487,-7,7,0
9488,9,-9,0
9489,29,-29,0
9490,38,-38,0
9491,34,-34,0
9492,25,-25,0
9493,12,-12,0
9494,9,-9,0
9495,-5,5,0
9496,-17,17,0
9497,-34,34,0
9498,-49,49,0
9499,-57,57,0
9500,-55,55,0
9501,-46,46,0
9502,-16,16,0
9503,27,-27,0
9504,61,-61,0
9505,68,-68,0
9506,72,-72,0
9507,65,-65,0
9508,60,-60,0
9509,44,-44,0
9510,17,-17,0
9511,-17,17,0
9512,-50,50,0
9513,-66,66,0
9514,-63,63,0
9515,-55,55,0
9516,-42,42,0
9517,-26,26,0
9518,0,0,0
9519,28,-28,0
9520,53,-53,0
9521,60,-60,0
9522,56,-56,0
9523,42,-42,0
9524,30,-30,0
9525,4,-4,0
9526,-19,19,0
9527,-43,43,0
9528,-56,56,0
9529,-56,56,0
9530,-50,50,0
9531,-33,33,0
9532,-15,15,0
9533,4,-4,0
9534,24,-24,0
9535,37,-37,0
9536,44,-44,0
9537,42,-42,0
9538,32,-32,0
9539,19,-19,0
9540,0,0,0
9541,-19,19,0
9542,-36,36,0
9543,-47,47,0
9544,-55,55,0
9545,-55,55,0
9546,-46,46,0
9547,-32,32,0
9548,-8,8,0
9549,34,-34,0
9550,70,-70,0
9551,80,-80,0
9552,75,-75,0
9553,61,-61,0
9554,46,-46,0
9555,27,-27,0
9556,2,-2,0
9557,-25,25,0
9558,-55,55,0
9559,-69,69,0
9560,-62,62,0
9561,-45,45,0
9562,-19,19,0
9563,0,0,0
9564,23,-23,0
9565,40,-40,0
9566,58,-58,0
9567,62,-62,0
9568,54,-54,0
9569,32,-32,0
9570,9,-9,0
9571,-22,22,0
9572,-37,37,0
9573,-47,47,0
9574,-51,51,0
9575,-51,51,0
9576,-36,36,0
9577,-16,16,0
9578,4,-4,0
9579,25,-25,0
9580,37,-37,0
9581,36,-36,0
9582,34,-34,0
9583,27,-27,0
9584,16,-16,0
9585,-2,2,0
9586,-19,19,0
9587,-36,36,0
9588,-47,47,0
9589,-52,52,0
9590,-51,51,0
9591,-49,49,0
9592,-37,37,0
9593,-18,18,0
9594,19,-19,0
9595,56,-56,0
9596,87,-87,0
9597,79,-79,0
9598,61,-61,0
9599,44,-44,0
9600,27,-27,0
9601,6,-6,0
9602,-16,16,0
9603,-47,47,0
9604,-68,68,0
9605,-70,70,0
9606,-47,47,0
9607,-24,24,0
9608,4,-4,0
9609,20,-20,0
9610,38,-38,0
9611,48,-48,0
9612,61,-61,0
9613,55,-55,0
9614,36,-36,0
9615,6,-6,0
9616,-14,14,0
9617,-31,31,0
9618,-39,39,0
9619,-47,47,0
9620,-51,51,0
9621,-38,38,0
9622,-26,26,0
9623,-4,4,0
9624,14,-14,0
9625,21,-21,0
9626,30,-30,0
9627,29,-29,0
9628,31,-31,0
9629,23,-23,0
9630,9,-9,0
9631,-3,3,0
9632,-25,25,0
9633,-34,34,0
9634,-44,44,0
9635,-42,42,0
9636,-46,46,0
9637,-43,43,0
9638,-34,34,0
9639,-11,11,0
9640,30,-30,0
9641,70,-70,0
9642,80,-80,0
9643,71,-71,0
9644,44,-44,0
9645,27,-27,0
9646,13,-13,0
9647,-3,3,0
9648,-26,26,0
9649,-50,50,0
9650,-63,63,0
9651,-49,49,0
9652,-23,23,0
9653,5,-5,0
9654,25,-25,0
9655,36,-36,0
9656,40,-40,0
9657,48,-48,0
9658,50,-50,0
9659,40,-40,0
9660,18,-18,0
9661,-8,8,0
9662,-37,37,0
9663,-48,48,0
9664,-53,53,0
9665,-43,43,0
9666,-37,37,0
9667,-23,23,0
9668,-6,6,0
9669,12,-12,0
9670,25,-25,0
9671,34,-34,0
9672,30,-30,0
9673,21,-21,0
9674,10,-10,0
9675,4,-4,0
9676,-6,6,0
9677,-13,13,0
9678,-24,24,0
9679,-29,29,0
9680,-33,33,0
9681,-30,30,0
9682,-29,29,0
9683,-25,25,0
9684,-18,18,0
9685,-9,9,0
9686,17,-17,0
9687,44,-44,0
9688,71,-71,0
9689,61,-61,0
9690,42,-42,0
9691,25,-25,0
9692,5,-5,0
9693,-1,1,0
9694,-9,9,0
9695,-24,24,0
9696,-38,38,0
9697,-39,39,0
9698,-21,21,0
9699,-5,5,0
9700,19,-19,0
9701,26,-26,0
9702,32,-32,0
9703,24,-24,0
9704,29,-29,0
9705,25,-25,0
9706,19,-19,0
9707,-1,1,0
9708,-19,19,0
9709,-37,37,0
9710,-38,38,0
9711,-31,31,0
9712,-20,20,0
9713,-15,15,0
9714,-2,2,0
9715,3,-3,0
9716,14,-14,0
9717,18,-18,0
9718,21,-21,0
9719,11,-11,0
9720,6,-6,0
9721,0,0,0
9722,-4,4,0
9723,-7,7,0
9724,-16,16,0
9725,-26,26,0
9726,-33,33,0
9727,-32,32,0
9728,-29,29,0
9729,-28,28,0
9730,-22,22,0
9731,-16,16,0
9732,0,0,0
9733,29,-29,0
9734,63,-63,0
9735,66,-66,0
9736,55,-55,0
9737,35,-35,0
9738,17,-17,0
9739,6,-6,0
9740,-4,4,0
9741,-14,14,0
9742,-33,33,0
9743,-46,46,0
9744,-33,33,0
9745,-17,17,0
9746,8,-8,0
9747,19,-19,0
9748,28,-28,0
9749,22,-22,0
9750,21,-21,0
9751,25,-25,0
9752,22,-22,0
9753,10,-10,0
9754,-7,7,0
9755,-31,31,0
9756,-36,36,0
9757,-34,34,0
9758,-22,22,0
9759,-16,16,0
9760,-10,10,0
9761,-3,3,0
9762,6,-6,0
9763,15,-15,0
9764,24,-24,0
9765,16,-16,0
9766,13,-13,0
9767,1,-1,0
9768,1,-1,0
9769,-3,3,0
9770,-8,8,0
9771,-19,19,0
9772,-31,31,0
9773,-36,36,0
9774,-35,35,0
9775,-31,31,0
9776,-22,22,0
9777,-19,19,0
9778,-5,5,0
9779,29,-29,0
9780,63,-63,0
9781,75,-75,0
9782,66,-66,0
9783,41,-41,0
9784,20,-20,0
9785,2,-2,0
9786,-10,10,0
9787,-19,19,0
9788,-37,37,0
9789,-55,55,0
9790,-50,50,0
9791,-28,28,0
9792,0,0,0
9793,23,-23,0
9794,36,-36,0
9795,35,-35,0
9796,31,-31,0
9797,37,-37,0
9798,36,-36,0
9799,21,-21,0
9800,0,0,0
9801,-27,27,0
9802,-37,37,0
9803,-41,41,0
9804,-27,27,0
9805,-17,17,0
9806,-9,9,0
9807,0,0,0
9808,7,-7,0
9809,22,-22,0
9810,27,-27,0
9811,26,-26,0
9812,18,-18,0
9813,3,-3,0
9814,0,0,0
9815,-12,12,0
9816,-14,14,0
9817,-24,24,0
9818,-31,31,0
9819,-38,38,0
9820,-36,36,0
9821,-27,27,0
9822,-21,21,0
9823,-11,11,0
9824,-3,3,0
9825,20,-20,0
9826,46,-46,0
9827,73,-73,0
9828,62,-62,0
9829,39,-39,0
9830,26,-26,0
9831,4,-4,0
9832,-6,6,0
9833,-14,14,0
9834,-29,29,0
9835,-42,42,0
9836,-48,48,0
9837,-30,30,0
9838,-14,14,0
9839,12,-12,0
9840,21,-21,0
9841,26,-26,0
9842,25,-25,0
9843,28,-28,0
9844,34,-34,0
9845,27,-27,0
9846,6,-6,0
9847,-18,18,0
9848,-38,38,0
9849,-41,41,0
9850,-39,39,0
9851,-20,20,0
9852,-14,14,0
9853,-2,2,0
9854,4,-4,0
9855,18,-18,0
9856,24,-24,0
9857,31,-31,0
9858,28,-28,0
9859,19,-19,0
9860,7,-7,0
9861,0,0,0
9862,-11,11,0
9863,-24,24,0
9864,-38,38,0
9865,-43,43,0
9866,-45,45,0
9867,-37,37,0
9868,-27,27,0
9869,-16,16,0
9870,-11,11,0
9871,15,-15,0
9872,45,-45,0
9873,78,-78,0
9874,72,-72,0
9875,54,-54,0
9876,27,-27,0
9877,3,-3,0
9878,-9,9,0
9879,-21,21,0
9880,-36,36,0
9881,-50,50,0
9882,-60,60,0
9883,-42,42,0
9884,-20,20,0
9885,13,-13,0
9886,29,-29,0
9887,40,-40,0
9888,33,-33,0
9889,33,-33,0
9890,33,-33,0
9891,30,-30,0
9892,8,-8,0
9893,-14,14,0
9894,-38,38,0
9895,-40,40,0
9896,-38,38,0
9897,-20,20,0
9898,-10,10,0
9899,2,-2,0
9900,12,-12,0
9901,26,-26,0
9902,32,-32,0
9903,34,-34,0
9904,25,-25,0
9905,12,-12,0
9906,-3,3,0
9907,-10,10,0
9908,-22,22,0
9909,-28,28,0
9910,-40,40,0
9911,-40,40,0
9912,-37,37,0
9913,-27,27,0
9914,-16,16,0
9915,-7,7,0
9916,-1,1,0
9917,20,-20,0
9918,49,-49,0
9919,78,-78,0
9920,64,-64,0
9921,42,-42,0
9922,13,-13,0
9923,-11,11,0
9924,-24,24,0
9925,-33,33,0
9926,-43,43,0
9927,-53,53,0
9928,-56,56,0
9929,-33,33,0
9930,-6,6,0
9931,28,-28,0
9932,42,-42,0
9933,52,-52,0
9934,43,-43,0
9935,41,-41,0
9936,34,-34,0
9937,26,-26,0
9938,0,0,0
9939,-25,25,0
9940,-49,49,0
9941,-51,51,0
9942,-45,45,0
9943,-22,22,0
9944,-8,8,0
9945,10,-10,0
9946,20,-20,0
9947,32,-32,0
9948,36,-36,0
9949,40,-40,0
9950,27,-27,0
9951,15,-15,0
9952,-1,1,0
9953,-9,9,0
9954,-23,23,0
9955,-29,29,0
9956,-37,37,0
9957,-40,40,0
9958,-38,38,0
9959,-30,30,0
9960,-23,23,0
9961,-10,10,0
9962,-1,1,0
9963,9,-9,0
9964,39,-39,0
9965,62,-62,0
9966,68,-68,0
9967,49,-49,0
9968,26,-26,0
9969,0,0,0
9970,-11,11,0
9971,-21,21,0
9972,-26,26,0
9973,-38,38,0
9974,-44,44,0
9975,-35,35,0
9976,-9,9,0
9977,14,-14,0
9978,36,-36,0
9979,41,-41,0
9980,40,-40,0
9981,28,-28,0
9982,29,-29,0
9983,17,-17,0
9984,2,-2,0
9985,-26,26,0
9986,-46,46,0
9987,-50,50,0
9988,-41,41,0
9989,-19,19,0
9990,0,0,0
9991,18,-18,0
9992,29,-29,0
9993,35,-35,0
9994,39,-39,0
9995,33,-33,0
9996,21,-21,0
9997,3,-3,0
9998,-14,14,0
9999,-19,19,0
10000,-28,28,0
10001,-29,29,0
10002,-39,39,0
10003,-39,39,0
10004,-38,38,0
10005,-27,27,0
10006,-20,20,0
10007,-12,12,0
10008,-6,6,0
10009,-3,3,0
10010,23,-23,0
10011,42,-42,0
10012,62,-62,0
10013,46,-46,0
10014,24,-24,0
10015,8,-8,0
10016,-2,2,0
10017,-10,10,0
10018,-11,11,0
10019,-26,26,0
10020,-33,33,0
10021,-31,31,0
10022,0,0,0
10023,19,-19,0
10024,42,-42,0
10025,42,-42,0
10026,34,-34,0
10027,15,-15,0
10028,18,-18,0
10029,4,-4,0
10030,-6,6,0
10031,-33,33,0
10032,-45,45,0
10033,-47,47,0
10034,-34,34,0
10035,-17,17,0
10036,0,0,0
10037,13,-13,0
10038,26,-26,0
10039,35,-35,0
10040,40,-40,0
10041,33,-33,0
10042,22,-22,0
10043,6,-6,0
10044,-7,7,0
10045,-13,13,0
10046,-21,21,0
10047,-25,25,0
10048,-34,34,0
10049,-35,35,0
10050,-35,35,0
10051,-29,29,0
10052,-24,24,0
10053,-18,18,0
10054,-14,14,0
10055,-13,13,0
10056,9,-9,0
10057,37,-37,0
10058,66,-66,0
10059,54,-54,0
10060,30,-30,0
10061,9,-9,0
10062,-12,12,0
10063,-17,17,0
10064,-19,19,0
10065,-32,32,0
10066,-39,39,0
10067,-39,39,0
10068,-11,11,0
10069,9,-9,0
10070,35,-35,0
10071,39,-39,0
10072,39,-39,0
10073,30,-30,0
10074,33,-33,0
10075,27,-27,0
10076,13,-13,0
10077,-19,19,0
10078,-36,36,0
10079,-47,47,0
10080,-37,37,0
10081,-22,22,0
10082,-3,3,0
10083,7,-7,0
10084,24,-24,0
10085,33,-33,0
10086,40,-40,0
10087,32,-32,0
10088,22,-22,0
10089,4,-4,0
10090,-4,4,0
10091,-11,11,0
10092,-14,14,0
10093,-20,20,0
10094,-31,31,0
10095,-35,35,0
10096,-37,37,0
10097,-26,26,0
10098,-18,18,0
10099,-12,12,0
10100,-6,6,0
10101,-5,5,0
10102,6,-6,0
10103,36,-36,0
10104,61,-61,0
10105,66,-66,0
10106,41,-41,0
10107,14,-14,0
10108,-9,9,0
10109,-15,15,0
10110,-23,23,0
10111,-30,30,0
10112,-41,41,0
10113,-48,48,0
10114,-24,24,0
10115,0,0,0
10116,27,-27,0
10117,38,-38,0
10118,40,-40,0
10119,37,-37,0
10120,31,-31,0
10121,34,-34,0
10122,13,-13,0
10123,-10,10,0
10124,-34,34,0
10125,-45,45,0
10126,-35,35,0
10127,-23,23,0
10128,-5,5,0
10129,4,-4,0
10130,18,-18,0
10131,26,-26,0
10132,35,-35,0
10133,27,-27,0
10134,17,-17,0
10135,-2,2,0
10136,-10,10,0
10137,-15,15,0
10138,-15,15,0
10139,-19,19,0
10140,-24,24,0
10141,-27,27,0
10142,-28,28,0
10143,-17,17,0
10144,-14,14,0
10145,-11,11,0
10146,-12,12,0
10147,-12,12,0
10148,-9,9,0
10149,15,-15,0
10150,40,-40,0
10151,67,-67,0
10152,45,-45,0
10153,23,-23,0
10154,5,-5,0
10155,-5,5,0
10156,-17,17,0
10157,-22,22,0
10158,-41,41,0
10159,-49,49,0
10160,-42,42,0
10161,-10,10,0
10162,14,-14,0
10163,36,-36,0
10164,38,-38,0
10165,34,-34,0
10166,32,-32,0
10167,34,-34,0
10168,22,-22,0
10169,0,0,0
10170,-31,31,0
10171,-39,39,0
10172,-41,41,0
10173,-25,25,0
10174,-14,14,0
10175,1,-1,0
10176,10,-10,0
10177,27,-27,0
10178,37,-37,0
10179,32,-32,0
10180,17,-17,0
10181,2,-2,0
10182,-7,7,0
10183,-12,12,0
10184,-11,11,0
10185,-16,16,0
10186,-22,22,0
10187,-24,24,0
10188,-24,24,0
10189,-19,19,0
10190,-14,14,0
10191,-5,5,0
10192,-7,7,0
10193,-9,9,0
10194,-9,9,0
10195,-6,6,0
10196,28,-28,0
10197,51,-51,0
10198,63,-63,0
10199,37,-37,0
10200,10,-10,0
10201,-2,2,0
10202,-9,9,0
10203,-18,18,0
10204,-32,32,0
10205,-44,44,0
10206,-47,47,0
10207,-25,25,0
10208,3,-3,0
10209,21,-21,0
10210,34,-34,0
10211,32,-32,0
10212,37,-37,0
10213,34,-34,0
10214,35,-35,0
10215,8,-8,0
10216,-18,18,0
10217,-40,40,0
10218,-43,43,0
10219,-35,35,0
10220,-20,20,0
10221,-8,8,0
10222,6,-6,0
10223,24,-24,0
10224,37,-37,0
10225,36,-36,0
10226,24,-24,0
10227,6,-6,0
10228,-9,9,0
10229,-12,12,0
10230,-16,16,0
10231,-20,20,0
10232,-22,22,0
10233,-24,24,0
10234,-22,22,0
10235,-19,19,0
10236,-12,12,0
10237,-9,9,0
10238,-6,6,0
10239,-11,11,0
10240,-9,9,0
10241,-9,9,0
10242,2,-2,0
10243,35,-35,0
10244,61,-61,0
10245,56,-56,0
10246,37,-37,0
10247,18,-18,0
10248,-1,1,0
10249,-5,5,0
10250,-14,14,0
10251,-35,35,0
10252,-44,44,0
10253,-42,42,0
10254,-13,13,0
10255,13,-13,0
10256,28,-28,0
10257,35,-35,0
10258,31,-31,0
10259,35,-35,0
10260,32,-32,0
10261,23,-23,0
10262,-7,7,0
10263,-32,32,0
10264,-40,40,0
10265,-36,36,0
10266,-23,23,0
10267,-15,15,0
10268,0,0,0
10269,10,-10,0
10270,35,-35,0
10271,37,-37,0
10272,30,-30,0
10273,10,-10,0
10274,-5,5,0
10275,-15,15,0
10276,-19,19,0
10277,-20,20,0
10278,-24,24,0
10279,-24,24,0
10280,-20,20,0
10281,-14,14,0
10282,-13,13,0
10283,-11,11,0
10284,-6,6,0
10285,-9,9,0
10286,-9,9,0
10287,-7,7,0
10288,-12,12,0
10289,6,-6,0
10290,38,-38,0
10291,67,-67,0
10292,49,-49,0
10293,28,-28,0
10294,12,-12,0
10295,-4,4,0
10296,-10,10,0
10297,-21,21,0
10298,-38,38,0
10299,-45,45,0
10300,-30,30,0
10301,0,0,0
10302,24,-24,0
10303,36,-36,0
10304,34,-34,0
10305,33,-33,0
10306,28,-28,0
10307,22,-22,0
10308,16,-16,0
10309,-11,11,0
10310,-33,33,0
10311,-46,46,0
10312,-43,43,0
10313,-15,15,0
10314,-13,13,0
10315,8,-8,0
10316,15,-15,0
10317,37,-37,0
10318,34,-34,0
10319,26,-26,0
10320,4,-4,0
10321,-16,16,0
10322,-18,18,0
10323,-24,24,0
10324,-17,17,0
10325,-22,22,0
10326,-19,19,0
10327,-19,19,0
10328,-14,14,0
10329,-7,7,0
10330,-6,6,0
10331,-2,2,0
10332,-10,10,0
10333,-11,11,0
10334,-10,10,0
10335,-8,8,0
10336,18,-18,0
10337,41,-41,0
10338,64,-64,0
10339,38,-38,0
10340,20,-20,0
10341,6,-6,0
10342,0,0,0
10343,-10,10,0
10344,-22,22,0
10345,-30,30,0
10346,-33,33,0
10347,-9,9,0
10348,14,-14,0
10349,25,-25,0
10350,32,-32,0
10351,26,-26,0
10352,30,-30,0
10353,21,-21,0
10354,18,-18,0
10355,-9,9,0
10356,-26,26,0
10357,-46,46,0
10358,-38,38,0
10359,-28,28,0
10360,-11,11,0
10361,-2,2,0
10362,9,-9,0
10363,28,-28,0
10364,36,-36,0
10365,33,-33,0
10366,14,-14,0
10367,-7,7,0
10368,-17,17,0
10369,-21,21,0
10370,-21,21,0
10371,-21,21,0
10372,-22,22,0
10373,-20,20,0
10374,-11,11,0
10375,-9,9,0
10376,-8,8,0
10377,-6,6,0
10378,-6,6,0
10379,-10,10,0
10380,-11,11,0
10381,-16,16,0
10382,-13,13,0
10383,25,-25,0
10384,50,-50,0
10385,61,-61,0
10386,42,-42,0
10387,16,-16,0
10388,5,-5,0
10389,3,-3,0
10390,-7,7,0
10391,-30,30,0
10392,-39,39,0
10393,-38,38,0
10394,-11,11,0
10395,18,-18,0
10396,25,-25,0
10397,31,-31,0
10398,27,-27,0
10399,33,-33,0
10400,27,-27,0
10401,18,-18,0
10402,-11,11,0
10403,-29,29,0
10404,-40,40,0
10405,-29,29,0
10406,-19,19,0
10407,-11,11,0
10408,3,-3,0
10409,14,-14,0
10410,28,-28,0
10411,30,-30,0
10412,19,-19,0
10413,0,0,0
10414,-12,12,0
10415,-17,17,0
10416,-21,21,0
10417,-18,18,0
10418,-21,21,0
10419,-17,17,0
10420,-12,12,0
10421,-6,6,0
10422,-8,8,0
10423,-7,7,0
10424,-3,3,0
10425,-11,11,0
10426,-14,14,0
10427,-14,14,0
10428,-21,21,0
10429,0,0,0
10430,33,-33,0
10431,70,-70,0
10432,48,-48,0
10433,32,-32,0
10434,16,-16,0
10435,5,-5,0
10436,-6,6,0
10437,-20,20,0
10438,-38,38,0
10439,-46,46,0
10440,-27,27,0
10441,2,-2,0
10442,20,-20,0
10443,33,-33,0
10444,31,-31,0
10445,33,-33,0
10446,28,-28,0
10447,27,-27,0
10448,7,-7,0
10449,-12,12,0
10450,-40,40,0
10451,-34,34,0
10452,-28,28,0
10453,-11,11,0
10454,-4,4,0
10455,11,-11,0
10456,27,-27,0
10457,35,-35,0
10458,32,-32,0
10459,10,-10,0
10460,-6,6,0
10461,-21,21,0
10462,-22,22,0
10463,-22,22,0
10464,-22,22,0
10465,-19,19,0
10466,-15,15,0
10467,-5,5,0
10468,-5,5,0
10469,-4,4,0
10470,-9,9,0
10471,-8,8,0
10472,-9,9,0
10473,-15,15,0
10474,-18,18,0
10475,-1,1,0
10476,29,-29,0
10477,61,-61,0
10478,49,-49,0
10479,31,-31,0
10480,15,-15,0
10481,4,-4,0
10482,-5,5,0
10483,-16,16,0
10484,-35,35,0
10485,-42,42,0
10486,-29,29,0
10487,-6,6,0
10488,13,-13,0
10489,27,-27,0
10490,28,-28,0
10491,29,-29,0
10492,30,-30,0
10493,18,-18,0
10494,1,-1,0
10495,-15,15,0
10496,-22,22,0
10497,-25,25,0
10498,-30,30,0
10499,-14,14,0
10500,-4,4,0
10501,12,-12,0
10502,18,-18,0
10503,26,-26,0
10504,21,-21,0
10505,10,-10,0
10506,1,-1,0
10507,-12,12,0
10508,-19,19,0
10509,-22,22,0
10510,-19,19,0
10511,-12,12,0
10512,-12,12,0
10513,-11,11,0
10514,-12,12,0
10515,-10,10,0
10516,-5,5,0
10517,-5,5,0
10518,-13,13,0
10519,-18,18,0
10520,-21,21,0
10521,-4,4,0
10522,31,-31,0
10523,57,-57,0
10524,51,-51,0
10525,34,-34,0
10526,18,-18,0
10527,8,-8,0
10528,0,0,0
10529,-19,19,0
10530,-37,37,0
10531,-42,42,0
10532,-32,32,0
10533,-6,6,0
10534,12,-12,0
10535,23,-23,0
10536,26,-26,0
10537,30,-30,0
10538,31,-31,0
10539,20,-20,0
10540,3,-3,0
10541,-19,19,0
10542,-29,29,0
10543,-28,28,0
10544,-25,25,0
10545,-15,15,0
10546,-9,9,0
10547,9,-9,0
10548,22,-22,0
10549,30,-30,0
10550,26,-26,0
10551,11,-11,0
10552,1,-1,0
10553,-8,8,0
10554,-15,15,0
10555,-20,20,0
10556,-21,21,0
10557,-16,16,0
10558,-11,11,0
10559,-6,6,0
10560,-8,8,0
10561,-9,9,0
10562,-10,10,0
10563,-7,7,0
10564,-8,8,0
10565,-13,13,0
10566,-20,20,0
10567,-7,7,0
10568,31,-31,0
10569,56,-56,0
10570,55,-55,0
10571,37,-37,0
10572,15,-15,0
10573,7,-7,0
10574,0,0,0
10575,-14,14,0
10576,-36,36,0
10577,-39,39,0
10578,-26,26,0
10579,-5,5,0
10580,11,-11,0
10581,21,-21,0
10582,22,-22,0
10583,26,-26,0
10584,29,-29,0
10585,17,-17,0
10586,2,-2,0
10587,-19,19,0
10588,-28,28,0
10589,-26,26,0
10590,-21,21,0
10591,-16,16,0
10592,-17,17,0
10593,-1,1,0
10594,12,-12,0
10595,27,-27,0
10596,26,-26,0
10597,12,-12,0
10598,0,0,0
10599,-7,7,0
10600,-5,5,0
10601,-11,11,0
10602,-14,14,0
10603,-13,13,0
10604,-8,8,0
10605,-4,4,0
10606,-7,7,0
10607,-9,9,0
10608,-14,14,0
10609,-10,10,0
10610,-13,13,0
10611,-15,15,0
10612,-19,19,0
10613,-9,9,0
10614,27,-27,0
10615,53,-53,0
10616,51,-51,0
10617,36,-36,0
10618,17,-17,0
10619,7,-7,0
10620,0,0,0
10621,-16,16,0
10622,-36,36,0
10623,-40,40,0
10624,-27,27,0
10625,-3,3,0
10626,16,-16,0
10627,27,-27,0
10628,28,-28,0
10629,35,-35,0
10630,37,-37,0
10631,21,-21,0
10632,-5,5,0
10633,-33,33,0
10634,-31,31,0
10635,-33,33,0
10636,-17,17,0
10637,-15,15,0
10638,-13,13,0
10639,22,-22,0
10640,21,-21,0
10641,35,-35,0
10642,15,-15,0
10643,7,-7,0
10644,2,-2,0
10645,0,0,0
10646,-1,1,0
10647,-16,16,0
10648,-15,15,0
10649,-10,10,0
10650,-6,6,0
10651,-7,7,0
10652,-14,14,0
10653,-18,18,0
10654,-12,12,0
10655,-7,7,0
10656,-12,12,0
10657,-15,15,0
10658,-21,21,0
10659,6,-6,0
10660,38,-38,0
10661,66,-66,0
10662,46,-46,0
10663,27,-27,0
10664,15,-15,0
10665,4,-4,0
10666,-8,8,0
10667,-29,29,0
10668,-45,45,0
10669,-45,45,0
10670,-24,24,0
10671,0,0,0
10672,9,-9,0
10673,22,-22,0
10674,25,-25,0
10675,36,-36,0
10676,35,-35,0
10677,22,-22,0
10678,2,-2,0
10679,-10,10,0
10680,-20,20,0
10681,-27,27,0
10682,-32,32,0
10683,-27,27,0
10684,-21,21,0
10685,-5,5,0
10686,9,-9,0
10687,21,-21,0
10688,23,-23,0
10689,18,-18,0
10690,13,-13,0
10691,2,-2,0
10692,0,0,0
10693,-3,3,0
10694,-6,6,0
10695,-3,3,0
10696,-3,3,0
10697,-7,7,0
10698,-11,11,0
10699,-14,14,0
10700,-15,15,0
10701,-14,14,0
10702,-16,16,0
10703,-18,18,0
10704,-21,21,0
10705,-1,1,0
10706,27,-27,0
10707,54,-54,0
10708,38,-38,0
10709,26,-26,0
10710,16,-16,0
10711,11,-11,0
10712,1,-1,0
10713,-15,15,0
10714,-32,32,0
10715,-35,35,0
10716,-21,21,0
10717,-4,4,0
10718,1,-1,0
10719,13,-13,0
10720,17,-17,0
10721,29,-29,0
10722,27,-27,0
10723,15,-15,0
10724,-7,7,0
10725,-18,18,0
10726,-12,12,0
10727,-9,9,0
10728,-17,17,0
10729,-25,25,0
10730,-23,23,0
10731,5,-5,0
10732,12,-12,0
10733,18,-18,0
10734,12,-12,0
10735,12,-12,0
10736,16,-16,0
10737,16,-16,0
10738,7,-7,0
10739,-5,5,0
10740,-7,7,0
10741,-2,2,0
10742,-3,3,0
10743,-14,14,0
10744,-24,24,0
10745,-25,25,0
10746,-20,20,0
10747,-20,20,0
10748,-20,20,0
10749,-21,21,0
10750,-19,19,0
10751,12,-12,0
10752,30,-30,0
10753,48,-48,0
10754,26,-26,0
10755,12,-12,0
10756,8,-8,0
10757,7,-7,0
10758,-3,3,0
10759,-21,21,0
10760,-28,28,0
10761,-22,22,0
10762,-1,1,0
10763,11,-11,0
10764,11,-11,0
10765,12,-12,0
10766,17,-17,0
10767,26,-26,0
10768,20,-20,0
10769,8,-8,0
10770,-12,12,0
10771,-14,14,0
10772,-12,12,0
10773,-13,13,0
10774,-13,13,0
10775,-13,13,0
10776,-2,2,0
10777,7,-7,0
10778,22,-22,0
10779,19,-19,0
10780,18,-18,0
10781,14,-14,0
10782,14,-14,0
10783,18,-18,0
10784,7,-7,0
10785,0,0,0
10786,-7,7,0
10787,-8,8,0
10788,-12,12,0
10789,-19,19,0
10790,-26,26,0
10791,-31,31,0
10792,-27,27,0
10793,-23,23,0
10794,-20,20,0
10795,-18,18,0
10796,-11,11,0
10797,19,-19,0
10798,38,-38,0
10799,51,-51,0
10800,35,-35,0
10801,21,-21,0
10802,15,-15,0
10803,11,-11,0
10804,-8,8,0
10805,-28,28,0
10806,-34,34,0
10807,-28,28,0
10808,-13,13,0
10809,-3,3,0
10810,2,-2,0
10811,5,-5,0
10812,20,-20,0
10813,29,-29,0
10814,26,-26,0
10815,12,-12,0
10816,-5,5,0
10817,-7,7,0
10818,4,-4,0
10819,4,-4,0
10820,-6,6,0
10821,-13,13,0
10822,-6,6,0
10823,1,-1,0
10824,14,-14,0
10825,7,-7,0
10826,2,-2,0
10827,1,-1,0
10828,2,-2,0
10829,-1,1,0
10830,-9,9,0
10831,-11,11,0
10832,-8,8,0
10833,0,0,0
10834,-5,5,0
10835,-15,15,0
10836,-21,21,0
10837,-17,17,0
10838,-19,19,0
10839,-25,25,0
10840,-28,28,0
10841,-26,26,0
10842,-2,2,0
10843,27,-27,0
10844,48,-48,0
10845,36,-36,0
10846,25,-25,0
10847,22,-22,0
10848,13,-13,0
10849,-3,3,0
10850,-23,23,0
10851,-35,35,0
10852,-25,25,0
10853,-8,8,0
10854,4,-4,0
10855,2,-2,0
10856,8,-8,0
10857,10,-10,0
10858,26,-26,0
10859,25,-25,0
10860,19,-19,0
10861,3,-3,0
10862,0,0,0
10863,-2,2,0
10864,-7,7,0
10865,-17,17,0
10866,-21,21,0
10867,-14,14,0
10868,-1,1,0
10869,2,-2,0
10870,0,0,0
10871,4,-4,0
10872,9,-9,0
10873,14,-14,0
10874,12,-12,0
10875,7,-7,0
10876,5,-5,0
10877,5,-5,0
10878,6,-6,0
10879,-1,1,0
10880,-9,9,0
10881,-14,14,0
10882,-14,14,0
10883,-21,21,0
10884,-41,41,0
10885,-48,48,0
10886,-30,30,0
10887,-14,14,0
10888,10,-10,0
10889,37,-37,0
10890,44,-44,0
10891,36,-36,0
10892,33,-33,0
10893,33,-33,0
10894,23,-23,0
10895,9,-9,0
10896,-11,11,0
10897,-28,28,0
10898,-33,33,0
10899,-30,30,0
10900,-19,19,0
10901,-8,8,0
10902,7,-7,0
10903,17,-17,0
10904,32,-32,0
10905,32,-32,0
10906,28,-28,0
10907,13,-13,0
10908,4,-4,0
10909,-2,2,0
10910,0,0,0
10911,-11,11,0
10912,-13,13,0
10913,-19,19,0
10914,-16,16,0
10915,-2,2,0
10916,-1,1,0
10917,0,0,0
10918,1,-1,0
10919,5,-5,0
10920,10,-10,0
10921,4,-4,0
10922,0,0,0
10923,-6,6,0
10924,-3,3,0
10925,-7,7,0
10926,-18,18,0
10927,-26,26,0
10928,-30,30,0
10929,-28,28,0
10930,-26,26,0
10931,-25,25,0
10932,-18,18,0
10933,-8,8,0
10934,18,-18,0
10935,36,-36,0
10936,59,-59,0
10937,42,-42,0
10938,32,-32,0
10939,26,-26,0
10940,18,-18,0
10941,-1,1,0
10942,-28,28,0
10943,-43,43,0
10944,-42,42,0
10945,-27,27,0
10946,-14,14,0
10947,-3,3,0
10948,15,-15,0
10949,34,-34,0
10950,48,-48,0
10951,42,-42,0
10952,34,-34,0
10953,16,-16,0
10954,13,-13,0
10955,-1,1,0
10956,-13,13,0
10957,-32,32,0
10958,-34,34,0
10959,-22,22,0
10960,-16,16,0
10961,-2,2,0
10962,1,-1,0
10963,16,-16,0
10964,24,-24,0
10965,21,-21,0
10966,13,-13,0
10967,3,-3,0
10968,-1,1,0
10969,-7,7,0
10970,-11,11,0
10971,-17,17,0
10972,-21,21,0
10973,-21,21,0
10974,-19,19,0
10975,-19,19,0
10976,-23,23,0
10977,-24,24,0
10978,-19,19,0
10979,-14,14,0
10980,0,0,0
10981,18,-18,0
10982,41,-41,0
10983,39,-39,0
10984,36,-36,0
10985,25,-25,0
10986,20,-20,0
10987,4,-4,0
10988,-11,11,0
10989,-25,25,0
10990,-31,31,0
10991,-29,29,0
10992,-19,19,0
10993,-11,11,0
10994,1,-1,0
10995,12,-12,0
10996,30,-30,0
10997,34,-34,0
10998,36,-36,0
10999,23,-23,0
11000,19,-19,0
11001,6,-6,0
11002,0,0,0
11003,-17,17,0
11004,-22,22,0
11005,-26,26,0
11006,-20,20,0
11007,-9,9,0
11008,-2,2,0
11009,8,-8,0
11010,12,-12,0
11011,18,-18,0
11012,16,-16,0
11013,11,-11,0
11014,10,-10,0
11015,4,-4,0
11016,0,0,0
11017,-12,12,0
11018,-25,25,0
11019,-36,36,0
11020,-39,39,0
11021,-41,41,0
11022,-40,40,0
11023,-36,36,0
11024,-25,25,0
11025,-14,14,0
11026,11,-11,0
11027,30,-30,0
11028,57,-57,0
11029,47,-47,0
11030,45,-45,0
11031,36,-36,0
11032,31,-31,0
11033,7,-7,0
11034,-13,13,0
11035,-32,32,0
11036,-35,35,0
11037,-36,36,0
11038,-30,30,0
11039,-25,25,0
11040,-8,8,0
11041,11,-11,0
11042,31,-31,0
11043,36,-36,0
11044,38,-38,0
11045,31,-31,0
11046,31,-31,0
11047,25,-25,0
11048,5,-5,0
11049,-14,14,0
11050,-26,26,0
11051,-23,23,0
11052,-24,24,0
11053,-19,19,0
11054,-14,14,0
11055,0,0,0
11056,14,-14,0
11057,22,-22,0
11058,22,-22,0
11059,18,-18,0
11060,17,-17,0
11061,12,-12,0
11062,4,-4,0
11063,-11,11,0
11064,-23,23,0
11065,-33,33,0
11066,-37,37,0
11067,-43,43,0
11068,-47,47,0
11069,-42,42,0
11070,-28,28,0
11071,-16,16,0
11072,9,-9,0
11073,25,-25,0
11074,52,-52,0
11075,53,-53,0
11076,57,-57,0
11077,52,-52,0
11078,47,-47,0
11079,22,-22,0
11080,-4,4,0
11081,-32,32,0
11082,-47,47,0
11083,-52,52,0
11084,-47,47,0
11085,-37,37,0
11086,-18,18,0
11087,2,-2,0
11088,25,-25,0
11089,38,-38,0
11090,46,-46,0
11091,43,-43,0
11092,41,-41,0
11093,35,-35,0
11094,18,-18,0
11095,-3,3,0
11096,-26,26,0
11097,-37,37,0
11098,-39,39,0
11099,-37,37,0
11100,-35,35,0
11101,-18,18,0
11102,0,0,0
11103,18,-18,0
11104,25,-25,0
11105,25,-25,0
11106,24,-24,0
11107,24,-24,0
11108,19,-19,0
11109,3,-3,0
11110,-15,15,0
11111,-26,26,0
11112,-38,38,0
11113,-45,45,0
11114,-52,52,0
11115,-52,52,0
11116,-43,43,0
11117,-27,27,0
11118,1,-1,0
11119,27,-27,0
11120,49,-49,0
11121,53,-53,0
11122,57,-57,0
11123,61,-61,0
11124,52,-52,0
11125,28,-28,0
11126,6,-6,0
11127,-16,16,0
11128,-29,29,0
11129,-40,40,0
11130,-48,48,0
11131,-48,48,0
11132,-37,37,0
11133,-17,17,0
11134,2,-2,0
11135,19,-19,0
11136,31,-31,0
11137,42,-42,0
11138,56,-56,0
11139,59,-59,0
11140,38,-38,0
11141,12,-12,0
11142,-1,1,0
11143,-15,15,0
11144,-25,25,0
11145,-41,41,0
11146,-47,47,0
11147,-38,38,0
11148,-20,20,0
11149,-7,7,0
11150,1,-1,0
11151,8,-8,0
11152,21,-21,0
11153,31,-31,0
11154,30,-30,0
11155,21,-21,0
11156,9,-9,0
11157,2,-2,0
11158,-7,7,0
11159,-23,23,0
11160,-40,40,0
11161,-46,46,0
11162,-46,46,0
11163,-35,35,0
11164,-18,18,0
11165,3,-3,0
11166,13,-13,0
11167,33,-33,0
11168,42,-42,0
11169,50,-50,0
11170,46,-46,0
11171,38,-38,0
11172,21,-21,0
11173,11,-11,0
11174,-7,7,0
11175,-21,21,0
11176,-34,34,0
11177,-39,39,0
11178,-41,41,0
11179,-31,31,0
11180,-23,23,0
11181,-12,12,0
11182,2,-2,0
11183,18,-18,0
11184,31,-31,0
11185,37,-37,0
11186,30,-30,0
11187,26,-26,0
11188,21,-21,0
11189,8,-8,0
11190,-3,3,0
11191,-14,14,0
11192,-21,21,0
11193,-21,21,0
11194,-20,20,0
11195,-20,20,0
11196,-16,16,0
11197,-10,10,0
11198,-3,3,0
11199,5,-5,0
11200,9,-9,0
11201,9,-9,0
11202,9,-9,0
11203,6,-6,0
11204,0,0,0
11205,-9,9,0
11206,-16,16,0
11207,-21,21,0
11208,-23,23,0
11209,-20,20,0
11210,-12,12,0
11211,0,0,0
11212,7,-7,0
11213,16,-16,0
11214,22,-22,0
11215,31,-31,0
11216,31,-31,0
11217,28,-28,0
11218,24,-24,0
11219,18,-18,0
11220,8,-8,0
11221,0,0,0
11222,-11,11,0
11223,-18,18,0
11224,-20,20,0
11225,-21,21,0
11226,-19,19,0
11227,-16,16,0
11228,-11,11,0
11229,-2,2,0
11230,8,-8,0
11231,14,-14,0
11232,15,-15,0
11233,14,-14,0
11234,13,-13,0
11235,12,-12,0
11236,11,-11,0
11237,3,-3,0
11238,-3,3,0
11239,-8,8,0
11240,-10,10,0
11241,-11,11,0
11242,-13,13,0
11243,-9,9,0
11244,-3,3,0
11245,7,-7,0
11246,10,-10,0
11247,7,-7,0
11248,0,0,0
11249,-7,7,0
11250,-15,15,0
11251,-20,20,0
11252,-24,24,0
11253,-22,22,0
11254,-16,16,0
11255,-12,12,0
11256,-3,3,0
11257,5,-5,0
11258,13,-13,0
11259,18,-18,0
11260,22,-22,0
11261,24,-24,0
11262,28,-28,0
11263,27,-27,0
11264,23,-23,0
11265,18,-18,0
11266,11,-11,0
11267,2,-2,0
11268,-4,4,0
11269,-10,10,0
11270,-11,11,0
11271,-11,11,0
11272,-13,13,0
11273,-12,12,0
11274,-12,12,0
11275,-11,11,0
11276,-8,8,0
11277,-4,4,0
11278,-3,3,0
11279,-1,1,0
11280,0,0,0
11281,0,0,0
11282,3,-3,0
11283,3,-3,0
11284,4,-4,0
11285,4,-4,0
11286,4,-4,0
11287,5,-5,0
11288,4,-4,0
11289,3,-3,0
11290,1,-1,0
11291,0,0,0
11292,-1,1,0
11293,-4,4,0
11294,-6,6,0
11295,-10,10,0
11296,-13,13,0
11297,-14,14,0
11298,-14,14,0
11299,-13,13,0
11300,-8,8,0
11301,-8,8,0
11302,-4,4,0
11303,3,-3,0
11304,9,-9,0
11305,14,-14,0
11306,14,-14,0
11307,12,-12,0
11308,14,-14,0
11309,15,-15,0
11310,14,-14,0
11311,10,-10,0
11312,6,-6,0
11313,7,-7,0
11314,7,-7,0
11315,7,-7,0
11316,5,-5,0
11317,3,-3,0
11318,4,-4,0
11319,5,-5,0
11320,1,-1,0
11321,-2,2,0
11322,-3,3,0
11323,0,0,0
11324,-2,2,0
11325,-4,4,0
11326,-7,7,0
11327,-9,9,0
11328,-8,8,0
11329,-4,4,0
11330,0,0,0
11331,2,-2,0
11332,3,-3,0
11333,5,-5,0
11334,6,-6,0
11335,4,-4,0
11336,0,0,0
11337,-1,1,0
11338,-3,3,0
11339,-4,4,0
11340,-6,6,0
11341,-9,9,0
11342,-12,12,0
11343,-15,15,0
11344,-16,16,0
11345,-15,15,0
11346,-13,13,0
11347,-15,15,0
11348,-11,11,0
11349,-3,3,0
11350,2,-2,0
11351,7,-7,0
11352,7,-7,0
11353,8,-8,0
11354,10,-10,0
11355,13,-13,0
11356,12,-12,0
11357,10,-10,0
11358,10,-10,0
11359,9,-9,0
11360,7,-7,0
11361,7,-7,0
11362,2,-2,0
11363,0,0,0
11364,1,-1,0
11365,3,-3,0
11366,3,-3,0
11367,1,-1,0
11368,-2,2,0
11369,-1,1,0
11370,-2,2,0
11371,-4,4,0
11372,-8,8,0
11373,-8,8,0
11374,-6,6,0
11375,-4,4,0
11376,-4,4,0
11377,-3,3,0
11378,-3,3,0
11379,2,-2,0
11380,6,-6,0
11381,8,-8,0
11382,6,-6,0
11383,4,-4,0
11384,3,-3,0
11385,-1,1,0
11386,-3,3,0
11387,-7,7,0
11388,-11,11,0
11389,-15,15,0
11390,-18,18,0
11391,-16,16,0
11392,-14,14,0
11393,-15,15,0
11394,-12,12,0
11395,-3,3,0
11396,2,-2,0
11397,5,-5,0
11398,5,-5,0
11399,9,-9,0
11400,13,-13,0
11401,15,-15,0
11402,12,-12,0
11403,8,-8,0
11404,7,-7,0
11405,10,-10,0
11406,10,-10,0
11407,5,-5,0
11408,0,0,0
11409,0,0,0
11410,0,0,0
11411,3,-3,0
11412,0,0,0
11413,-1,1,0
11414,0,0,0
11415,1,-1,0
11416,2,-2,0
11417,1,-1,0
11418,-2,2,0
11419,-5,5,0
11420,-4,4,0
11421,0,0,0
11422,2,-2,0
11423,4,-4,0
11424,2,-2,0
11425,3,-3,0
11426,8,-8,0
11427,6,-6,0
11428,2,-2,0
11429,1,-1,0
11430,2,-2,0
11431,1,-1,0
11432,-2,2,0
11433,-7,7,0
11434,-11,11,0
11435,-13,13,0
11436,-16,16,0
11437,-16,16,0
11438,-18,18,0
11439,-15,15,0
11440,-13,13,0
11441,-4,4,0
11442,2,-2,0
11443,8,-8,0
11444,9,-9,0
11445,11,-11,0
11446,11,-11,0
11447,14,-14,0
11448,13,-13,0
11449,8,-8,0
11450,5,-5,0
11451,5,-5,0
11452,5,-5,0
11453,5,-5,0
11454,2,-2,0
11455,1,-1,0
11456,4,-4,0
11457,7,-7,0
11458,5,-5,0
11459,0,0,0
11460,-5,5,0
11461,-3,3,0
11462,-1,1,0
11463,0,0,0
11464,-5,5,0
11465,-5,5,0
11466,-4,4,0
11467,0,0,0
11468,0,0,0
11469,0,0,0
11470,-4,4,0
11471,1,-1,0
11472,1,-1,0
11473,2,-2,0
11474,1,-1,0
11475,0,0,0
11476,0,0,0
11477,2,-2,0
11478,0,0,0
11479,-1,1,0
11480,-4,4,0
11481,-5,5,0
11482,-8,8,0
11483,-10,10,0
11484,-15,15,0
11485,-18,18,0
11486,-18,18,0
11487,-11,11,0
11488,-3,3,0
11489,2,-2,0
11490,4,-4,0
11491,9,-9,0
11492,12,-12,0
11493,17,-17,0
11494,12,-12,0
11495,8,-8,0
11496,4,-4,0
11497,8,-8,0
11498,8,-8,0
11499,7,-7,0
11500,4,-4,0
11501,0,0,0
11502,1,-1,0
11503,3,-3,0
11504,0,0,0
11505,0,0,0
11506,-4,4,0
11507,-2,2,0
11508,-2,2,0
11509,-1,1,0
11510,-5,5,0
11511,-4,4,0
11512,-5,5,0
11513,-2,2,0
11514,-2,2,0
11515,0,0,0
11516,0,0,0
11517,1,-1,0
11518,4,-4,0
11519,2,-2,0
11520,0,0,0
11521,-2,2,0
11522,0,0,0
11523,1,-1,0
11524,0,0,0
11525,-1,1,0
11526,-4,4,0
11527,-5,5,0
11528,-8,8,0
11529,-10,10,0
11530,-14,14,0
11531,-15,15,0
11532,-14,14,0
11533,-8,8,0
11534,-1,1,0
11535,4,-4,0
11536,5,-5,0
11537,7,-7,0
11538,11,-11,0
11539,15,-15,0
11540,15,-15,0
11541,13,-13,0
11542,9,-9,0
11543,10,-10,0
11544,12,-12,0
11545,11,-11,0
11546,6,-6,0
11547,3,-3,0
11548,1,-1,0
11549,3,-3,0
11550,0,0,0
11551,-3,3,0
11552,-10,10,0
11553,-8,8,0
11554,-5,5,0
11555,-3,3,0
11556,-5,5,0
11557,-8,8,0
11558,-6,6,0
11559,-1,1,0
11560,1,-1,0
11561,1,-1,0
11562,-1,1,0
11563,-1,1,0
11564,-1,1,0
11565,5,-5,0
11566,2,-2,0
11567,0,0,0
11568,0,0,0
11569,1,-1,0
11570,2,-2,0
11571,1,-1,0
11572,-5,5,0
11573,-3,3,0
11574,-5,5,0
11575,-6,6,0
11576,-9,9,0
11577,-13,13,0
11578,-16,16,0
11579,-11,11,0
11580,-2,2,0
11581,0,0,0
11582,0,0,0
11583,5,-5,0
11584,9,-9,0
11585,18,-18,0
11586,20,-20,0
11587,18,-18,0
11588,14,-14,0
11589,13,-13,0
11590,13,-13,0
11591,12,-12,0
11592,7,-7,0
11593,2,-2,0
11594,-1,1,0
11595,-2,2,0
11596,-3,3,0
11597,-8,8,0
11598,-15,15,0
11599,-15,15,0
11600,-12,12,0
11601,-6,6,0
11602,-4,4,0
11603,-6,6,0
11604,-7,7,0
11605,0,0,0
11606,5,-5,0
11607,8,-8,0
11608,3,-3,0
11609,3,-3,0
11610,4,-4,0
11611,10,-10,0
11612,7,-7,0
11613,2,-2,0
11614,-3,3,0
11615,-1,1,0
11616,0,0,0
11617,0,0,0
11618,-6,6,0
11619,-9,9,0
11620,-9,9,0
11621,-6,6,0
11622,-10,10,0
11623,-15,15,0
11624,-19,19,0
11625,-16,16,0
11626,-8,8,0
11627,0,0,0
11628,0,0,0
11629,1,-1,0
11630,4,-4,0
11631,13,-13,0
11632,19,-19,0
11633,23,-23,0
11634,14,-14,0
11635,12,-12,0
11636,11,-11,0
11637,15,-15,0
11638,11,-11,0
11639,3,-3,0
11640,-7,7,0
11641,-9,9,0
11642,-8,8,0
11643,-10,10,0
11644,-12,12,0
11645,-17,17,0
11646,-15,15,0
11647,-8,8,0
11648,-1,1,0
11649,0,0,0
11650,0,0,0
11651,2,-2,0
11652,8,-8,0
11653,16,-16,0
11654,16,-16,0
11655,13,-13,0
11656,8,-8,0
11657,5,-5,0
11658,5,-5,0
11659,0,0,0
11660,-8,8,0
11661,-12,12,0
11662,-13,13,0
11663,-10,10,0
11664,-11,11,0
11665,-13,13,0
11666,-15,15,0
11667,-13,13,0
11668,-12,12,0
11669,-13,13,0
11670,-14,14,0
11671,-10,10,0
11672,0,0,0
11673,14,-14,0
11674,23,-23,0
11675,24,-24,0
11676,25,-25,0
11677,28,-28,0
11678,29,-29,0
11679,30,-30,0
11680,17,-17,0
11681,5,-5,0
11682,-4,4,0
11683,-9,9,0
11684,-17,17,0
11685,-22,22,0
11686,-31,31,0
11687,-29,29,0
11688,-23,23,0
11689,-13,13,0
11690,-7,7,0
11691,-1,1,0
11692,8,-8,0
11693,21,-21,0
11694,36,-36,0
11695,34,-34,0
11696,26,-26,0
11697,14,-14,0
11698,17,-17,0
11699,12,-12,0
11700,0,0,0
11701,-12,12,0
11702,-23,23,0
11703,-25,25,0
11704,-20,20,0
11705,-20,20,0
11706,-19,19,0
11707,-18,18,0
11708,-9,9,0
11709,0,0,0
11710,2,-2,0
11711,4,-4,0
11712,0,0,0
11713,0,0,0
11714,-1,1,0
11715,-5,5,0
11716,-9,9,0
11717,-6,6,0
11718,0,0,0
11719,10,-10,0
11720,10,-10,0
11721,8,-8,0
11722,10,-10,0
11723,13,-13,0
11724,19,-19,0
11725,16,-16,0
11726,7,-7,0
11727,0,0,0
11728,-4,4,0
11729,-6,6,0
11730,-8,8,0
11731,-14,14,0
11732,-17,17,0
11733,-13,13,0
11734,-5,5,0
11735,0,0,0
11736,1,-1,0
11737,3,-3,0
11738,11,-11,0
11739,21,-21,0
11740,27,-27,0
11741,19,-19,0
11742,11,-11,0
11743,7,-7,0
11744,6,-6,0
11745,1,-1,0
11746,-10,10,0
11747,-18,18,0
11748,-22,22,0
11749,-18,18,0
11750,-11,11,0
11751,-8,8,0
11752,-5,5,0
11753,0,0,0
11754,4,-4,0
11755,8,-8,0
11756,3,-3,0
11757,-2,2,0
11758,-12,12,0
11759,-15,15,0
11760,-19,19,0
11761,-22,22,0
11762,-19,19,0
11763,-7,7,0
11764,8,-8,0
11765,15,-15,0
11766,22,-22,0
11767,22,-22,0
11768,25,-25,0
11769,32,-32,0
11770,25,-25,0
11771,11,-11,0
11772,-1,1,0
11773,-13,13,0
11774,-15,15,0
11775,-17,17,0
11776,-18,18,0
11777,-22,22,0
11778,-17,17,0
11779,-7,7,0
11780,5,-5,0
11781,10,-10,0
11782,14,-14,0
11783,17,-17,0
11784,29,-29,0
11785,31,-31,0
11786,22,-22,0
11787,7,-7,0
11788,3,-3,0
11789,-7,7,0
11790,-7,7,0
11791,-15,15,0
11792,-24,24,0
11793,-21,21,0
11794,-18,18,0
11795,-6,6,0
11796,-2,2,0
11797,4,-4,0
11798,4,-4,0
11799,9,-9,0
11800,9,-9,0
11801,6,-6,0
11802,-2,2,0
11803,-11,11,0
11804,-20,20,0
11805,-29,29,0
11806,-34,34,0
11807,-27,27,0
11808,-17,17,0
11809,4,-4,0
11810,18,-18,0
11811,27,-27,0
11812,27,-27,0
11813,35,-35,0
11814,33,-33,0
11815,31,-31,0
11816,14,-14,0
11817,0,0,0
11818,-16,16,0
11819,-23,23,0
11820,-25,25,0
11821,-27,27,0
11822,-26,26,0
11823,-24,24,0
11824,-9,9,0
11825,6,-6,0
11826,23,-23,0
11827,26,-26,0
11828,30,-30,0
11829,32,-32,0
11830,37,-37,0
11831,26,-26,0
11832,10,-10,0
11833,-5,5,0
11834,-13,13,0
11835,-23,23,0
11836,-19,19,0
11837,-26,26,0
11838,-22,22,0
11839,-14,14,0
11840,-3,3,0
11841,6,-6,0
11842,15,-15,0
11843,17,-17,0
11844,18,-18,0
11845,16,-16,0
11846,10,-10,0
11847,0,0,0
11848,-16,16,0
11849,-30,30,0
11850,-40,40,0
11851,-47,47,0
11852,-40,40,0
11853,-21,21,0
11854,4,-4,0
11855,17,-17,0
11856,30,-30,0
11857,33,-33,0
11858,38,-38,0
11859,37,-37,0
11860,28,-28,0
11861,9,-9,0
11862,-11,11,0
11863,-25,25,0
11864,-32,32,0
11865,-31,31,0
11866,-31,31,0
11867,-27,27,0
11868,-17,17,0
11869,0,0,0
11870,18,-18,0
11871,33,-33,0
11872,38,-38,0
11873,42,-42,0
11874,36,-36,0
11875,33,-33,0
11876,15,-15,0
11877,-3,3,0
11878,-16,16,0
11879,-31,31,0
11880,-33,33,0
11881,-30,30,0
11882,-23,23,0
11883,-9,9,0
11884,3,-3,0
11885,18,-18,0
11886,24,-24,0
11887,31,-31,0
11888,28,-28,0
11889,23,-23,0
11890,11,-11,0
11891,0,0,0
11892,-16,16,0
11893,-30,30,0
11894,-45,45,0
11895,-54,54,0
11896,-56,56,0
11897,-44,44,0
11898,-16,16,0
11899,19,-19,0
11900,35,-35,0
11901,46,-46,0
11902,44,-44,0
11903,46,-46,0
11904,40,-40,0
11905,24,-24,0
11906,-3,3,0
11907,-28,28,0
11908,-45,45,0
11909,-51,51,0
11910,-45,45,0
11911,-37,37,0
11912,-24,24,0
11913,-11,11,0
11914,10,-10,0
11915,30,-30,0
11916,48,-48,0
11917,52,-52,0
11918,50,-50,0
11919,38,-38,0
11920,24,-24,0
11921,2,-2,0
11922,-14,14,0
11923,-29,29,0
11924,-39,39,0
11925,-37,37,0
11926,-30,30,0
11927,-16,16,0
11928,-1,1,0
11929,14,-14,0
11930,26,-26,0
11931,33,-33,0
11932,35,-35,0
11933,31,-31,0
11934,20,-20,0
11935,5,-5,0
11936,-13,13,0
11937,-30,30,0
11938,-45,45,0
11939,-54,54,0
11940,-59,59,0
11941,-57,57,0
11942,-38,38,0
11943,-8,8,0
11944,30,-30,0
11945,54,-54,0
11946,62,-62,0
11947,53,-53,0
11948,49,-49,0
11949,37,-37,0
11950,19,-19,0
11951,-5,5,0
11952,-33,33,0
11953,-53,53,0
11954,-56,56,0
11955,-45,45,0
11956,-28,28,0
11957,-12,12,0
11958,3,-3,0
11959,24,-24,0
11960,45,-45,0
11961,59,-59,0
11962,59,-59,0
11963,46,-46,0
11964,24,-24,0
11965,2,-2,0
11966,-21,21,0
11967,-31,31,0
11968,-43,43,0
11969,-41,41,0
11970,-36,36,0
11971,-20,20,0
11972,0,0,0
11973,19,-19,0
11974,34,-34,0
11975,43,-43,0
11976,43,-43,0
11977,38,-38,0
11978,28,-28,0
11979,14,-14,0
11980,-4,4,0
11981,-22,22,0
11982,-37,37,0
11983,-48,48,0
11984,-61,61,0
11985,-66,66,0
11986,-60,60,0
11987,-35,35,0
11988,-1,1,0
11989,36,-36,0
11990,52,-52,0
11991,52,-52,0
11992,44,-44,0
11993,36,-36,0
11994,28,-28,0
11995,12,-12,0
11996,-7,7,0
11997,-31,31,0
11998,-48,48,0
11999,-50,50,0
12000,-42,42,0
12001,-24,24,0
12002,-5,5,0
12003,15,-15,0
12004,36,-36,0
12005,50,-50,0
12006,54,-54,0
12007,40,-40,0
12008,21,-21,0
12009,0,0,0
12010,-15,15,0
12011,-32,32,0
12012,-36,36,0
12013,-40,40,0
12014,-26,26,0
12015,-9,9,0
12016,4,-4,0
12017,24,-24,0
12018,27,-27,0
12019,30,-30,0
12020,30,-30,0
12021,24,-24,0
12022,16,-16,0
12023,5,-5,0
12024,-4,4,0
12025,-20,20,0
12026,-34,34,0
12027,-44,44,0
12028,-44,44,0
12029,-42,42,0
12030,-34,34,0
12031,-21,21,0
12032,0,0,0
12033,30,-30,0
12034,56,-56,0
12035,55,-55,0
12036,40,-40,0
12037,25,-25,0
12038,8,-8,0
12039,-3,3,0
12040,-18,18,0
12041,-31,31,0
12042,-45,45,0
12043,-46,46,0
12044,-32,32,0
12045,-9,9,0
12046,12,-12,0
12047,27,-27,0
12048,39,-39,0
12049,49,-49,0
12050,56,-56,0
12051,56,-56,0
12052,32,-32,0
12053,1,-1,0
12054,-35,35,0
12055,-54,54,0
12056,-60,60,0
12057,-49,49,0
12058,-34,34,0
12059,-22,22,0
12060,2,-2,0
12061,21,-21,0
12062,37,-37,0
12063,46,-46,0
12064,38,-38,0
12065,29,-29,0
12066,12,-12,0
12067,0,0,0
12068,-12,12,0
12069,-21,21,0
12070,-31,31,0
12071,-37,37,0
12072,-38,38,0
12073,-38,38,0
12074,-27,27,0
12075,-19,19,0
12076,-2,2,0
12077,27,-27,0
12078,52,-52,0
12079,66,-66,0
12080,57,-57,0
12081,35,-35,0
12082,12,-12,0
12083,-4,4,0
12084,-20,20,0
12085,-32,32,0
12086,-46,46,0
12087,-55,55,0
12088,-48,48,0
12089,-26,26,0
12090,1,-1,0
12091,27,-27,0
12092,44,-44,0
12093,52,-52,0
12094,56,-56,0
12095,57,-57,0
12096,48,-48,0
12097,26,-26,0
12098,-6,6,0
12099,-43,43,0
12100,-68,68,0
12101,-71,71,0
12102,-58,58,0
12103,-33,33,0
12104,-10,10,0
12105,8,-8,0
12106,31,-31,0
12107,44,-44,0
12108,53,-53,0
12109,42,-42,0
12110,25,-25,0
12111,5,-5,0
12112,-12,12,0
12113,-24,24,0
12114,-34,34,0
12115,-40,40,0
12116,-43,43,0
12117,-41,41,0
12118,-34,34,0
12119,-22,22,0
12120,-10,10,0
12121,5,-5,0
12122,31,-31,0
12123,51,-51,0
12124,63,-63,0
12125,52,-52,0
12126,28,-28,0
12127,2,-2,0
12128,-14,14,0
12129,-22,22,0
12130,-29,29,0
12131,-37,37,0
12132,-44,44,0
12133,-36,36,0
12134,-16,16,0
12135,9,-9,0
12136,33,-33,0
12137,44,-44,0
12138,45,-45,0
12139,37,-37,0
12140,25,-25,0
12141,16,-16,0
12142,3,-3,0
12143,-10,10,0
12144,-32,32,0
12145,-43,43,0
12146,-40,40,0
12147,-29,29,0
12148,-10,10,0
12149,2,-2,0
12150,14,-14,0
12151,22,-22,0
12152,26,-26,0
12153,31,-31,0
12154,26,-26,0
12155,14,-14,0
12156,-2,2,0
12157,-16,16,0
12158,-26,26,0
12159,-27,27,0
12160,-25,25,0
12161,-24,24,0
12162,-26,26,0
12163,-24,24,0
12164,-18,18,0
12165,-9,9,0
12166,5,-5,0
12167,26,-26,0
12168,50,-50,0
12169,54,-54,0
12170,40,-40,0
12171,22,-22,0
12172,4,-4,0
12173,-9,9,0
12174,-22,22,0
12175,-28,28,0
12176,-37,37,0
12177,-41,41,0
12178,-32,32,0
12179,-12,12,0
12180,15,-15,0
12181,34,-34,0
12182,44,-44,0
12183,40,-40,0
12184,31,-31,0
12185,23,-23,0
12186,14,-14,0
12187,0,0,0
12188,-18,18,0
12189,-33,33,0
12190,-38,38,0
12191,-31,31,0
12192,-20,20,0
12193,-2,2,0
12194,10,-10,0
12195,16,-16,0
12196,22,-22,0
12197,23,-23,0
12198,25,-25,0
12199,19,-19,0
12200,3,-3,0
12201,-12,12,0
12202,-24,24,0
12203,-29,29,0
12204,-26,26,0
12205,-24,24,0
12206,-21,21,0
12207,-20,20,0
12208,-17,17,0
12209,-12,12,0
12210,-6,6,0
12211,10,-10,0
12212,28,-28,0
12213,48,-48,0
12214,56,-56,0
12215,43,-43,0
12216,19,-19,0
12217,-2,2,0
12218,-17,17,0
12219,-29,29,0
12220,-32,32,0
12221,-36,36,0
12222,-40,40,0
12223,-30,30,0
12224,-9,9,0
12225,22,-22,0
12226,44,-44,0
12227,54,-54,0
12228,47,-47,0
12229,32,-32,0
12230,19,-19,0
12231,4,-4,0
12232,-7,7,0
12233,-24,24,0
12234,-38,38,0
12235,-46,46,0
12236,-35,35,0
12237,-19,19,0
12238,4,-4,0
12239,22,-22,0
12240,26,-26,0
12241,28,-28,0
12242,22,-22,0
12243,20,-20,0
12244,14,-14,0
12245,0,0,0
12246,-14,14,0
12247,-27,27,0
12248,-31,31,0
12249,-27,27,0
12250,-19,19,0
12251,-12,12,0
12252,-12,12,0
12253,-12,12,0
12254,-10,10,0
12255,-8,8,0
12256,6,-6,0
12257,27,-27,0
12258,48,-48,0
12259,49,-49,0
12260,34,-34,0
12261,16,-16,0
12262,0,0,0
12263,-11,11,0
12264,-18,18,0
12265,-21,21,0
12266,-27,27,0
12267,-34,34,0
12268,-24,24,0
12269,-6,6,0
12270,17,-17,0
12271,37,-37,0
12272,44,-44,0
12273,35,-35,0
12274,19,-19,0
12275,8,-8,0
12276,-2,2,0
12277,-5,5,0
12278,-15,15,0
12279,-27,27,0
12280,-38,38,0
12281,-32,32,0
12282,-16,16,0
12283,3,-3,0
12284,20,-20,0
12285,22,-22,0
12286,22,-22,0
12287,16,-16,0
12288,14,-14,0
12289,11,-11,0
12290,-4,4,0
12291,-17,17,0
12292,-29,29,0
12293,-33,33,0
12294,-28,28,0
12295,-19,19,0
12296,-8,8,0
12297,-7,7,0
12298,-6,6,0
12299,-5,5,0
12300,-9,9,0
12301,0,0,0
12302,23,-23,0
12303,45,-45,0
12304,46,-46,0
12305,33,-33,0
12306,11,-11,0
12307,-9,9,0
12308,-14,14,0
12309,-18,18,0
12310,-17,17,0
12311,-20,20,0
12312,-26,26,0
12313,-20,20,0
12314,-4,4,0
12315,21,-21,0
12316,39,-39,0
12317,43,-43,0
12318,31,-31,0
12319,11,-11,0
12320,0,0,0
12321,-4,4,0
12322,-3,3,0
12323,-12,12,0
12324,-26,26,0
12325,-32,32,0
12326,-29,29,0
12327,-17,17,0
12328,4,-4,0
12329,20,-20,0
12330,23,-23,0
12331,20,-20,0
12332,13,-13,0
12333,9,-9,0
12334,0,0,0
12335,-8,8,0
12336,-17,17,0
12337,-27,27,0
12338,-28,28,0
12339,-20,20,0
12340,-12,12,0
12341,-4,4,0
12342,-5,5,0
12343,-7,7,0
12344,-8,8,0
12345,-15,15,0
12346,0,0,0
12347,21,-21,0
12348,44,-44,0
12349,50,-50,0
12350,36,-36,0
12351,16,-16,0
12352,-6,6,0
12353,-15,15,0
12354,-18,18,0
12355,-15,15,0
12356,-18,18,0
12357,-27,27,0
12358,-19,19,0
12359,-4,4,0
12360,19,-19,0
12361,38,-38,0
12362,44,-44,0
12363,33,-33,0
12364,13,-13,0
12365,0,0,0
12366,-8,8,0
12367,-9,9,0
12368,-14,14,0
12369,-27,27,0
12370,-32,32,0
12371,-24,24,0
12372,-13,13,0
12373,13,-13,0
12374,25,-25,0
12375,29,-29,0
12376,20,-20,0
12377,10,-10,0
12378,5,-5,0
12379,-3,3,0
12380,-10,10,0
12381,-18,18,0
12382,-27,27,0
12383,-30,30,0
12384,-22,22,0
12385,-13,13,0
12386,-4,4,0
12387,-3,3,0
12388,-6,6,0
12389,-7,7,0
12390,-11,11,0
12391,-5,5,0
12392,18,-18,0
12393,35,-35,0
12394,47,-47,0
12395,35,-35,0
12396,21,-21,0
12397,0,0,0
12398,-13,13,0
12399,-16,16,0
12400,-16,16,0
12401,-16,16,0
12402,-23,23,0
12403,-17,17,0
12404,-7,7,0
12405,12,-12,0
12406,33,-33,0
12407,39,-39,0
12408,32,-32,0
12409,14,-14,0
12410,2,-2,0
12411,-3,3,0
12412,-9,9,0
12413,-13,13,0
12414,-26,26,0
12415,-26,26,0
12416,-25,25,0
12417,-10,10,0
12418,12,-12,0
12419,23,-23,0
12420,31,-31,0
12421,20,-20,0
12422,12,-12,0
12423,3,-3,0
12424,-7,7,0
12425,-12,12,0
12426,-21,21,0
12427,-27,27,0
12428,-28,28,0
12429,-22,22,0
12430,-13,13,0
12431,-4,4,0
12432,-2,2,0
12433,-1,1,0
12434,-6,6,0
12435,-14,14,0
12436,-3,3,0
12437,17,-17,0
12438,37,-37,0
12439,49,-49,0
12440,39,-39,0
12441,19,-19,0
12442,-4,4,0
12443,-15,15,0
12444,-19,19,0
12445,-14,14,0
12446,-10,10,0
12447,-19,19,0
12448,-15,15,0
12449,-9,9,0
12450,10,-10,0
12451,28,-28,0
12452,37,-37,0
12453,32,-32,0
12454,14,-14,0
12455,0,0,0
12456,-6,6,0
12457,-9,9,0
12458,-9,9,0
12459,-24,24,0
12460,-27,27,0
12461,-22,22,0
12462,-12,12,0
12463,15,-15,0
12464,26,-26,0
12465,29,-29,0
12466,17,-17,0
12467,6,-6,0
12468,-5,5,0
12469,-15,15,0
12470,-18,18,0
12471,-23,23,0
12472,-24,24,0
12473,-23,23,0
12474,-16,16,0
12475,-7,7,0
12476,0,0,0
12477,2,-2,0
12478,0,0,0
12479,-4,4,0
12480,-12,12,0
12481,-9,9,0
12482,11,-11,0
12483,33,-33,0
12484,51,-51,0
12485,43,-43,0
12486,26,-26,0
12487,0,0,0
12488,-12,12,0
12489,-13,13,0
12490,-14,14,0
12491,-10,10,0
12492,-17,17,0
12493,-16,16,0
12494,-11,11,0
12495,6,-6,0
12496,28,-28,0
12497,38,-38,0
12498,36,-36,0
12499,19,-19,0
12500,2,-2,0
12501,-3,3,0
12502,-13,13,0
12503,-11,11,0
12504,-23,23,0
12505,-24,24,0
12506,-22,22,0
12507,-13,13,0
12508,8,-8,0
12509,22,-22,0
12510,31,-31,0
12511,19,-19,0
12512,6,-6,0
12513,-5,5,0
12514,-16,16,0
12515,-16,16,0
12516,-22,22,0
12517,-23,23,0
12518,-22,22,0
12519,-17,17,0
12520,-11,11,0
12521,-4,4,0
12522,0,0,0
12523,-2,2,0
12524,-8,8,0
12525,-17,17,0
12526,-16,16,0
12527,2,-2,0
12528,23,-23,0
12529,49,-49,0
12530,45,-45,0
12531,29,-29,0
12532,3,-3,0
12533,-16,16,0
12534,-18,18,0
12535,-16,16,0
12536,-9,9,0
12537,-13,13,0
12538,-15,15,0
12539,-12,12,0
12540,1,-1,0
12541,26,-26,0
12542,38,-38,0
12543,38,-38,0
12544,22,-22,0
12545,3,-3,0
12546,-6,6,0
12547,-16,16,0
12548,-11,11,0
12549,-20,20,0
12550,-17,17,0
12551,-17,17,0
12552,-10,10,0
12553,9,-9,0
12554,20,-20,0
12555,30,-30,0
12556,20,-20,0
12557,8,-8,0
12558,-5,5,0
12559,-15,15,0
12560,-17,17,0
12561,-17,17,0
12562,-17,17,0
12563,-17,17,0
12564,-11,11,0
12565,-6,6,0
12566,-2,2,0
12567,0,0,0
12568,-2,2,0
12569,-8,8,0
12570,-17,17,0
12571,-22,22,0
12572,-9,9,0
12573,11,-11,0
12574,37,-37,0
12575,44,-44,0
12576,36,-36,0
12577,18,-18,0
12578,-3,3,0
12579,-14,14,0
12580,-19,19,0
12581,-15,15,0
12582,-15,15,0
12583,-19,19,0
12584,-15,15,0
12585,-5,5,0
12586,15,-15,0
12587,31,-31,0
12588,38,-38,0
12589,28,-28,0
12590,14,-14,0
12591,2,-2,0
12592,-6,6,0
12593,-11,11,0
12594,-14,14,0
12595,-16,16,0
12596,-16,16,0
12597,-10,10,0
12598,1,-1,0
12599,19,-19,0
12600,25,-25,0
12601,22,-22,0
12602,13,-13,0
12603,-1,1,0
12604,-12,12,0
12605,-18,18,0
12606,-18,18,0
12607,-17,17,0
12608,-11,11,0
12609,-9,9,0
12610,-4,4,0
12611,-1,1,0
12612,-1,1,0
12613,-4,4,0
12614,-12,12,0
12615,-15,15,0
12616,-26,26,0
12617,-16,16,0
12618,4,-4,0
12619,32,-32,0
12620,53,-53,0
12621,44,-44,0
12622,25,-25,0
12623,0,0,0
12624,-16,16,0
12625,-24,24,0
12626,-20,20,0
12627,-15,15,0
12628,-23,23,0
12629,-21,21,0
12630,-17,17,0
12631,1,-1,0
12632,24,-24,0
12633,39,-39,0
12634,40,-40,0
12635,25,-25,0
12636,7,-7,0
12637,-2,2,0
12638,-10,10,0
12639,-3,3,0
12640,-8,8,0
12641,-9,9,0
12642,-3,3,0
12643,0,0,0
12644,18,-18,0
12645,21,-21,0
12646,25,-25,0
12647,14,-14,0
12648,-1,1,0
12649,-12,12,0
12650,-19,19,0
12651,-18,18,0
12652,-17,17,0
12653,-9,9,0
12654,-4,4,0
12655,-2,2,0
12656,-3,3,0
12657,-6,6,0
12658,-11,11,0
12659,-21,21,0
12660,-25,25,0
12661,-27,27,0
12662,-29,29,0
12663,-10,10,0
12664,13,-13,0
12665,44,-44,0
12666,52,-52,0
12667,43,-43,0
12668,21,-21,0
12669,-4,4,0
12670,-16,16,0
12671,-20,20,0
12672,-16,16,0
12673,-18,18,0
12674,-23,23,0
12675,-18,18,0
12676,-8,8,0
12677,13,-13,0
12678,32,-32,0
12679,40,-40,0
12680,34,-34,0
12681,16,-16,0
12682,2,-2,0
12683,-12,12,0
12684,-15,15,0
12685,-16,16,0
12686,-15,15,0
12687,-14,14,0
12688,-3,3,0
12689,5,-5,0
12690,24,-24,0
12691,29,-29,0
12692,26,-26,0
12693,14,-14,0
12694,-4,4,0
12695,-15,15,0
12696,-20,20,0
12697,-15,15,0
12698,-11,11,0
12699,-6,6,0
12700,-4,4,0
12701,-2,2,0
12702,-2,2,0
12703,-4,4,0
12704,-5,5,0
12705,-14,14,0
12706,-17,17,0
12707,-25,25,0
12708,-24,24,0
12709,0,0,0
12710,25,-25,0
12711,52,-52,0
12712,49,-49,0
12713,34,-34,0
12714,4,-4,0
12715,-21,21,0
12716,-26,26,0
12717,-27,27,0
12718,-19,19,0
12719,-23,23,0
12720,-22,22,0
12721,-18,18,0
12722,-4,4,0
12723,17,-17,0
12724,31,-31,0
12725,37,-37,0
12726,28,-28,0
12727,14,-14,0
12728,2,-2,0
12729,-6,6,0
12730,-6,6,0
12731,-12,12,0
12732,-5,5,0
12733,-8,8,0
12734,2,-2,0
12735,13,-13,0
12736,17,-17,0
12737,18,-18,0
12738,4,-4,0
12739,-6,6,0
12740,-18,18,0
12741,-22,22,0
12742,-19,19,0
12743,-12,12,0
12744,-3,3,0
12745,4,-4,0
12746,10,-10,0
12747,8,-8,0
12748,4,-4,0
12749,-1,1,0
12750,-8,8,0
12751,-18,18,0
12752,-24,24,0
12753,-33,33,0
12754,-22,22,0
12755,3,-3,0
12756,37,-37,0
12757,50,-50,0
12758,40,-40,0
12759,19,-19,0
12760,-6,6,0
12761,-16,16,0
12762,-19,19,0
12763,-14,14,0
12764,-12,12,0
12765,-20,20,0
12766,-21,21,0
12767,-15,15,0
12768,6,-6,0
12769,29,-29,0
12770,40,-40,0
12771,38,-38,0
12772,21,-21,0
12773,8,-8,0
12774,-4,4,0
12775,-17,17,0
12776,-11,11,0
12777,-11,11,0
12778,-10,10,0
12779,-2,2,0
12780,1,-1,0
12781,9,-9,0
12782,4,-4,0
12783,6,-6,0
12784,-1,1,0
12785,-10,10,0
12786,-14,14,0
12787,-12,12,0
12788,-5,5,0
12789,2,-2,0
12790,7,-7,0
12791,6,-6,0
12792,2,-2,0
12793,-3,3,0
12794,-7,7,0
12795,-11,11,0
12796,-16,16,0
12797,-19,19,0
12798,-27,27,0
12799,-25,25,0
12800,2,-2,0
12801,26,-26,0
12802,58,-58,0
12803,54,-54,0
12804,35,-35,0
12805,7,-7,0
12806,-16,16,0
12807,-22,22,0
12808,-20,20,0
12809,-13,13,0
12810,-15,15,0
12811,-21,21,0
12812,-10,10,0
12813,4,-4,0
12814,30,-30,0
12815,41,-41,0
12816,43,-43,0
12817,26,-26,0
12818,7,-7,0
12819,-9,9,0
12820,-23,23,0
12821,-25,25,0
12822,-31,31,0
12823,-26,26,0
12824,-18,18,0
12825,-3,3,0
12826,11,-11,0
12827,17,-17,0
12828,22,-22,0
12829,7,-7,0
12830,0,0,0
12831,-11,11,0
12832,-13,13,0
12833,-6,6,0
12834,0,0,0
12835,5,-5,0
12836,5,-5,0
12837,0,0,0
12838,-3,3,0
12839,-8,8,0
12840,-13,13,0
12841,-16,16,0
12842,-22,22,0
12843,-25,25,0
12844,-30,30,0
12845,-13,13,0
12846,12,-12,0
12847,43,-43,0
12848,53,-53,0
12849,40,-40,0
12850,17,-17,0
12851,-12,12,0
12852,-20,20,0
12853,-21,21,0
12854,-18,18,0
12855,-15,15,0
12856,-17,17,0
12857,-10,10,0
12858,0,0,0
12859,25,-25,0
12860,45,-45,0
12861,47,-47,0
12862,40,-40,0
12863,18,-18,0
12864,-1,1,0
12865,-13,13,0
12866,-24,24,0
12867,-21,21,0
12868,-18,18,0
12869,-14,14,0
12870,1,-1,0
12871,8,-8,0
12872,20,-20,0
12873,14,-14,0
12874,5,-5,0
12875,-11,11,0
12876,-24,24,0
12877,-26,26,0
12878,-18,18,0
12879,-7,7,0
12880,2,-2,0
12881,8,-8,0
12882,5,-5,0
12883,2,-2,0
12884,-6,6,0
12885,-12,12,0
12886,-13,13,0
12887,-17,17,0
12888,-16,16,0
12889,-20,20,0
12890,-19,19,0
12891,8,-8,0
12892,36,-36,0
12893,58,-58,0
12894,49,-49,0
12895,21,-21,0
12896,-3,3,0
12897,-24,24,0
12898,-26,26,0
12899,-21,21,0
12900,-19,19,0
12901,-24,24,0
12902,-25,25,0
12903,-11,11,0
12904,11,-11,0
12905,42,-42,0
12906,54,-54,0
12907,51,-51,0
12908,32,-32,0
12909,17,-17,0
12910,1,-1,0
12911,-12,12,0
12912,-21,21,0
12913,-30,30,0
12914,-23,23,0
12915,-20,20,0
12916,-3,3,0
12917,13,-13,0
12918,14,-14,0
12919,14,-14,0
12920,-7,7,0
12921,-17,17,0
12922,-21,21,0
12923,-15,15,0
12924,-7,7,0
12925,-3,3,0
12926,2,-2,0
12927,3,-3,0
12928,1,-1,0
12929,-1,1,0
12930,-3,3,0
12931,-6,6,0
12932,-10,10,0
12933,-15,15,0
12934,-20,20,0
12935,-25,25,0
12936,-10,10,0
12937,23,-23,0
12938,51,-51,0
12939,57,-57,0
12940,42,-42,0
12941,18,-18,0
12942,-11,11,0
12943,-19,19,0
12944,-21,21,0
12945,-21,21,0
12946,-23,23,0
12947,-29,29,0
12948,-20,20,0
12949,-1,1,0
12950,23,-23,0
12951,43,-43,0
12952,42,-42,0
12953,31,-31,0
12954,16,-16,0
12955,2,-2,0
12956,-6,6,0
12957,-18,18,0
12958,-21,21,0
12959,-24,24,0
12960,-19,19,0
12961,-1,1,0
12962,7,-7,0
12963,18,-18,0
12964,15,-15,0
12965,7,-7,0
12966,-3,3,0
12967,-13,13,0
12968,-14,14,0
12969,-10,10,0
12970,-6,6,0
12971,0,0,0
12972,4,-4,0
12973,3,-3,0
12974,1,-1,0
12975,-4,4,0
12976,-11,11,0
12977,-15,15,0
12978,-23,23,0
12979,-26,26,0
12980,-32,32,0
12981,-19,19,0
12982,13,-13,0
12983,45,-45,0
12984,60,-60,0
12985,49,-49,0
12986,25,-25,0
12987,-2,2,0
12988,-17,17,0
12989,-21,21,0
12990,-21,21,0
12991,-20,20,0
12992,-25,25,0
12993,-20,20,0
12994,-3,3,0
12995,20,-20,0
12996,41,-41,0
12997,43,-43,0
12998,37,-37,0
12999,17,-17,0
13000,3,-3,0
13001,-9,9,0
13002,-22,22,0
13003,-24,24,0
13004,-26,26,0
13005,-14,14,0
13006,-1,1,0
13007,8,-8,0
13008,19,-19,0
13009,11,-11,0
13010,7,-7,0
13011,-6,6,0
13012,-12,12,0
13013,-14,14,0
13014,-12,12,0
13015,-8,8,0
13016,-2,2,0
13017,1,-1,0
13018,3,-3,0
13019,2,-2,0
13020,0,0,0
13021,-1,1,0
13022,-7,7,0
13023,-14,14,0
13024,-22,22,0
13025,-30,30,0
13026,-28,28,0
13027,1,-1,0
13028,33,-33,0
13029,62,-62,0
13030,56,-56,0
13031,35,-35,0
13032,9,-9,0
13033,-10,10,0
13034,-15,15,0
13035,-16,16,0
13036,-20,20,0
13037,-28,28,0
13038,-31,31,0
13039,-13,13,0
13040,5,-5,0
13041,32,-32,0
13042,37,-37,0
13043,37,-37,0
13044,21,-21,0
13045,11,-11,0
13046,-1,1,0
13047,-11,11,0
13048,-23,23,0
13049,-34,34,0
13050,-27,27,0
13051,-15,15,0
13052,0,0,0
13053,13,-13,0
13054,10,-10,0
13055,11,-11,0
13056,-3,3,0
13057,-6,6,0
13058,-12,12,0
13059,-12,12,0
13060,-9,9,0
13061,-6,6,0
13062,-2,2,0
13063,3,-3,0
13064,2,-2,0
13065,1,-1,0
13066,-7,7,0
13067,-12,12,0
13068,-14,14,0
13069,-18,18,0
13070,-20,20,0
13071,-21,21,0
13072,-8,8,0
13073,26,-26,0
13074,55,-55,0
13075,58,-58,0
13076,44,-44,0
13077,16,-16,0
13078,-11,11,0
13079,-18,18,0
13080,-21,21,0
13081,-22,22,0
13082,-25,25,0
13083,-28,28,0
13084,-14,14,0
13085,4,-4,0
13086,32,-32,0
13087,37,-37,0
13088,33,-33,0
13089,14,-14,0
13090,5,-5,0
13091,2,-2,0
13092,-3,3,0
13093,-28,28,0
13094,-26,26,0
13095,-26,26,0
13096,-15,15,0
13097,10,-10,0
13098,20,-20,0
13099,21,-21,0
13100,18,-18,0
13101,2,-2,0
13102,4,-4,0
13103,-12,12,0
13104,-10,10,0
13105,-17,17,0
13106,-14,14,0
13107,-5,5,0
13108,1,-1,0
13109,3,-3,0
13110,4,-4,0
13111,-4,4,0
13112,-8,8,0
13113,-14,14,0
13114,-15,15,0
13115,-20,20,0
13116,-24,24,0
13117,-25,25,0
13118,1,-1,0
13119,32,-32,0
13120,68,-68,0
13121,59,-59,0
13122,36,-36,0
13123,13,-13,0
13124,-12,12,0
13125,-19,19,0
13126,-19,19,0
13127,-23,23,0
13128,-30,30,0
13129,-29,29,0
13130,-10,10,0
13131,11,-11,0
13132,37,-37,0
13133,38,-38,0
13134,32,-32,0
13135,14,-14,0
13136,7,-7,0
13137,-5,5,0
13138,-10,10,0
13139,-23,23,0
13140,-28,28,0
13141,-20,20,0
13142,-11,11,0
13143,11,-11,0
13144,19,-19,0
13145,19,-19,0
13146,15,-15,0
13147,3,-3,0
13148,-1,1,0
13149,-6,6,0
13150,-10,10,0
13151,-10,10,0
13152,-9,9,0
13153,-3,3,0
13154,-1,1,0
13155,0,0,0
13156,-5,5,0
13157,-8,8,0
13158,-15,15,0
13159,-11,11,0
13160,-17,17,0
13161,-17,17,0
13162,-21,21,0
13163,-17,17,0
13164,12,-12,0
13165,38,-38,0
13166,63,-63,0
13167,50,-50,0
13168,21,-21,0
13169,-1,1,0
13170,-15,15,0
13171,-20,20,0
13172,-21,21,0
13173,-23,23,0
13174,-31,31,0
13175,-25,25,0
13176,-2,2,0
13177,15,-15,0
13178,35,-35,0
13179,32,-32,0
13180,27,-27,0
13181,10,-10,0
13182,6,-6,0
13183,-2,2,0
13184,-15,15,0
13185,-23,23,0
13186,-26,26,0
13187,-13,13,0
13188,0,0,0
13189,14,-14,0
13190,15,-15,0
13191,12,-12,0
13192,6,-6,0
13193,0,0,0
13194,-8,8,0
13195,-11,11,0
13196,-13,13,0
13197,-6,6,0
13198,-3,3,0
13199,6,-6,0
13200,4,-4,0
13201,0,0,0
13202,-8,8,0
13203,-14,14,0
13204,-19,19,0
13205,-17,17,0
13206,-17,17,0
13207,-23,23,0
13208,-27,27,0
13209,-18,18,0
13210,20,-20,0
13211,49,-49,0
13212,69,-69,0
13213,54,-54,0
13214,24,-24,0
13215,-4,4,0
13216,-13,13,0
13217,-24,24,0
13218,-26,26,0
13219,-32,32,0
13220,-37,37,0
13221,-25,25,0
13222,4,-4,0
13223,30,-30,0
13224,42,-42,0
13225,36,-36,0
13226,24,-24,0
13227,11,-11,0
13228,5,-5,0
13229,-2,2,0
13230,-19,19,0
13231,-25,25,0
13232,-31,31,0
13233,-10,10,0
13234,0,0,0
13235,15,-15,0
13236,14,-14,0
13237,13,-13,0
13238,7,-7,0
13239,5,-5,0
13240,0,0,0
13241,-5,5,0
13242,-12,12,0
13243,-8,8,0
13244,-2,2,0
13245,2,-2,0
13246,3,-3,0
13247,-4,4,0
13248,-10,10,0
13249,-17,17,0
13250,-15,15,0
13251,-19,19,0
13252,-20,20,0
13253,-24,24,0
13254,-21,21,0
13255,-12,12,0
13256,26,-26,0
13257,50,-50,0
13258,64,-64,0
13259,45,-45,0
13260,17,-17,0
13261,-5,5,0
13262,-10,10,0
13263,-18,18,0
13264,-27,27,0
13265,-33,33,0
13266,-37,37,0
13267,-18,18,0
13268,9,-9,0
13269,34,-34,0
13270,41,-41,0
13271,36,-36,0
13272,22,-22,0
13273,13,-13,0
13274,9,-9,0
13275,-3,3,0
13276,-20,20,0
13277,-25,25,0
13278,-26,26,0
13279,-5,5,0
13280,1,-1,0
13281,11,-11,0
13282,11,-11,0
13283,7,-7,0
13284,7,-7,0
13285,2,-2,0
13286,-6,6,0
13287,-11,11,0
13288,-15,15,0
13289,-9,9,0
13290,-1,1,0
13291,1,-1,0
13292,1,-1,0
13293,-5,5,0
13294,-11,11,0
13295,-16,16,0
13296,-15,15,0
13297,-18,18,0
13298,-19,19,0
13299,-26,26,0
13300,-24,24,0
13301,-11,11,0
13302,25,-25,0
13303,50,-50,0
13304,70,-70,0
13305,48,-48,0
13306,17,-17,0
13307,-1,1,0
13308,-9,9,0
13309,-18,18,0
13310,-24,24,0
13311,-32,32,0
13312,-36,36,0
13313,-18,18,0
13314,12,-12,0
13315,32,-32,0
13316,37,-37,0
13317,32,-32,0
13318,23,-23,0
13319,19,-19,0
13320,13,-13,0
13321,-1,1,0
13322,-24,24,0
13323,-29,29,0
13324,-23,23,0
13325,-8,8,0
13326,7,-7,0
13327,11,-11,0
13328,10,-10,0
13329,12,-12,0
13330,8,-8,0
13331,6,-6,0
13332,-7,7,0
13333,-13,13,0
13334,-14,14,0
13335,-10,10,0
13336,-1,1,0
13337,-1,1,0
13338,-5,5,0
13339,-12,12,0
13340,-16,16,0
13341,-19,19,0
13342,-17,17,0
13343,-18,18,0
13344,-19,19,0
13345,-23,23,0
13346,-20,20,0
13347,-5,5,0
13348,24,-24,0
13349,50,-50,0
13350,71,-71,0
13351,45,-45,0
13352,18,-18,0
13353,2,-2,0
13354,-8,8,0
13355,-22,22,0
13356,-30,30,0
13357,-39,39,0
13358,-41,41,0
13359,-19,19,0
13360,12,-12,0
13361,34,-34,0
13362,40,-40,0
13363,36,-36,0
13364,29,-29,0
13365,25,-25,0
13366,14,-14,0
13367,-5,5,0
13368,-27,27,0
13369,-37,37,0
13370,-26,26,0
13371,-10,10,0
13372,1,-1,0
13373,8,-8,0
13374,11,-11,0
13375,16,-16,0
13376,16,-16,0
13377,11,-11,0
13378,-2,2,0
13379,-9,9,0
13380,-11,11,0
13381,-6,6,0
13382,0,0,0
13383,-2,2,0
13384,-6,6,0
13385,-10,10,0
13386,-9,9,0
13387,-13,13,0
13388,-15,15,0
13389,-20,20,0
13390,-23,23,0
13391,-27,27,0
13392,-27,27,0
13393,-17,17,0
13394,9,-9,0
13395,40,-40,0
13396,64,-64,0
13397,46,-46,0
13398,20,-20,0
13399,5,-5,0
13400,-5,5,0
13401,-19,19,0
13402,-24,24,0
13403,-38,38,0
13404,-41,41,0
13405,-24,24,0
13406,6,-6,0
13407,27,-27,0
13408,35,-35,0
13409,35,-35,0
13410,30,-30,0
13411,26,-26,0
13412,15,-15,0
13413,-2,2,0
13414,-22,22,0
13415,-32,32,0
13416,-23,23,0
13417,-11,11,0
13418,-1,1,0
13419,8,-8,0
13420,10,-10,0
13421,16,-16,0
13422,17,-17,0
13423,13,-13,0
13424,3,-3,0
13425,-7,7,0
13426,-8,8,0
13427,-4,4,0
13428,-1,1,0
13429,-2,2,0
13430,-5,5,0
13431,-8,8,0
13432,-11,11,0
13433,-15,15,0
13434,-15,15,0
13435,-17,17,0
13436,-17,17,0
13437,-18,18,0
13438,-17,17,0
13439,-8,8,0
13440,23,-23,0
13441,44,-44,0
13442,62,-62,0
13443,40,-40,0
13444,14,-14,0
13445,-1,1,0
13446,-8,8,0
13447,-21,21,0
13448,-33,33,0
13449,-40,40,0
13450,-39,39,0
13451,-16,16,0
13452,10,-10,0
13453,30,-30,0
13454,35,-35,0
13455,33,-33,0
13456,29,-29,0
13457,23,-23,0
13458,9,-9,0
13459,-11,11,0
13460,-29,29,0
13461,-34,34,0
13462,-20,20,0
13463,-4,4,0
13464,5,-5,0
13465,13,-13,0
13466,16,-16,0
13467,22,-22,0
13468,19,-19,0
13469,12,-12,0
13470,-2,2,0
13471,-11,11,0
13472,-13,13,0
13473,-8,8,0
13474,-5,5,0
13475,-5,5,0
13476,-3,3,0
13477,-10,10,0
13478,-9,9,0
13479,-12,12,0
13480,-16,16,0
13481,-20,20,0
13482,-20,20,0
13483,-21,21,0
13484,-22,22,0
13485,-12,12,0
13486,18,-18,0
13487,43,-43,0
13488,66,-66,0
13489,47,-47,0
13490,21,-21,0
13491,4,-4,0
13492,-5,5,0
13493,-24,24,0
13494,-33,33,0
13495,-45,45,0
13496,-45,45,0
13497,-22,22,0
13498,6,-6,0
13499,25,-25,0
13500,34,-34,0
13501,37,-37,0
13502,36,-36,0
13503,32,-32,0
13504,18,-18,0
13505,-7,7,0
13506,-25,25,0
13507,-33,33,0
13508,-24,24,0
13509,-10,10,0
13510,0,0,0
13511,8,-8,0
13512,14,-14,0
13513,22,-22,0
13514,20,-20,0
13515,11,-11,0
13516,-3,3,0
13517,-10,10,0
13518,-11,11,0
13519,-4,4,0
13520,-2,2,0
13521,-6,6,0
13522,-6,6,0
13523,-8,8,0
13524,-10,10,0
13525,-11,11,0
13526,-14,14,0
13527,-15,15,0
13528,-17,17,0
13529,-19,19,0
13530,-17,17,0
13531,-6,6,0
13532,24,-24,0
13533,40,-40,0
13534,54,-54,0
13535,37,-37,0
13536,15,-15,0
13537,0,0,0
13538,-8,8,0
13539,-25,25,0
13540,-39,39,0
13541,-41,41,0
13542,-36,36,0
13543,-12,12,0
13544,16,-16,0
13545,31,-31,0
13546,36,-36,0
13547,35,-35,0
13548,33,-33,0
13549,26,-26,0
13550,11,-11,0
13551,-14,14,0
13552,-33,33,0
13553,-34,34,0
13554,-19,19,0
13555,-7,7,0
13556,1,-1,0
13557,9,-9,0
13558,15,-15,0
13559,22,-22,0
13560,19,-19,0
13561,6,-6,0
13562,-4,4,0
13563,-9,9,0
13564,-8,8,0
13565,-4,4,0
13566,-5,5,0
13567,-7,7,0
13568,-7,7,0
13569,-8,8,0
13570,-9,9,0
13571,-13,13,0
13572,-13,13,0
13573,-16,16,0
13574,-16,16,0
13575,-16,16,0
13576,-16,16,0
13577,-4,4,0
13578,31,-31,0
13579,51,-51,0
13580,56,-56,0
13581,37,-37,0
13582,9,-9,0
13583,-7,7,0
13584,-12,12,0
13585,-28,28,0
13586,-41,41,0
13587,-44,44,0
13588,-34,34,0
13589,-5,5,0
13590,19,-19,0
13591,33,-33,0
13592,33,-33,0
13593,28,-28,0
13594,28,-28,0
13595,24,-24,0
13596,11,-11,0
13597,-19,19,0
13598,-34,34,0
13599,-29,29,0
13600,-20,20,0
13601,-5,5,0
13602,-3,3,0
13603,6,-6,0
13604,14,-14,0
13605,24,-24,0
13606,20,-20,0
13607,5,-5,0
13608,-8,8,0
13609,-10,10,0
13610,-7,7,0
13611,-3,3,0
13612,-2,2,0
13613,-6,6,0
13614,-6,6,0
13615,-5,5,0
13616,-11,11,0
13617,-15,15,0
13618,-20,20,0
13619,-19,19,0
13620,-17,17,0
13621,-13,13,0
13622,-10,10,0
13623,4,-4,0
13624,37,-37,0
13625,58,-58,0
13626,48,-48,0
13627,30,-30,0
13628,5,-5,0
13629,-12,12,0
13630,-19,19,0
13631,-29,29,0
13632,-46,46,0
13633,-44,44,0
13634,-28,28,0
13635,-2,2,0
13636,18,-18,0
13637,32,-32,0
13638,33,-33,0
13639,38,-38,0
13640,38,-38,0
13641,34,-34,0
13642,9,-9,0
13643,-13,13,0
13644,-28,28,0
13645,-23,23,0
13646,-16,16,0
13647,-9,9,0
13648,-4,4,0
13649,1,-1,0
13650,14,-14,0
13651,15,-15,0
13652,9,-9,0
13653,-4,4,0
13654,-11,11,0
13655,-10,10,0
13656,-6,6,0
13657,-6,6,0
13658,-5,5,0
13659,-8,8,0
13660,-7,7,0
13661,-6,6,0
13662,-10,10,0
13663,-12,12,0
13664,-11,11,0
13665,-12,12,0
13666,-11,11,0
13667,-8,8,0
13668,-6,6,0
13669,3,-3,0
13670,31,-31,0
13671,51,-51,0
13672,45,-45,0
13673,26,-26,0
13674,3,-3,0
13675,-8,8,0
13676,-16,16,0
13677,-26,26,0
13678,-42,42,0
13679,-38,38,0
13680,-23,23,0
13681,0,0,0
13682,19,-19,0
13683,26,-26,0
13684,29,-29,0
13685,33,-33,0
13686,34,-34,0
13687,30,-30,0
13688,8,-8,0
13689,-13,13,0
13690,-21,21,0
13691,-20,20,0
13692,-12,12,0
13693,-3,3,0
13694,0,0,0
13695,8,-8,0
13696,19,-19,0
13697,20,-20,0
13698,15,-15,0
13699,0,0,0
13700,-6,6,0
13701,-7,7,0
13702,-8,8,0
13703,-10,10,0
13704,-10,10,0
13705,-11,11,0
13706,-8,8,0
13707,-9,9,0
13708,-12,12,0
13709,-16,16,0
13710,-13,13,0
13711,-7,7,0
13712,-10,10,0
13713,-8,8,0
13714,-7,7,0
13715,5,-5,0
13716,33,-33,0
13717,50,-50,0
13718,35,-35,0
13719,19,-19,0
13720,3,-3,0
13721,-8,8,0
13722,-13,13,0
13723,-22,22,0
13724,-35,35,0
13725,-34,34,0
13726,-18,18,0
13727,-1,1,0
13728,12,-12,0
13729,15,-15,0
13730,18,-18,0
13731,25,-25,0
13732,29,-29,0
13733,22,-22,0
13734,0,0,0
13735,-17,17,0
13736,-24,24,0
13737,-19,19,0
13738,-14,14,0
13739,-9,9,0
13740,-2,2,0
13741,9,-9,0
13742,22,-22,0
13743,23,-23,0
13744,17,-17,0
13745,6,-6,0
13746,2,-2,0
13747,1,-1,0
13748,-3,3,0
13749,-9,9,0
13750,-12,12,0
13751,-14,14,0
13752,-13,13,0
13753,-13,13,0
13754,-15,15,0
13755,-14,14,0
13756,-14,14,0
13757,-9,9,0
13758,-6,6,0
13759,-11,11,0
13760,-7,7,0
13761,3,-3,0
13762,26,-26,0
13763,41,-41,0
13764,31,-31,0
13765,18,-18,0
13766,10,-10,0
13767,4,-4,0
13768,-1,1,0
13769,-17,17,0
13770,-33,33,0
13771,-33,33,0
13772,-17,17,0
13773,0,0,0
13774,8,-8,0
13775,12,-12,0
13776,17,-17,0
13777,26,-26,0
13778,33,-33,0
13779,23,-23,0
13780,3,-3,0
13781,-9,9,0
13782,-19,19,0
13783,-15,15,0
13784,-20,20,0
13785,-21,21,0
13786,-16,16,0
13787,-4,4,0
13788,11,-11,0
13789,12,-12,0
13790,9,-9,0
13791,2,-2,0
13792,4,-4,0
13793,3,-3,0
13794,0,0,0
13795,-3,3,0
13796,-8,8,0
13797,-9,9,0
13798,-9,9,0
13799,-14,14,0
13800,-21,21,0
13801,-18,18,0
13802,-13,13,0
13803,-6,6,0
13804,-2,2,0
13805,-3,3,0
13806,0,0,0
13807,12,-12,0
13808,33,-33,0
13809,42,-42,0
13810,31,-31,0
13811,20,-20,0
13812,9,-9,0
13813,1,-1,0
13814,-5,5,0
13815,-20,20,0
13816,-31,31,0
13817,-27,27,0
13818,-12,12,0
13819,0,0,0
13820,6,-6,0
13821,11,-11,0
13822,20,-20,0
13823,27,-27,0
13824,30,-30,0
13825,19,-19,0
13826,3,-3,0
13827,-6,6,0
13828,-18,18,0
13829,-15,15,0
13830,-22,22,0
13831,-20,20,0
13832,-12,12,0
13833,0,0,0
13834,13,-13,0
13835,13,-13,0
13836,10,-10,0
13837,10,-10,0
13838,9,-9,0
13839,5,-5,0
13840,-1,1,0
13841,-7,7,0
13842,-10,10,0
13843,-12,12,0
13844,-16,16,0
13845,-21,21,0
13846,-23,23,0
13847,-18,18,0
13848,-12,12,0
13849,-7,7,0
13850,-4,4,0
13851,-3,3,0
13852,1,-1,0
13853,10,-10,0
13854,30,-30,0
13855,37,-37,0
13856,32,-32,0
13857,21,-21,0
13858,12,-12,0
13859,8,-8,0
13860,-1,1,0
13861,-15,15,0
13862,-25,25,0
13863,-23,23,0
13864,-14,14,0
13865,-4,4,0
13866,6,-6,0
13867,14,-14,0
13868,26,-26,0
13869,34,-34,0
13870,37,-37,0
13871,20,-20,0
13872,5,-5,0
13873,-5,5,0
13874,-12,12,0
13875,-14,14,0
13876,-26,26,0
13877,-26,26,0
13878,-20,20,0
13879,-4,4,0
13880,8,-8,0
13881,17,-17,0
13882,22,-22,0
13883,18,-18,0
13884,12,-12,0
13885,0,0,0
13886,-9,9,0
13887,-13,13,0
13888,-8,8,0
13889,-4,4,0
13890,-7,7,0
13891,-23,23,0
13892,-36,36,0
13893,-32,32,0
13894,-23,23,0
13895,-23,23,0
13896,-27,27,0
13897,-20,20,0
13898,-5,5,0
13899,12,-12,0
13900,39,-39,0
13901,45,-45,0
13902,40,-40,0
13903,29,-29,0
13904,22,-22,0
13905,16,-16,0
13906,4,-4,0
13907,-13,13,0
13908,-26,26,0
13909,-25,25,0
13910,-21,21,0
13911,-12,12,0
13912,-2,2,0
13913,10,-10,0
13914,24,-24,0
13915,34,-34,0
13916,36,-36,0
13917,27,-27,0
13918,12,-12,0
13919,6,-6,0
13920,-10,10,0
13921,-16,16,0
13922,-29,29,0
13923,-27,27,0
13924,-19,19,0
13925,-9,9,0
13926,4,-4,0
13927,11,-11,0
13928,19,-19,0
13929,20,-20,0
13930,18,-18,0
13931,11,-11,0
13932,2,-2,0
13933,-5,5,0
13934,-10,10,0
13935,-16,16,0
13936,-23,23,0
13937,-29,29,0
13938,-31,31,0
13939,-28,28,0
13940,-21,21,0
13941,-17,17,0
13942,-9,9,0
13943,-3,3,0
13944,1,-1,0
13945,9,-9,0
13946,30,-30,0
13947,35,-35,0
13948,36,-36,0
13949,23,-23,0
13950,15,-15,0
13951,8,-8,0
13952,0,0,0
13953,-13,13,0
13954,-22,22,0
13955,-19,19,0
13956,-14,14,0
13957,-6,6,0
13958,1,-1,0
13959,10,-10,0
13960,23,-23,0
13961,33,-33,0
13962,37,-37,0
13963,29,-29,0
13964,15,-15,0
13965,6,-6,0
13966,-9,9,0
13967,-14,14,0
13968,-29,29,0
13969,-28,28,0
13970,-20,20,0
13971,-8,8,0
13972,0,0,0
13973,6,-6,0
13974,13,-13,0
13975,16,-16,0
13976,19,-19,0
13977,12,-12,0
13978,5,-5,0
13979,-3,3,0
13980,-11,11,0
13981,-19,19,0
13982,-25,25,0
13983,-28,28,0
13984,-30,30,0
13985,-25,25,0
13986,-20,20,0
13987,-16,16,0
13988,-6,6,0
13989,0,0,0
13990,3,-3,0
13991,12,-12,0
13992,30,-30,0
13993,37,-37,0
13994,36,-36,0
13995,25,-25,0
13996,16,-16,0
13997,8,-8,0
13998,0,0,0
13999,-17,17,0
14000,-27,27,0
14001,-25,25,0
14002,-22,22,0
14003,-15,15,0
14004,-5,5,0
14005,6,-6,0
14006,20,-20,0
14007,34,-34,0
14008,39,-39,0
14009,34,-34,0
14010,22,-22,0
14011,14,-14,0
14012,-3,3,0
14013,-12,12,0
14014,-31,31,0
14015,-32,32,0
14016,-25,25,0
14017,-16,16,0
14018,-7,7,0
14019,-1,1,0
14020,10,-10,0
14021,15,-15,0
14022,18,-18,0
14023,12,-12,0
14024,5,-5,0
14025,0,0,0
14026,-6,6,0
14027,-16,16,0
14028,-23,23,0
14029,-29,29,0
14030,-32,32,0
14031,-28,28,0
14032,-24,24,0
14033,-22,22,0
14034,-11,11,0
14035,0,0,0
14036,5,-5,0
14037,16,-16,0
14038,39,-39,0
14039,43,-43,0
14040,41,-41,0
14041,28,-28,0
14042,17,-17,0
14043,9,-9,0
14044,0,0,0
14045,-19,19,0
14046,-29,29,0
14047,-30,30,0
14048,-26,26,0
14049,-18,18,0
14050,-10,10,0
14051,4,-4,0
14052,19,-19,0
14053,35,-35,0
14054,42,-42,0
14055,39,-39,0
14056,27,-27,0
14057,21,-21,0
14058,1,-1,0
14059,-14,14,0
14060,-32,32,0
14061,-35,35,0
14062,-31,31,0
14063,-24,24,0
14064,-13,13,0
14065,-3,3,0
14066,8,-8,0
14067,16,-16,0
14068,20,-20,0
14069,15,-15,0
14070,11,-11,0
14071,4,-4,0
14072,-2,2,0
14073,-12,12,0
14074,-20,20,0
14075,-26,26,0
14076,-32,32,0
14077,-30,30,0
14078,-28,28,0
14079,-23,23,0
14080,-11,11,0
14081,0,0,0
14082,10,-10,0
14083,19,-19,0
14084,40,-40,0
14085,44,-44,0
14086,46,-46,0
14087,39,-39,0
14088,26,-26,0
14089,16,-16,0
14090,4,-4,0
14091,-17,17,0
14092,-28,28,0
14093,-33,33,0
14094,-31,31,0
14095,-25,25,0
14096,-16,16,0
14097,0,0,0
14098,16,-16,0
14099,34,-34,0
14100,43,-43,0
14101,49,-49,0
14102,33,-33,0
14103,25,-25,0
14104,4,-4,0
14105,-11,11,0
14106,-29,29,0
14107,-38,38,0
14108,-39,39,0
14109,-35,35,0
14110,-28,28,0
14111,-17,17,0
14112,-3,3,0
14113,10,-10,0
14114,20,-20,0
14115,20,-20,0
14116,19,-19,0
14117,14,-14,0
14118,8,-8,0
14119,-2,2,0
14120,-11,11,0
14121,-20,20,0
14122,-29,29,0
14123,-31,31,0
14124,-33,33,0
14125,-31,31,0
14126,-23,23,0
14127,-14,14,0
14128,0,0,0
14129,23,-23,0
14130,41,-41,0
14131,57,-57,0
14132,50,-50,0
14133,49,-49,0
14134,37,-37,0
14135,26,-26,0
14136,5,-5,0
14137,-16,16,0
14138,-31,31,0
14139,-36,36,0
14140,-39,39,0
14141,-38,38,0
14142,-33,33,0
14143,-15,15,0
14144,3,-3,0
14145,25,-25,0
14146,34,-34,0
14147,45,-45,0
14148,43,-43,0
14149,38,-38,0
14150,20,-20,0
14151,2,-2,0
14152,-19,19,0
14153,-27,27,0
14154,-31,31,0
14155,-31,31,0
14156,-29,29,0
14157,-21,21,0
14158,-11,11,0
14159,0,0,0
14160,8,-8,0
14161,14,-14,0
14162,15,-15,0
14163,17,-17,0
14164,12,-12,0
14165,6,-6,0
14166,-4,4,0
14167,-15,15,0
14168,-25,25,0
14169,-33,33,0
14170,-39,39,0
14171,-39,39,0
14172,-32,32,0
14173,-21,21,0
14174,-7,7,0
14175,19,-19,0
14176,37,-37,0
14177,56,-56,0
14178,51,-51,0
14179,54,-54,0
14180,50,-50,0
14181,39,-39,0
14182,14,-14,0
14183,-3,3,0
14184,-25,25,0
14185,-33,33,0
14186,-41,41,0
14187,-46,46,0
14188,-42,42,0
14189,-22,22,0
14190,-2,2,0
14191,17,-17,0
14192,32,-32,0
14193,40,-40,0
14194,45,-45,0
14195,39,-39,0
14196,30,-30,0
14197,5,-5,0
14198,-9,9,0
14199,-24,24,0
14200,-30,30,0
14201,-38,38,0
14202,-37,37,0
14203,-33,33,0
14204,-22,22,0
14205,-10,10,0
14206,0,0,0
14207,11,-11,0
14208,18,-18,0
14209,23,-23,0
14210,21,-21,0
14211,17,-17,0
14212,7,-7,0
14213,2,-2,0
14214,-5,5,0
14215,-14,14,0
14216,-26,26,0
14217,-31,31,0
14218,-33,33,0
14219,-30,30,0
14220,-23,23,0
14221,-3,3,0
14222,12,-12,0
14223,33,-33,0
14224,39,-39,0
14225,44,-44,0
14226,48,-48,0
14227,41,-41,0
14228,27,-27,0
14229,14,-14,0
14230,0,0,0
14231,-13,13,0
14232,-24,24,0
14233,-34,34,0
14234,-37,37,0
14235,-31,31,0
14236,-21,21,0
14237,-7,7,0
14238,6,-6,0
14239,14,-14,0
14240,29,-29,0
14241,30,-30,0
14242,30,-30,0
14243,16,-16,0
14244,14,-14,0
14245,5,-5,0
14246,0,0,0
14247,-13,13,0
14248,-22,22,0
14249,-23,23,0
14250,-21,21,0
14251,-20,20,0
14252,-18,18,0
14253,-14,14,0
14254,-7,7,0
14255,2,-2,0
14256,5,-5,0
14257,8,-8,0
14258,7,-7,0
14259,7,-7,0
14260,3,-3,0
14261,-2,2,0
14262,-10,10,0
14263,-16,16,0
14264,-19,19,0
14265,-19,19,0
14266,-19,19,0
14267,-4,4,0
14268,3,-3,0
14269,14,-14,0
14270,16,-16,0
14271,24,-24,0
14272,30,-30,0
14273,30,-30,0
14274,23,-23,0
14275,16,-16,0
14276,11,-11,0
14277,3,-3,0
14278,-3,3,0
14279,-15,15,0
14280,-20,20,0
14281,-17,17,0
14282,-13,13,0
14283,-7,7,0
14284,-2,2,0
14285,-4,4,0
14286,6,-6,0
14287,8,-8,0
14288,13,-13,0
14289,9,-9,0
14290,12,-12,0
14291,11,-11,0
14292,12,-12,0
14293,5,-5,0
14294,-2,2,0
14295,-8,8,0
14296,-10,10,0
14297,-12,12,0
14298,-10,10,0
14299,-13,13,0
14300,-9,9,0
14301,-6,6,0
14302,-3,3,0
14303,-3,3,0
14304,-3,3,0
14305,1,-1,0
14306,1,-1,0
14307,-2,2,0
14308,-6,6,0
14309,-11,11,0
14310,-11,11,0
14311,-11,11,0
14312,-11,11,0
14313,-8,8,0
14314,-1,1,0
14315,6,-6,0
14316,8,-8,0
14317,12,-12,0
14318,13,-13,0
14319,17,-17,0
14320,18,-18,0
14321,14,-14,0
14322,8,-8,0
14323,5,-5,0
14324,2,-2,0
14325,1,-1,0
14326,1,-1,0
14327,-1,1,0
14328,-3,3,0
14329,-1,1,0
14330,0,0,0
14331,-2,2,0
14332,0,0,0
14333,0,0,0
14334,1,-1,0
14335,-1,1,0
14336,-2,2,0
14337,-1,1,0
14338,0,0,0
14339,1,-1,0
14340,0,0,0
14341,0,0,0
14342,-1,1,0
14343,-2,2,0
14344,0,0,0
14345,-2,2,0
14346,-2,2,0
14347,-3,3,0
14348,-1,1,0
14349,-3,3,0
14350,-3,3,0
14351,-6,6,0
14352,-5,5,0
14353,-9,9,0
14354,-10,10,0
14355,-12,12,0
14356,-11,11,0
14357,-10,10,0
14358,-7,7,0
14359,-6,6,0
14360,-1,1,0
14361,3,-3,0
14362,9,-9,0
14363,8,-8,0
14364,9,-9,0
14365,10,-10,0
14366,11,-11,0
14367,12,-12,0
14368,9,-9,0
14369,6,-6,0
14370,7,-7,0
14371,7,-7,0
14372,9,-9,0
14373,7,-7,0
14374,6,-6,0
14375,5,-5,0
14376,8,-8,0
14377,7,-7,0
14378,3,-3,0
14379,1,-1,0
14380,-3,3,0
14381,-4,4,0
14382,-5,5,0
14383,-5,5,0
14384,-5,5,0
14385,-5,5,0
14386,-4,4,0
14387,-1,1,0
14388,-1,1,0
14389,0,0,0
14390,0,0,0
14391,1,-1,0
14392,0,0,0
14393,-1,1,0
14394,-3,3,0
14395,-5,5,0
14396,-7,7,0
14397,-7,7,0
14398,-9,9,0
14399,-11,11,0
14400,-13,13,0
14401,-13,13,0
14402,-13,13,0
14403,-10,10,0
14404,-6,6,0
14405,0,0,0
14406,2,-2,0
14407,4,-4,0
14408,7,-7,0
14409,10,-10,0
14410,11,-11,0
14411,15,-15,0
14412,15,-15,0
14413,12,-12,0
14414,11,-11,0
14415,12,-12,0
14416,7,-7,0
14417,6,-6,0
14418,5,-5,0
14419,3,-3,0
14420,7,-7,0
14421,8,-8,0
14422,6,-6,0
14423,3,-3,0
14424,0,0,0
14425,1,-1,0
14426,0,0,0
14427,-7,7,0
14428,-7,7,0
14429,-7,7,0
14430,-5,5,0
14431,-7,7,0
14432,-7,7,0
14433,-5,5,0
14434,-1,1,0
14435,3,-3,0
14436,3,-3,0
14437,4,-4,0
14438,4,-4,0
14439,2,-2,0
14440,-1,1,0
14441,-8,8,0
14442,-16,16,0
14443,-19,19,0
14444,-21,21,0
14445,-23,23,0
14446,-26,26,0
14447,-25,25,0
14448,-21,21,0
14449,-14,14,0
14450,-3,3,0
14451,3,-3,0
14452,7,-7,0
14453,11,-11,0
14454,16,-16,0
14455,21,-21,0
14456,24,-24,0
14457,19,-19,0
14458,15,-15,0
14459,18,-18,0
14460,18,-18,0
14461,14,-14,0
14462,8,-8,0
14463,2,-2,0
14464,3,-3,0
14465,9,-9,0
14466,10,-10,0
14467,7,-7,0
14468,3,-3,0
14469,2,-2,0
14470,5,-5,0
14471,2,-2,0
14472,-3,3,0
14473,-6,6,0
14474,-10,10,0
14475,-13,13,0
14476,-17,17,0
14477,-14,14,0
14478,-11,11,0
14479,-4,4,0
14480,0,0,0
14481,2,-2,0
14482,2,-2,0
14483,1,-1,0
14484,2,-2,0
14485,1,-1,0
14486,-1,1,0
14487,-4,4,0
14488,-7,7,0
14489,-7,7,0
14490,-10,10,0
14491,-14,14,0
14492,-20,20,0
14493,-22,22,0
14494,-22,22,0
14495,-16,16,0
14496,-10,10,0
14497,-8,8,0
14498,-4,4,0
14499,4,-4,0
14500,12,-12,0
14501,17,-17,0
14502,17,-17,0
14503,19,-19,0
14504,21,-21,0
14505,23,-23,0
14506,20,-20,0
14507,15,-15,0
14508,8,-8,0
14509,5,-5,0
14510,5,-5,0
14511,5,-5,0
14512,3,-3,0
14513,0,0,0
14514,0,0,0
14515,1,-1,0
14516,1,-1,0
14517,-1,1,0
14518,-4,4,0
14519,-5,5,0
14520,-5,5,0
14521,-5,5,0
14522,-7,7,0
14523,-8,8,0
14524,-5,5,0
14525,0,0,0
14526,0,0,0
14527,0,0,0
14528,0,0,0
14529,0,0,0
14530,3,-3,0
14531,4,-4,0
14532,1,-1,0
14533,-2,2,0
14534,-6,6,0
14535,-8,8,0
14536,-11,11,0
14537,-14,14,0
14538,-18,18,0
14539,-17,17,0
14540,-12,12,0
14541,-6,6,0
14542,-8,8,0
14543,-4,4,0
14544,0,0,0
14545,9,-9,0
14546,16,-16,0
14547,16,-16,0
14548,16,-16,0
14549,16,-16,0
14550,19,-19,0
14551,19,-19,0
14552,15,-15,0
14553,10,-10,0
14554,6,-6,0
14555,5,-5,0
14556,6,-6,0
14557,4,-4,0
14558,0,0,0
14559,-3,3,0
14560,-1,1,0
14561,0,0,0
14562,-3,3,0
14563,-7,7,0
14564,-8,8,0
14565,-6,6,0
14566,-3,3,0
14567,-6,6,0
14568,-6,6,0
14569,-5,5,0
14570,-2,2,0
14571,0,0,0
14572,0,0,0
14573,0,0,0
14574,-1,1,0
14575,1,-1,0
14576,0,0,0
14577,0,0,0
14578,-3,3,0
14579,-4,4,0
14580,-5,5,0
14581,-8,8,0
14582,-10,10,0
14583,-13,13,0
14584,-14,14,0
14585,-8,8,0
14586,-3,3,0
14587,-3,3,0
14588,-7,7,0
14589,-3,3,0
14590,4,-4,0
14591,9,-9,0
14592,11,-11,0
14593,11,-11,0
14594,11,-11,0
14595,14,-14,0
14596,17,-17,0
14597,14,-14,0
14598,10,-10,0
14599,8,-8,0
14600,5,-5,0
14601,4,-4,0
14602,0,0,0
14603,-7,7,0
14604,-10,10,0
14605,-7,7,0
14606,-5,5,0
14607,-4,4,0
14608,-5,5,0
14609,-5,5,0
14610,-3,3,0
14611,0,0,0
14612,-1,1,0
14613,-2,2,0
14614,-4,4,0
14615,-3,3,0
14616,0,0,0
14617,0,0,0
14618,-1,1,0
14619,0,0,0
14620,2,-2,0
14621,5,-5,0
14622,3,-3,0
14623,0,0,0
14624,-1,1,0
14625,-1,1,0
14626,-1,1,0
14627,-5,5,0
14628,-11,11,0
14629,-14,14,0
14630,-10,10,0
14631,-3,3,0
14632,0,0,0
14633,-3,3,0
14634,0,0,0
14635,6,-6,0
14636,13,-13,0
14637,14,-14,0
14638,12,-12,0
14639,9,-9,0
14640,11,-11,0
14641,15,-15,0
14642,13,-13,0
14643,6,-6,0
14644,0,0,0
14645,-1,1,0
14646,0,0,0
14647,0,0,0
14648,-6,6,0
14649,-13,13,0
14650,-12,12,0
14651,-8,8,0
14652,-6,6,0
14653,-9,9,0
14654,-12,12,0
14655,-8,8,0
14656,-2,2,0
14657,0,0,0
14658,0,0,0
14659,0,0,0
14660,0,0,0
14661,4,-4,0
14662,4,-4,0
14663,1,-1,0
14664,-1,1,0
14665,0,0,0
14666,1,-1,0
14667,2,-2,0
14668,-1,1,0
14669,-2,2,0
14670,-1,1,0
14671,-2,2,0
14672,-2,2,0
14673,-6,6,0
14674,-7,7,0
14675,-1,1,0
14676,4,-4,0
14677,2,-2,0
14678,-1,1,0
14679,-5,5,0
14680,-1,1,0
14681,4,-4,0
14682,6,-6,0
14683,8,-8,0
14684,7,-7,0
14685,10,-10,0
14686,16,-16,0
14687,17,-17,0
14688,9,-9,0
14689,4,-4,0
14690,2,-2,0
14691,4,-4,0
14692,2,-2,0
14693,-4,4,0
14694,-12,12,0
14695,-14,14,0
14696,-11,11,0
14697,-8,8,0
14698,-7,7,0
14699,-8,8,0
14700,-5,5,0
14701,0,0,0
14702,1,-1,0
14703,-3,3,0
14704,-6,6,0
14705,-1,1,0
14706,1,-1,0
14707,3,-3,0
14708,1,-1,0
14709,1,-1,0
14710,2,-2,0
14711,5,-5,0
14712,5,-5,0
14713,3,-3,0
14714,1,-1,0
14715,0,0,0
14716,2,-2,0
14717,-1,1,0
14718,-7,7,0
14719,-12,12,0
14720,-10,10,0
14721,-5,5,0
14722,-1,1,0
14723,0,0,0
14724,9,-9,0
14725,23,-23,0
14726,32,-32,0
14727,24,-24,0
14728,16,-16,0
14729,9,-9,0
14730,5,-5,0
14731,10,-10,0
14732,8,-8,0
14733,-2,2,0
14734,-10,10,0
14735,-16,16,0
14736,-14,14,0
14737,-14,14,0
14738,-19,19,0
14739,-23,23,0
14740,-21,21,0
14741,-12,12,0
14742,-1,1,0
14743,1,-1,0
14744,4,-4,0
14745,6,-6,0
14746,10,-10,0
14747,12,-12,0
14748,7,-7,0
14749,2,-2,0
14750,0,0,0
14751,0,0,0
14752,2,-2,0
14753,1,-1,0
14754,-1,1,0
14755,-2,2,0
14756,-2,2,0
14757,-4,4,0
14758,-4,4,0
14759,-5,5,0
14760,-5,5,0
14761,-7,7,0
14762,-9,9,0
14763,-13,13,0
14764,-14,14,0
14765,-7,7,0
14766,4,-4,0
14767,11,-11,0
14768,9,-9,0
14769,11,-11,0
14770,14,-14,0
14771,19,-19,0
14772,19,-19,0
14773,17,-17,0
14774,13,-13,0
14775,12,-12,0
14776,10,-10,0
14777,5,-5,0
14778,-2,2,0
14779,-9,9,0
14780,-16,16,0
14781,-13,13,0
14782,-9,9,0
14783,-11,11,0
14784,-17,17,0
14785,-16,16,0
14786,-8,8,0
14787,1,-1,0
14788,5,-5,0
14789,6,-6,0
14790,9,-9,0
14791,13,-13,0
14792,19,-19,0
14793,18,-18,0
14794,9,-9,0
14795,4,-4,0
14796,2,-2,0
14797,3,-3,0
14798,0,0,0
14799,-8,8,0
14800,-12,12,0
14801,-11,11,0
14802,-11,11,0
14803,-13,13,0
14804,-18,18,0
14805,-18,18,0
14806,-16,16,0
14807,-15,15,0
14808,-15,15,0
14809,-15,15,0
14810,-3,3,0
14811,12,-12,0
14812,24,-24,0
14813,24,-24,0
14814,24,-24,0
14815,27,-27,0
14816,33,-33,0
14817,28,-28,0
14818,15,-15,0
14819,-1,1,0
14820,-11,11,0
14821,-18,18,0
14822,-24,24,0
14823,-31,31,0
14824,-36,36,0
14825,-34,34,0
14826,-22,22,0
14827,-7,7,0
14828,5,-5,0
14829,19,-19,0
14830,26,-26,0
14831,27,-27,0
14832,32,-32,0
14833,32,-32,0
14834,21,-21,0
14835,9,-9,0
14836,-1,1,0
14837,-6,6,0
14838,-12,12,0
14839,-17,17,0
14840,-22,22,0
14841,-22,22,0
14842,-15,15,0
14843,-8,8,0
14844,-4,4,0
14845,0,0,0
14846,2,-2,0
14847,7,-7,0
14848,8,-8,0
14849,7,-7,0
14850,1,-1,0
14851,-4,4,0
14852,-11,11,0
14853,-16,16,0
14854,-18,18,0
14855,-10,10,0
14856,1,-1,0
14857,15,-15,0
14858,16,-16,0
14859,19,-19,0
14860,28,-28,0
14861,33,-33,0
14862,28,-28,0
14863,19,-19,0
14864,4,-4,0
14865,-7,7,0
14866,-13,13,0
14867,-20,20,0
14868,-26,26,0
14869,-32,32,0
14870,-32,32,0
14871,-25,25,0
14872,-11,11,0
14873,-1,1,0
14874,16,-16,0
14875,25,-25,0
14876,28,-28,0
14877,18,-18,0
14878,13,-13,0
14879,12,-12,0
14880,1,-1,0
14881,-7,7,0
14882,-11,11,0
14883,-13,13,0
14884,-14,14,0
14885,-16,16,0
14886,-18,18,0
14887,-16,16,0
14888,-8,8,0
14889,1,-1,0
14890,8,-8,0
14891,10,-10,0
14892,8,-8,0
14893,7,-7,0
14894,6,-6,0
14895,1,-1,0
14896,-8,8,0
14897,-17,17,0
14898,-21,21,0
14899,-22,22,0
14900,-10,10,0
14901,5,-5,0
14902,21,-21,0
14903,22,-22,0
14904,27,-27,0
14905,36,-36,0
14906,37,-37,0
14907,28,-28,0
14908,16,-16,0
14909,-3,3,0
14910,-14,14,0
14911,-23,23,0
14912,-28,28,0
14913,-33,33,0
14914,-32,32,0
14915,-28,28,0
14916,-13,13,0
14917,1,-1,0
14918,14,-14,0
14919,26,-26,0
14920,33,-33,0
14921,33,-33,0
14922,18,-18,0
14923,6,-6,0
14924,-2,2,0
14925,-12,12,0
14926,-26,26,0
14927,-29,29,0
14928,-30,30,0
14929,-21,21,0
14930,-13,13,0
14931,-3,3,0
14932,4,-4,0
14933,5,-5,0
14934,14,-14,0
14935,17,-17,0
14936,17,-17,0
14937,9,-9,0
14938,2,-2,0
14939,-6,6,0
14940,-10,10,0
14941,-18,18,0
14942,-23,23,0
14943,-29,29,0
14944,-22,22,0
14945,0,0,0
14946,24,-24,0
14947,40,-40,0
14948,41,-41,0
14949,37,-37,0
14950,41,-41,0
14951,37,-37,0
14952,20,-20,0
14953,0,0,0
14954,-23,23,0
14955,-38,38,0
14956,-40,40,0
14957,-37,37,0
14958,-34,34,0
14959,-26,26,0
14960,-13,13,0
14961,5,-5,0
14962,25,-25,0
14963,37,-37,0
14964,45,-45,0
14965,39,-39,0
14966,35,-35,0
14967,9,-9,0
14968,-3,3,0
14969,-21,21,0
14970,-31,31,0
14971,-39,39,0
14972,-38,38,0
14973,-28,28,0
14974,-16,16,0
14975,0,0,0
14976,8,-8,0
14977,17,-17,0
14978,19,-19,0
14979,20,-20,0
14980,19,-19,0
14981,10,-10,0
14982,0,0,0
14983,-13,13,0
14984,-25,25,0
14985,-32,32,0
14986,-35,35,0
14987,-35,35,0
14988,-27,27,0
14989,-14,14,0
14990,14,-14,0
14991,41,-41,0
14992,50,-50,0
14993,54,-54,0
14994,43,-43,0
14995,36,-36,0
14996,25,-25,0
14997,5,-5,0
14998,-17,17,0
14999,-38,38,0
15000,-50,50,0
15001,-49,49,0
15002,-34,34,0
15003,-21,21,0
15004,-6,6,0
15005,8,-8,0
15006,26,-26,0
15007,44,-44,0
15008,54,-54,0
15009,54,-54,0
15010,32,-32,0
15011,12,-12,0
15012,-7,7,0
15013,-18,18,0
15014,-30,30,0
15015,-38,38,0
15016,-37,37,0
15017,-29,29,0
15018,-12,12,0
15019,0,0,0
15020,15,-15,0
15021,20,-20,0
15022,24,-24,0
15023,23,-23,0
15024,20,-20,0
15025,10,-10,0
15026,-2,2,0
15027,-18,18,0
15028,-29,29,0
15029,-36,36,0
15030,-37,37,0
15031,-37,37,0
15032,-28,28,0
15033,-19,19,0
15034,0,0,0
15035,28,-28,0
15036,52,-52,0
15037,54,-54,0
15038,55,-55,0
15039,39,-39,0
15040,26,-26,0
15041,11,-11,0
15042,-9,9,0
15043,-34,34,0
15044,-51,51,0
15045,-57,57,0
15046,-47,47,0
15047,-29,29,0
15048,-8,8,0
15049,8,-8,0
15050,23,-23,0
15051,37,-37,0
15052,51,-51,0
15053,51,-51,0
15054,41,-41,0
15055,17,-17,0
15056,-3,3,0
15057,-26,26,0
15058,-28,28,0
15059,-36,36,0
15060,-33,33,0
15061,-25,25,0
15062,-13,13,0
15063,5,-5,0
15064,18,-18,0
15065,30,-30,0
15066,28,-28,0
15067,22,-22,0
15068,13,-13,0
15069,0,0,0
15070,-8,8,0
15071,-20,20,0
15072,-29,29,0
15073,-37,37,0
15074,-40,40,0
15075,-38,38,0
15076,-31,31,0
15077,-18,18,0
15078,-7,7,0
15079,17,-17,0
15080,36,-36,0
15081,59,-59,0
15082,53,-53,0
15083,45,-45,0
15084,25,-25,0
15085,6,-6,0
15086,-7,7,0
15087,-22,22,0
15088,-37,37,0
15089,-48,48,0
15090,-49,49,0
15091,-37,37,0
15092,-13,13,0
15093,11,-11,0
15094,26,-26,0
15095,37,-37,0
15096,44,-44,0
15097,47,-47,0
15098,44,-44,0
15099,26,-26,0
15100,1,-1,0
15101,-17,17,0
15102,-33,33,0
15103,-36,36,0
15104,-29,29,0
15105,-25,25,0
15106,-12,12,0
15107,-2,2,0
15108,14,-14,0
15109,23,-23,0
15110,27,-27,0
15111,24,-24,0
15112,12,-12,0
15113,2,-2,0
15114,-10,10,0
15115,-16,16,0
15116,-28,28,0
15117,-31,31,0
15118,-36,36,0
15119,-33,33,0
15120,-25,25,0
15121,-16,16,0
15122,-3,3,0
15123,6,-6,0
15124,27,-27,0
15125,40,-40,0
15126,59,-59,0
15127,48,-48,0
15128,37,-37,0
15129,14,-14,0
15130,-7,7,0
15131,-20,20,0
15132,-33,33,0
15133,-41,41,0
15134,-44,44,0
15135,-39,39,0
15136,-21,21,0
15137,0,0,0
15138,28,-28,0
15139,37,-37,0
15140,43,-43,0
15141,41,-41,0
15142,37,-37,0
15143,29,-29,0
15144,11,-11,0
15145,-12,12,0
15146,-30,30,0
15147,-38,38,0
15148,-38,38,0
15149,-20,20,0
15150,-11,11,0
15151,4,-4,0
15152,14,-14,0
15153,24,-24,0
15154,31,-31,0
15155,27,-27,0
15156,19,-19,0
15157,3,-3,0
15158,-8,8,0
15159,-20,20,0
15160,-21,21,0
15161,-26,26,0
15162,-28,28,0
15163,-30,30,0
15164,-27,27,0
15165,-19,19,0
15166,-9,9,0
15167,5,-5,0
15168,14,-14,0
15169,34,-34,0
15170,38,-38,0
15171,52,-52,0
15172,37,-37,0
15173,23,-23,0
15174,0,0,0
15175,-21,21,0
15176,-30,30,0
15177,-37,37,0
15178,-38,38,0
15179,-34,34,0
15180,-27,27,0
15181,-11,11,0
15182,5,-5,0
15183,31,-31,0
15184,36,-36,0
15185,40,-40,0
15186,30,-30,0
15187,20,-20,0
15188,11,-11,0
15189,0,0,0
15190,-10,10,0
15191,-22,22,0
15192,-34,34,0
15193,-38,38,0
15194,-16,16,0
15195,-11,11,0
15196,10,-10,0
15197,16,-16,0
15198,23,-23,0
15199,23,-23,0
15200,22,-22,0
15201,19,-19,0
15202,2,-2,0
15203,-8,8,0
15204,-20,20,0
15205,-23,23,0
15206,-23,23,0
15207,-25,25,0
15208,-27,27,0
15209,-23,23,0
15210,-20,20,0
15211,-5,5,0
15212,4,-4,0
15213,18,-18,0
15214,33,-33,0
15215,43,-43,0
15216,41,-41,0
15217,35,-35,0
15218,14,-14,0
15219,-2,2,0
15220,-18,18,0
15221,-22,22,0
15222,-32,32,0
15223,-31,31,0
15224,-30,30,0
15225,-17,17,0
15226,2,-2,0
15227,19,-19,0
15228,36,-36,0
15229,39,-39,0
15230,36,-36,0
15231,28,-28,0
15232,19,-19,0
15233,7,-7,0
15234,-11,11,0
15235,-23,23,0
15236,-43,43,0
15237,-41,41,0
15238,-35,35,0
15239,-19,19,0
15240,1,-1,0
15241,11,-11,0
15242,21,-21,0
15243,20,-20,0
15244,26,-26,0
15245,18,-18,0
15246,11,-11,0
15247,-1,1,0
15248,-15,15,0
15249,-21,21,0
15250,-25,25,0
15251,-23,23,0
15252,-26,26,0
15253,-23,23,0
15254,-21,21,0
15255,-14,14,0
15256,-2,2,0
15257,7,-7,0
15258,22,-22,0
15259,33,-33,0
15260,42,-42,0
15261,37,-37,0
15262,32,-32,0
15263,15,-15,0
15264,-2,2,0
15265,-11,11,0
15266,-18,18,0
15267,-23,23,0
15268,-24,24,0
15269,-22,22,0
15270,-13,13,0
15271,-2,2,0
15272,15,-15,0
15273,23,-23,0
15274,29,-29,0
15275,26,-26,0
15276,21,-21,0
15277,13,-13,0
15278,6,-6,0
15279,-5,5,0
15280,-15,15,0
15281,-30,30,0
15282,-32,32,0
15283,-31,31,0
15284,-21,21,0
15285,1,-1,0
15286,15,-15,0
15287,32,-32,0
15288,33,-33,0
15289,35,-35,0
15290,28,-28,0
15291,14,-14,0
15292,-1,1,0
15293,-17,17,0
15294,-24,24,0
15295,-33,33,0
15296,-31,31,0
15297,-31,31,0
15298,-30,30,0
15299,-25,25,0
15300,-14,14,0
15301,-2,2,0
15302,7,-7,0
15303,29,-29,0
15304,36,-36,0
15305,49,-49,0
15306,39,-39,0
15307,27,-27,0
15308,10,-10,0
15309,-10,10,0
15310,-17,17,0
15311,-26,26,0
15312,-28,28,0
15313,-26,26,0
15314,-20,20,0
15315,-11,11,0
15316,0,0,0
15317,18,-18,0
15318,23,-23,0
15319,26,-26,0
15320,19,-19,0
15321,12,-12,0
15322,3,-3,0
15323,-5,5,0
15324,-12,12,0
15325,-18,18,0
15326,-22,22,0
15327,-23,23,0
15328,-10,10,0
15329,-1,1,0
15330,14,-14,0
15331,17,-17,0
15332,19,-19,0
15333,16,-16,0
15334,15,-15,0
15335,13,-13,0
15336,2,-2,0
15337,-4,4,0
15338,-15,15,0
15339,-18,18,0
15340,-22,22,0
15341,-19,19,0
15342,-18,18,0
15343,-13,13,0
15344,-12,12,0
15345,-6,6,0
15346,2,-2,0
15347,11,-11,0
15348,28,-28,0
15349,34,-34,0
15350,35,-35,0
15351,26,-26,0
15352,9,-9,0
15353,-1,1,0
15354,-16,16,0
15355,-18,18,0
15356,-24,24,0
15357,-21,21,0
15358,-22,22,0
15359,-13,13,0
15360,0,0,0
15361,11,-11,0
15362,23,-23,0
15363,23,-23,0
15364,21,-21,0
15365,8,-8,0
15366,-2,2,0
15367,-9,9,0
15368,-16,16,0
15369,-12,12,0
15370,-14,14,0
15371,-13,13,0
15372,-13,13,0
15373,0,0,0
15374,5,-5,0
15375,15,-15,0
15376,19,-19,0
15377,11,-11,0
15378,9,-9,0
15379,4,-4,0
15380,5,-5,0
15381,-2,2,0
15382,-9,9,0
15383,-15,15,0
15384,-20,20,0
15385,-17,17,0
15386,-14,14,0
15387,-10,10,0
15388,-11,11,0
15389,-11,11,0
15390,-6,6,0
15391,0,0,0
15392,14,-14,0
15393,25,-25,0
15394,35,-35,0
15395,24,-24,0
15396,12,-12,0
15397,0,0,0
15398,-16,16,0
15399,-20,20,0
15400,-19,19,0
15401,-16,16,0
15402,-16,16,0
15403,-11,11,0
15404,-2,2,0
15405,10,-10,0
15406,26,-26,0
15407,33,-33,0
15408,32,-32,0
15409,19,-19,0
15410,5,-5,0
15411,-6,6,0
15412,-9,9,0
15413,-9,9,0
15414,-13,13,0
15415,-19,19,0
15416,-22,22,0
15417,-8,8,0
15418,-2,2,0
15419,15,-15,0
15420,21,-21,0
15421,21,-21,0
15422,15,-15,0
15423,7,-7,0
15424,5,-5,0
15425,-1,1,0
15426,0,0,0
15427,-10,10,0
15428,-15,15,0
15429,-20,20,0
15430,-18,18,0
15431,-9,9,0
15432,-5,5,0
15433,-2,2,0
15434,-3,3,0
15435,0,0,0
15436,0,0,0
15437,16,-16,0
15438,23,-23,0
15439,29,-29,0
15440,20,-20,0
15441,1,-1,0
15442,-6,6,0
15443,-21,21,0
15444,-19,19,0
15445,-21,21,0
15446,-17,17,0
15447,-19,19,0
15448,-9,9,0
15449,3,-3,0
15450,15,-15,0
15451,31,-31,0
15452,34,-34,0
15453,27,-27,0
15454,15,-15,0
15455,0,0,0
15456,-5,5,0
15457,-12,12,0
15458,-11,11,0
15459,-23,23,0
15460,-16,16,0
15461,-19,19,0
15462,-7,7,0
15463,6,-6,0
15464,15,-15,0
15465,25,-25,0
15466,18,-18,0
15467,19,-19,0
15468,9,-9,0
15469,8,-8,0
15470,1,-1,0
15471,-6,6,0
15472,-12,12,0
15473,-16,16,0
15474,-16,16,0
15475,-15,15,0
15476,-8,8,0
15477,-6,6,0
15478,-3,3,0
15479,-6,6,0
15480,-4,4,0
15481,0,0,0
15482,12,-12,0
15483,21,-21,0
15484,29,-29,0
15485,18,-18,0
15486,4,-4,0
15487,-2,2,0
15488,-15,15,0
15489,-15,15,0
15490,-17,17,0
15491,-17,17,0
15492,-18,18,0
15493,-14,14,0
15494,-5,5,0
15495,5,-5,0
15496,22,-22,0
15497,23,-23,0
15498,22,-22,0
15499,12,-12,0
15500,2,-2,0
15501,-5,5,0
15502,-10,10,0
15503,-11,11,0
15504,-13,13,0
15505,-11,11,0
15506,-15,15,0
15507,-3,3,0
15508,4,-4,0
15509,12,-12,0
15510,17,-17,0
15511,12,-12,0
15512,7,-7,0
15513,1,-1,0
15514,0,0,0
15515,-4,4,0
15516,-5,5,0
15517,-9,9,0
15518,-10,10,0
15519,-14,14,0
15520,-13,13,0
15521,-7,7,0
15522,-4,4,0
15523,-3,3,0
15524,-4,4,0
15525,-3,3,0
15526,3,-3,0
15527,16,-16,0
15528,22,-22,0
15529,32,-32,0
15530,28,-28,0
15531,9,-9,0
15532,-3,3,0
15533,-17,17,0
15534,-20,20,0
15535,-24,24,0
15536,-20,20,0
15537,-21,21,0
15538,-16,16,0
15539,-6,6,0
15540,4,-4,0
15541,22,-22,0
15542,30,-30,0
15543,33,-33,0
15544,25,-25,0
15545,10,-10,0
15546,-2,2,0
15547,-13,13,0
15548,-10,10,0
15549,-17,17,0
15550,-11,11,0
15551,-22,22,0
15552,-16,16,0
15553,-3,3,0
15554,-2,2,0
15555,10,-10,0
15556,7,-7,0
15557,8,-8,0
15558,0,0,0
15559,-1,1,0
15560,2,-2,0
15561,0,0,0
15562,4,-4,0
15563,-1,1,0
15564,-6,6,0
15565,-11,11,0
15566,-10,10,0
15567,-9,9,0
15568,-7,7,0
15569,-4,4,0
15570,-3,3,0
15571,5,-5,0
15572,12,-12,0
15573,24,-24,0
15574,26,-26,0
15575,23,-23,0
15576,3,-3,0
15577,-11,11,0
15578,-25,25,0
15579,-27,27,0
15580,-22,22,0
15581,-10,10,0
15582,-2,2,0
15583,11,-11,0
15584,22,-22,0
15585,25,-25,0
15586,29,-29,0
15587,26,-26,0
15588,20,-20,0
15589,9,-9,0
15590,-5,5,0
15591,-13,13,0
15592,-18,18,0
15593,-12,12,0
15594,-16,16,0
15595,-11,11,0
15596,-10,10,0
15597,-1,1,0
15598,11,-11,0
15599,15,-15,0
15600,22,-22,0
15601,11,-11,0
15602,4,-4,0
15603,-6,6,0
15604,-15,15,0
15605,-14,14,0
15606,-15,15,0
15607,-10,10,0
15608,-11,11,0
15609,-6,6,0
15610,-1,1,0
15611,2,-2,0
15612,1,-1,0
15613,2,-2,0
15614,1,-1,0
15615,4,-4,0
15616,5,-5,0
15617,15,-15,0
15618,19,-19,0
15619,30,-30,0
15620,21,-21,0
15621,11,-11,0
15622,-6,6,0
15623,-29,29,0
15624,-30,30,0
15625,-27,27,0
15626,-13,13,0
15627,-1,1,0
15628,7,-7,0
15629,5,-5,0
15630,12,-12,0
15631,24,-24,0
15632,23,-23,0
15633,20,-20,0
15634,7,-7,0
15635,-9,9,0
15636,-19,19,0
15637,-24,24,0
15638,-16,16,0
15639,-16,16,0
15640,-7,7,0
15641,-7,7,0
15642,4,-4,0
15643,9,-9,0
15644,16,-16,0
15645,20,-20,0
15646,10,-10,0
15647,4,-4,0
15648,-8,8,0
15649,-9,9,0
15650,-13,13,0
15651,-11,11,0
15652,-8,8,0
15653,-6,6,0
15654,-3,3,0
15655,-2,2,0
15656,1,-1,0
15657,0,0,0
15658,1,-1,0
15659,-3,3,0
15660,-3,3,0
15661,-5,5,0
15662,4,-4,0
15663,10,-10,0
15664,26,-26,0
15665,23,-23,0
15666,19,-19,0
15667,3,-3,0
15668,-13,13,0
15669,-17,17,0
15670,-22,22,0
15671,-15,15,0
15672,-9,9,0
15673,-4,4,0
15674,-3,3,0
15675,1,-1,0
15676,15,-15,0
15677,21,-21,0
15678,24,-24,0
15679,18,-18,0
15680,4,-4,0
15681,-7,7,0
15682,-17,17,0
15683,-16,16,0
15684,-17,17,0
15685,-10,10,0
15686,-7,7,0
15687,0,0,0
15688,4,-4,0
15689,12,-12,0
15690,16,-16,0
15691,11,-11,0
15692,6,-6,0
15693,-4,4,0
15694,-9,9,0
15695,-11,11,0
15696,-8,8,0
15697,-6,6,0
15698,-3,3,0
15699,-3,3,0
15700,-1,1,0
15701,-3,3,0
15702,0,0,0
15703,0,0,0
15704,-3,3,0
15705,-5,5,0
15706,-10,10,0
15707,-1,1,0
15708,5,-5,0
15709,24,-24,0
15710,28,-28,0
15711,29,-29,0
15712,10,-10,0
15713,-7,7,0
15714,-14,14,0
15715,-24,24,0
15716,-19,19,0
15717,-10,10,0
15718,-12,12,0
15719,-7,7,0
15720,-2,2,0
15721,10,-10,0
15722,16,-16,0
15723,23,-23,0
15724,20,-20,0
15725,8,-8,0
15726,-2,2,0
15727,-10,10,0
15728,-14,14,0
15729,-12,12,0
15730,-9,9,0
15731,-4,4,0
15732,0,0,0
15733,4,-4,0
15734,15,-15,0
15735,10,-10,0
15736,13,-13,0
15737,2,-2,0
15738,-3,3,0
15739,-9,9,0
15740,-9,9,0
15741,-5,5,0
15742,-1,1,0
15743,2,-2,0
15744,1,-1,0
15745,3,-3,0
15746,-1,1,0
15747,-3,3,0
15748,-6,6,0
15749,-10,10,0
15750,-11,11,0
15751,-17,17,0
15752,-13,13,0
15753,-1,1,0
15754,13,-13,0
15755,34,-34,0
15756,35,-35,0
15757,24,-24,0
15758,9,-9,0
15759,-9,9,0
15760,-18,18,0
15761,-21,21,0
15762,-17,17,0
15763,-19,19,0
15764,-14,14,0
15765,-10,10,0
15766,0,0,0
15767,16,-16,0
15768,27,-27,0
15769,31,-31,0
15770,23,-23,0
15771,9,-9,0
15772,2,-2,0
15773,-9,9,0
15774,-7,7,0
15775,-16,16,0
15776,-9,9,0
15777,-12,12,0
15778,-8,8,0
15779,1,-1,0
15780,8,-8,0
15781,17,-17,0
15782,7,-7,0
15783,5,-5,0
15784,-9,9,0
15785,-14,14,0
15786,-14,14,0
15787,-12,12,0
15788,-5,5,0
15789,-2,2,0
15790,2,-2,0
15791,2,-2,0
15792,3,-3,0
15793,2,-2,0
15794,0,0,0
15795,-5,5,0
15796,-8,8,0
15797,-10,10,0
15798,-3,3,0
15799,6,-6,0
15800,27,-27,0
15801,34,-34,0
15802,33,-33,0
15803,12,-12,0
15804,-8,8,0
15805,-19,19,0
15806,-26,26,0
15807,-25,25,0
15808,-15,15,0
15809,-15,15,0
15810,-12,12,0
15811,-7,7,0
15812,5,-5,0
15813,19,-19,0
15814,27,-27,0
15815,26,-26,0
15816,16,-16,0
15817,5,-5,0
15818,-3,3,0
15819,-12,12,0
15820,-14,14,0
15821,-16,16,0
15822,-13,13,0
15823,-8,8,0
15824,0,0,0
15825,14,-14,0
15826,16,-16,0
15827,17,-17,0
15828,9,-9,0
15829,0,0,0
15830,-8,8,0
15831,-11,11,0
15832,-7,7,0
15833,-4,4,0
15834,1,-1,0
15835,1,-1,0
15836,4,-4,0
15837,1,-1,0
15838,0,0,0
15839,0,0,0
15840,-6,6,0
15841,-8,8,0
15842,-11,11,0
15843,-11,11,0
15844,0,0,0
15845,14,-14,0
15846,42,-42,0
15847,42,-42,0
15848,34,-34,0
15849,16,-16,0
15850,-9,9,0
15851,-21,21,0
15852,-30,30,0
15853,-27,27,0
15854,-26,26,0
15855,-23,23,0
15856,-19,19,0
15857,-9,9,0
15858,9,-9,0
15859,21,-21,0
15860,29,-29,0
15861,25,-25,0
15862,14,-14,0
15863,6,-6,0
15864,-2,2,0
15865,-2,2,0
15866,-10,10,0
15867,-7,7,0
15868,-12,12,0
15869,-4,4,0
15870,0,0,0
15871,7,-7,0
15872,13,-13,0
15873,4,-4,0
15874,-1,1,0
15875,-13,13,0
15876,-17,17,0
15877,-16,16,0
15878,-7,7,0
15879,-1,1,0
15880,3,-3,0
15881,2,-2,0
15882,-1,1,0
15883,-5,5,0
15884,-9,9,0
15885,-11,11,0
15886,-15,15,0
15887,-14,14,0
15888,-15,15,0
15889,-6,6,0
15890,10,-10,0
15891,33,-33,0
15892,44,-44,0
15893,45,-45,0
15894,23,-23,0
15895,0,0,0
15896,-14,14,0
15897,-23,23,0
15898,-24,24,0
15899,-15,15,0
15900,-16,16,0
15901,-12,12,0
15902,-3,3,0
15903,11,-11,0
15904,29,-29,0
15905,35,-35,0
15906,33,-33,0
15907,16,-16,0
15908,-1,1,0
15909,-13,13,0
15910,-21,21,0
15911,-18,18,0
15912,-18,18,0
15913,-7,7,0
15914,-3,3,0
15915,4,-4,0
15916,17,-17,0
15917,15,-15,0
15918,19,-19,0
15919,4,-4,0
15920,-2,2,0
15921,-12,12,0
15922,-16,16,0
15923,-13,13,0
15924,-11,11,0
15925,-2,2,0
15926,-2,2,0
15927,2,-2,0
15928,-2,2,0
15929,-4,4,0
15930,-8,8,0
15931,-12,12,0
15932,-13,13,0
15933,-15,15,0
15934,-13,13,0
15935,-1,1,0
15936,14,-14,0
15937,43,-43,0
15938,39,-39,0
15939,33,-33,0
15940,10,-10,0
15941,-16,16,0
15942,-25,25,0
15943,-32,32,0
15944,-29,29,0
15945,-22,22,0
15946,-15,15,0
15947,-8,8,0
15948,3,-3,0
15949,23,-23,0
15950,32,-32,0
15951,34,-34,0
15952,25,-25,0
15953,10,-10,0
15954,-2,2,0
15955,-14,14,0
15956,-18,18,0
15957,-16,16,0
15958,-15,15,0
15959,-9,9,0
15960,0,0,0
15961,5,-5,0
15962,16,-16,0
15963,17,-17,0
15964,13,-13,0
15965,2,-2,0
15966,-7,7,0
15967,-10,10,0
15968,-13,13,0
15969,-7,7,0
15970,-5,5,0
15971,0,0,0
15972,-3,3,0
15973,-4,4,0
15974,-11,11,0
15975,-12,12,0
15976,-11,11,0
15977,-12,12,0
15978,-11,11,0
15979,-11,11,0
15980,-9,9,0
15981,12,-12,0
15982,26,-26,0
15983,46,-46,0
15984,42,-42,0
15985,27,-27,0
15986,6,-6,0
15987,-15,15,0
15988,-21,21,0
15989,-25,25,0
15990,-19,19,0
15991,-24,24,0
15992,-18,18,0
15993,-11,11,0
15994,2,-2,0
15995,24,-24,0
15996,33,-33,0
15997,35,-35,0
15998,23,-23,0
15999,6,-6,0
16000,-5,5,0
16001,-16,16,0
16002,-11,11,0
16003,-17,17,0
16004,-9,9,0
16005,-7,7,0
16006,1,-1,0
16007,13,-13,0
16008,15,-15,0
16009,21,-21,0
16010,6,-6,0
16011,1,-1,0
16012,-8,8,0
16013,-8,8,0
16014,-5,5,0
16015,-3,3,0
16016,1,-1,0
16017,-1,1,0
16018,-5,5,0
16019,-9,9,0
16020,-12,12,0
16021,-15,15,0
16022,-15,15,0
16023,-16,16,0
16024,-17,17,0
16025,-16,16,0
16026,-5,5,0
16027,14,-14,0
16028,40,-40,0
16029,51,-51,0
16030,46,-46,0
16031,22,-22,0
16032,-2,2,0
16033,-15,15,0
16034,-23,23,0
16035,-24,24,0
16036,-20,20,0
16037,-23,23,0
16038,-17,17,0
16039,-6,6,0
16040,10,-10,0
16041,27,-27,0
16042,32,-32,0
16043,31,-31,0
16044,16,-16,0
16045,3,-3,0
16046,-5,5,0
16047,-15,15,0
16048,-12,12,0
16049,-18,18,0
16050,-8,8,0
16051,-4,4,0
16052,3,-3,0
16053,16,-16,0
16054,12,-12,0
16055,17,-17,0
16056,1,-1,0
16057,0,0,0
16058,-8,8,0
16059,-8,8,0
16060,-1,1,0
16061,-1,1,0
16062,2,-2,0
16063,-3,3,0
16064,-3,3,0
16065,-7,7,0
16066,-11,11,0
16067,-13,13,0
16068,-16,16,0
16069,-19,19,0
16070,-19,19,0
16071,-16,16,0
16072,0,0,0
16073,15,-15,0
16074,47,-47,0
16075,42,-42,0
16076,39,-39,0
16077,17,-17,0
16078,-10,10,0
16079,-17,17,0
16080,-23,23,0
16081,-22,22,0
16082,-19,19,0
16083,-19,19,0
16084,-12,12,0
16085,0,0,0
16086,17,-17,0
16087,29,-29,0
16088,32,-32,0
16089,25,-25,0
16090,10,-10,0
16091,-2,2,0
16092,-11,11,0
16093,-17,17,0
16094,-17,17,0
16095,-18,18,0
16096,-12,12,0
16097,0,0,0
16098,4,-4,0
16099,21,-21,0
16100,17,-17,0
16101,15,-15,0
16102,2,-2,0
16103,-8,8,0
16104,-11,11,0
16105,-13,13,0
16106,-5,5,0
16107,-2,2,0
16108,3,-3,0
16109,0,0,0
16110,-2,2,0
16111,-8,8,0
16112,-13,13,0
16113,-17,17,0
16114,-20,20,0
16115,-21,21,0
16116,-21,21,0
16117,-15,15,0
16118,5,-5,0
16119,20,-20,0
16120,51,-51,0
16121,45,-45,0
16122,34,-34,0
16123,14,-14,0
16124,-8,8,0
16125,-14,14,0
16126,-18,18,0
16127,-17,17,0
16128,-21,21,0
16129,-18,18,0
16130,-10,10,0
16131,0,0,0
16132,21,-21,0
16133,31,-31,0
16134,32,-32,0
16135,19,-19,0
16136,6,-6,0
16137,-4,4,0
16138,-12,12,0
16139,-16,16,0
16140,-18,18,0
16141,-12,12,0
16142,-14,14,0
16143,0,0,0
16144,4,-4,0
16145,15,-15,0
16146,13,-13,0
16147,6,-6,0
16148,-1,1,0
16149,-11,11,0
16150,-10,10,0
16151,-10,10,0
16152,-3,3,0
16153,2,-2,0
16154,3,-3,0
16155,1,-1,0
16156,-2,2,0
16157,-6,6,0
16158,-9,9,0
16159,-12,12,0
16160,-17,17,0
16161,-13,13,0
16162,-16,16,0
16163,-9,9,0
16164,14,-14,0
16165,31,-31,0
16166,48,-48,0
16167,46,-46,0
16168,24,-24,0
16169,4,-4,0
16170,-11,11,0
16171,-20,20,0
16172,-23,23,0
16173,-21,21,0
16174,-27,27,0
16175,-24,24,0
16176,-10,10,0
16177,6,-6,0
16178,27,-27,0
16179,33,-33,0
16180,31,-31,0
16181,16,-16,0
16182,2,-2,0
16183,-5,5,0
16184,-11,11,0
16185,-11,11,0
16186,-18,18,0
16187,-11,11,0
16188,-7,7,0
16189,0,0,0
16190,10,-10,0
16191,9,-9,0
16192,11,-11,0
16193,-1,1,0
16194,-8,8,0
16195,-14,14,0
16196,-12,12,0
16197,-5,5,0
16198,0,0,0
16199,1,-1,0
16200,1,-1,0
16201,1,-1,0
16202,0,0,0
16203,0,0,0
16204,-3,3,0
16205,-10,10,0
16206,-15,15,0
16207,-21,21,0
16208,-22,22,0
16209,-8,8,0
16210,11,-11,0
16211,35,-35,0
16212,43,-43,0
16213,41,-41,0
16214,19,-19,0
16215,0,0,0
16216,-10,10,0
16217,-18,18,0
16218,-22,22,0
16219,-20,20,0
16220,-28,28,0
16221,-23,23,0
16222,-10,10,0
16223,10,-10,0
16224,30,-30,0
16225,34,-34,0
16226,32,-32,0
16227,18,-18,0
16228,10,-10,0
16229,6,-6,0
16230,-4,4,0
16231,-5,5,0
16232,-23,23,0
16233,-17,17,0
16234,-16,16,0
16235,-7,7,0
16236,4,-4,0
16237,0,0,0
16238,4,-4,0
16239,-11,11,0
16240,-12,12,0
16241,-18,18,0
16242,-12,12,0
16243,3,-3,0
16244,11,-11,0
16245,16,-16,0
16246,10,-10,0
16247,6,-6,0
16248,0,0,0
16249,-5,5,0
16250,-9,9,0
16251,-13,13,0
16252,-14,14,0
16253,-14,14,0
16254,-12,12,0
16255,-3,3,0
16256,12,-12,0
16257,41,-41,0
16258,41,-41,0
16259,40,-40,0
16260,17,-17,0
16261,-3,3,0
16262,-14,14,0
16263,-21,21,0
16264,-23,23,0
16265,-18,18,0
16266,-19,19,0
16267,-12,12,0
16268,0,0,0
16269,19,-19,0
16270,31,-31,0
16271,30,-30,0
16272,22,-22,0
16273,8,-8,0
16274,-4,4,0
16275,-8,8,0
16276,-13,13,0
16277,-13,13,0
16278,-15,15,0
16279,-10,10,0
16280,1,-1,0
16281,5,-5,0
16282,15,-15,0
16283,7,-7,0
16284,5,-5,0
16285,-5,5,0
16286,-10,10,0
16287,-10,10,0
16288,-8,8,0
16289,-4,4,0
16290,-1,1,0
16291,0,0,0
16292,0,0,0
16293,-2,2,0
16294,-9,9,0
16295,-15,15,0
16296,-15,15,0
16297,-14,14,0
16298,-12,12,0
16299,-10,10,0
16300,-3,3,0
16301,11,-11,0
16302,22,-22,0
16303,49,-49,0
16304,41,-41,0
16305,30,-30,0
16306,11,-11,0
16307,-12,12,0
16308,-19,19,0
16309,-23,23,0
16310,-24,24,0
16311,-22,22,0
16312,-20,20,0
16313,-11,11,0
16314,3,-3,0
16315,24,-24,0
16316,33,-33,0
16317,32,-32,0
16318,20,-20,0
16319,5,-5,0
16320,-2,2,0
16321,0,0,0
16322,-7,7,0
16323,-15,15,0
16324,-27,27,0
16325,-26,26,0
16326,-6,6,0
16327,0,0,0
16328,15,-15,0
16329,10,-10,0
16330,6,-6,0
16331,0,0,0
16332,-1,1,0
16333,0,0,0
16334,-3,3,0
16335,-2,2,0
16336,-5,5,0
16337,-3,3,0
16338,-4,4,0
16339,-4,4,0
16340,-8,8,0
16341,-10,10,0
16342,-10,10,0
16343,-12,12,0
16344,-14,14,0
16345,-10,10,0
16346,-4,4,0
16347,10,-10,0
16348,22,-22,0
16349,45,-45,0
16350,35,-35,0
16351,25,-25,0
16352,11,-11,0
16353,-9,9,0
16354,-15,15,0
16355,-17,17,0
16356,-18,18,0
16357,-22,22,0
16358,-17,17,0
16359,-9,9,0
16360,7,-7,0
16361,28,-28,0
16362,32,-32,0
16363,32,-32,0
16364,20,-20,0
16365,9,-9,0
16366,3,-3,0
16367,-4,4,0
16368,-10,10,0
16369,-21,21,0
16370,-19,19,0
16371,-18,18,0
16372,-4,4,0
16373,4,-4,0
16374,10,-10,0
16375,9,-9,0
16376,5,-5,0
16377,3,-3,0
16378,0,0,0
16379,2,-2,0
16380,-1,1,0
16381,-4,4,0
16382,-4,4,0
16383,-6,6,0
16384,-9,9,0
16385,-11,11,0
16386,-15,15,0
16387,-20,20,0
16388,-22,22,0
16389,-20,20,0
16390,-15,15,0
16391,-11,11,0
16392,-4,4,0
16393,14,-14,0
16394,27,-27,0
16395,47,-47,0
16396,41,-41,0
16397,24,-24,0
16398,8,-8,0
16399,-8,8,0
16400,-15,15,0
16401,-19,19,0
16402,-20,20,0
16403,-26,26,0
16404,-20,20,0
16405,-7,7,0
16406,8,-8,0
16407,27,-27,0
16408,30,-30,0
16409,28,-28,0
16410,16,-16,0
16411,6,-6,0
16412,2,-2,0
16413,-6,6,0
16414,-10,10,0
16415,-26,26,0
16416,-20,20,0
16417,-15,15,0
16418,-5,5,0
16419,5,-5,0
16420,10,-10,0
16421,12,-12,0
16422,7,-7,0
16423,10,-10,0
16424,5,-5,0
16425,4,-4,0
16426,0,0,0
16427,-5,5,0
16428,-7,7,0
16429,-7,7,0
16430,-8,8,0
16431,-11,11,0
16432,-15,15,0
16433,-18,18,0
16434,-20,20,0
16435,-18,18,0
16436,-14,14,0
16437,-8,8,0
16438,-5,5,0
16439,14,-14,0
16440,27,-27,0
16441,43,-43,0
16442,39,-39,0
16443,22,-22,0
16444,7,-7,0
16445,-8,8,0
16446,-14,14,0
16447,-18,18,0
16448,-18,18,0
16449,-27,27,0
16450,-19,19,0
16451,-8,8,0
16452,9,-9,0
16453,29,-29,0
16454,31,-31,0
16455,31,-31,0
16456,17,-17,0
16457,7,-7,0
16458,0,0,0
16459,-3,3,0
16460,-6,6,0
16461,-15,15,0
16462,-19,19,0
16463,-20,20,0
16464,1,-1,0
16465,0,0,0
16466,11,-11,0
16467,12,-12,0
16468,3,-3,0
16469,7,-7,0
16470,4,-4,0
16471,9,-9,0
16472,0,0,0
16473,-3,3,0
16474,-4,4,0
16475,-5,5,0
16476,-5,5,0
16477,-10,10,0
16478,-16,16,0
16479,-22,22,0
16480,-20,20,0
16481,-18,18,0
16482,-12,12,0
16483,-7,7,0
16484,1,-1,0
16485,18,-18,0
16486,35,-35,0
16487,41,-41,0
16488,36,-36,0
16489,15,-15,0
16490,2,-2,0
16491,-7,7,0
16492,-17,17,0
16493,-24,24,0
16494,-23,23,0
16495,-28,28,0
16496,-18,18,0
16497,-4,4,0
16498,16,-16,0
16499,27,-27,0
16500,29,-29,0
16501,24,-24,0
16502,16,-16,0
16503,8,-8,0
16504,6,-6,0
16505,-6,6,0
16506,-11,11,0
16507,-26,26,0
16508,-20,20,0
16509,-11,11,0
16510,-3,3,0
16511,9,-9,0
16512,7,-7,0
16513,13,-13,0
16514,7,-7,0
16515,11,-11,0
16516,7,-7,0
16517,2,-2,0
16518,-2,2,0
16519,-8,8,0
16520,-3,3,0
16521,-3,3,0
16522,-3,3,0
16523,-9,9,0
16524,-12,12,0
16525,-16,16,0
16526,-17,17,0
16527,-14,14,0
16528,-9,9,0
16529,-6,6,0
16530,-3,3,0
16531,12,-12,0
16532,23,-23,0
16533,36,-36,0
16534,32,-32,0
16535,16,-16,0
16536,6,-6,0
16537,-4,4,0
16538,-10,10,0
16539,-20,20,0
16540,-21,21,0
16541,-30,30,0
16542,-21,21,0
16543,-10,10,0
16544,5,-5,0
16545,19,-19,0
16546,21,-21,0
16547,21,-21,0
16548,15,-15,0
16549,12,-12,0
16550,12,-12,0
16551,-1,1,0
16552,-7,7,0
16553,-20,20,0
16554,-16,16,0
16555,-15,15,0
16556,-7,7,0
16557,-1,1,0
16558,0,0,0
16559,6,-6,0
16560,5,-5,0
16561,13,-13,0
16562,8,-8,0
16563,4,-4,0
16564,0,0,0
16565,-6,6,0
16566,-4,4,0
16567,-6,6,0
16568,-7,7,0
16569,-13,13,0
16570,-12,12,0
16571,-14,14,0
16572,-13,13,0
16573,-10,10,0
16574,-5,5,0
16575,0,0,0
16576,6,-6,0
16577,17,-17,0
16578,25,-25,0
16579,33,-33,0
16580,30,-30,0
16581,15,-15,0
16582,6,-6,0
16583,-2,2,0
16584,-6,6,0
16585,-15,15,0
16586,-18,18,0
16587,-26,26,0
16588,-16,16,0
16589,-6,6,0
16590,8,-8,0
16591,16,-16,0
16592,18,-18,0
16593,18,-18,0
16594,20,-20,0
16595,17,-17,0
16596,18,-18,0
16597,0,0,0
16598,-6,6,0
16599,-27,27,0
16600,-20,20,0
16601,-18,18,0
16602,-15,15,0
16603,-8,8,0
16604,-7,7,0
16605,3,-3,0
16606,4,-4,0
16607,12,-12,0
16608,11,-11,0
16609,6,-6,0
16610,4,-4,0
16611,0,0,0
16612,-1,1,0
16613,-4,4,0
16614,-9,9,0
16615,-17,17,0
16616,-16,16,0
16617,-16,16,0
16618,-15,15,0
16619,-10,10,0
16620,-6,6,0
16621,0,0,0
16622,6,-6,0
16623,15,-15,0
16624,22,-22,0
16625,31,-31,0
16626,25,-25,0
16627,16,-16,0
16628,9,-9,0
16629,-1,1,0
16630,-3,3,0
16631,-13,13,0
16632,-15,15,0
16633,-24,24,0
16634,-15,15,0
16635,-9,9,0
16636,5,-5,0
16637,13,-13,0
16638,17,-17,0
16639,21,-21,0
16640,28,-28,0
16641,29,-29,0
16642,30,-30,0
16643,12,-12,0
16644,4,-4,0
16645,-13,13,0
16646,-14,14,0
16647,-32,32,0
16648,-37,37,0
16649,-30,30,0
16650,-25,25,0
16651,-19,19,0
16652,-21,21,0
16653,-7,7,0
16654,1,-1,0
16655,17,-17,0
16656,27,-27,0
16657,32,-32,0
16658,26,-26,0
16659,7,-7,0
16660,-11,11,0
16661,-20,20,0
16662,-19,19,0
16663,-20,20,0
16664,-21,21,0
16665,-18,18,0
16666,-17,17,0
16667,-8,8,0
16668,-2,2,0
16669,9,-9,0
16670,12,-12,0
16671,26,-26,0
16672,28,-28,0
16673,27,-27,0
16674,22,-22,0
16675,10,-10,0
16676,2,-2,0
16677,-11,11,0
16678,-16,16,0
16679,-25,25,0
16680,-15,15,0
16681,-8,8,0
16682,4,-4,0
16683,11,-11,0
16684,17,-17,0
16685,22,-22,0
16686,27,-27,0
16687,23,-23,0
16688,21,-21,0
16689,4,-4,0
16690,0,0,0
16691,-19,19,0
16692,-12,12,0
16693,-21,21,0
16694,-21,21,0
16695,-16,16,0
16696,-14,14,0
16697,-1,1,0
16698,1,-1,0
16699,11,-11,0
16700,6,-6,0
16701,9,-9,0
16702,5,-5,0
16703,6,-6,0
16704,2,-2,0
16705,-2,2,0
16706,-9,9,0
16707,-16,16,0
16708,-18,18,0
16709,-22,22,0
16710,-18,18,0
16711,-13,13,0
16712,-9,9,0
16713,0,0,0
16714,4,-4,0
16715,17,-17,0
16716,20,-20,0
16717,39,-39,0
16718,30,-30,0
16719,28,-28,0
16720,13,-13,0
16721,0,0,0
16722,-6,6,0
16723,-15,15,0
16724,-18,18,0
16725,-21,21,0
16726,-14,14,0
16727,-9,9,0
16728,0,0,0
16729,7,-7,0
16730,10,-10,0
16731,18,-18,0
16732,22,-22,0
16733,22,-22,0
16734,19,-19,0
16735,8,-8,0
16736,0,0,0
16737,-13,13,0
16738,-10,10,0
16739,-22,22,0
16740,-14,14,0
16741,-21,21,0
16742,-12,12,0
16743,-6,6,0
16744,0,0,0
16745,5,-5,0
16746,5,-5,0
16747,7,-7,0
16748,6,-6,0
16749,6,-6,0
16750,0,0,0
16751,-2,2,0
16752,-11,11,0
16753,-16,16,0
16754,-24,24,0
16755,-22,22,0
16756,-23,23,0
16757,-14,14,0
16758,-10,10,0
16759,-2,2,0
16760,2,-2,0
16761,14,-14,0
16762,18,-18,0
16763,38,-38,0
16764,31,-31,0
16765,32,-32,0
16766,15,-15,0
16767,6,-6,0
16768,-3,3,0
16769,-12,12,0
16770,-25,25,0
16771,-27,27,0
16772,-26,26,0
16773,-19,19,0
16774,-7,7,0
16775,3,-3,0
16776,11,-11,0
16777,20,-20,0
16778,26,-26,0
16779,30,-30,0
16780,25,-25,0
16781,17,-17,0
16782,7,-7,0
16783,-6,6,0
16784,-11,11,0
16785,-24,24,0
16786,-20,20,0
16787,-28,28,0
16788,-16,16,0
16789,-9,9,0
16790,1,-1,0
16791,8,-8,0
16792,11,-11,0
16793,15,-15,0
16794,14,-14,0
16795,14,-14,0
16796,9,-9,0
16797,2,-2,0
16798,-9,9,0
16799,-16,16,0
16800,-24,24,0
16801,-26,26,0
16802,-28,28,0
16803,-24,24,0
16804,-19,19,0
16805,-9,9,0
16806,-1,1,0
16807,16,-16,0
16808,24,-24,0
16809,41,-41,0
16810,40,-40,0
16811,44,-44,0
16812,23,-23,0
16813,16,-16,0
16814,3,-3,0
16815,-9,9,0
16816,-26,26,0
16817,-32,32,0
16818,-39,39,0
16819,-30,30,0
16820,-20,20,0
16821,-7,7,0
16822,3,-3,0
16823,17,-17,0
16824,27,-27,0
16825,36,-36,0
16826,36,-36,0
16827,28,-28,0
16828,16,-16,0
16829,1,-1,0
16830,-7,7,0
16831,-20,20,0
16832,-26,26,0
16833,-35,35,0
16834,-29,29,0
16835,-23,23,0
16836,-11,11,0
16837,-2,2,0
16838,6,-6,0
16839,12,-12,0
16840,20,-20,0
16841,21,-21,0
16842,16,-16,0
16843,7,-7,0
16844,-1,1,0
16845,-5,5,0
16846,-14,14,0
16847,-20,20,0
16848,-24,24,0
16849,-24,24,0
16850,-24,24,0
16851,-15,15,0
16852,-10,10,0
16853,6,-6,0
16854,13,-13,0
16855,39,-39,0
16856,37,-37,0
16857,48,-48,0
16858,32,-32,0
16859,29,-29,0
16860,13,-13,0
16861,3,-3,0
16862,-16,16,0
16863,-24,24,0
16864,-32,32,0
16865,-33,33,0
16866,-25,25,0
16867,-18,18,0
16868,-8,8,0
16869,2,-2,0
16870,17,-17,0
16871,28,-28,0
16872,36,-36,0
16873,27,-27,0
16874,26,-26,0
16875,11,-11,0
16876,8,-8,0
16877,-10,10,0
16878,-15,15,0
16879,-30,30,0
16880,-26,26,0
16881,-24,24,0
16882,-17,17,0
16883,-10,10,0
16884,-3,3,0
16885,6,-6,0
16886,14,-14,0
16887,19,-19,0
16888,18,-18,0
16889,14,-14,0
16890,8,-8,0
16891,1,-1,0
16892,-7,7,0
16893,-14,14,0
16894,-26,26,0
16895,-29,29,0
16896,-30,30,0
16897,-26,26,0
16898,-22,22,0
16899,-7,7,0
16900,5,-5,0
16901,26,-26,0
16902,31,-31,0
16903,34,-34,0
16904,34,-34,0
16905,26,-26,0
16906,22,-22,0
16907,12,-12,0
16908,-2,2,0
16909,-16,16,0
16910,-22,22,0
16911,-29,29,0
16912,-27,27,0
16913,-27,27,0
16914,-20,20,0
16915,-11,11,0
16916,1,-1,0
16917,12,-12,0
16918,22,-22,0
16919,25,-25,0
16920,28,-28,0
16921,25,-25,0
16922,24,-24,0
16923,14,-14,0
16924,2,-2,0
16925,-7,7,0
16926,-14,14,0
16927,-17,17,0
16928,-15,15,0
16929,-17,17,0
16930,-15,15,0
16931,-13,13,0
16932,-5,5,0
16933,0,0,0
16934,2,-2,0
16935,4,-4,0
16936,8,-8,0
16937,4,-4,0
16938,1,-1,0
16939,-4,4,0
16940,-10,10,0
16941,-16,16,0
16942,-20,20,0
16943,-22,22,0
16944,-21,21,0
16945,-12,12,0
16946,-5,5,0
16947,9,-9,0
16948,16,-16,0
16949,21,-21,0
16950,22,-22,0
16951,23,-23,0
16952,22,-22,0
16953,21,-21,0
16954,12,-12,0
16955,8,-8,0
16956,0,0,0
16957,-5,5,0
16958,-8,8,0
16959,-10,10,0
16960,-14,14,0
16961,-10,10,0
16962,-6,6,0
16963,-1,1,0
16964,2,-2,0
16965,2,-2,0
16966,3,-3,0
16967,7,-7,0
16968,7,-7,0
16969,7,-7,0
16970,6,-6,0
16971,7,-7,0
16972,8,-8,0
16973,9,-9,0
16974,5,-5,0
16975,0,0,0
16976,-1,1,0
16977,0,0,0
16978,1,-1,0
16979,-2,2,0
16980,-3,3,0
16981,-6,6,0
16982,-9,9,0
16983,-12,12,0
16984,-14,14,0
16985,-17,17,0
16986,-16,16,0
16987,-16,16,0
16988,-12,12,0
16989,-10,10,0
16990,-10,10,0
16991,-9,9,0
16992,-4,4,0
16993,0,0,0
16994,6,-6,0
16995,9,-9,0
16996,9,-9,0
16997,10,-10,0
16998,13,-13,0
16999,15,-15,0
17000,15,-15,0
17001,11,-11,0
17002,9,-9,0
17003,6,-6,0
17004,6,-6,0
17005,4,-4,0
17006,3,-3,0
17007,-1,1,0
17008,-3,3,0
17009,-7,7,0
17010,-4,4,0
17011,-3,3,0
17012,-2,2,0
17013,-1,1,0
17014,1,-1,0
17015,3,-3,0
17016,4,-4,0
17017,3,-3,0
17018,2,-2,0
17019,3,-3,0
17020,3,-3,0
17021,0,0,0
17022,0,0,0
17023,0,0,0
17024,0,0,0
17025,1,-1,0
17026,0,0,0
17027,0,0,0
17028,0,0,0
17029,-4,4,0
17030,-5,5,0
17031,-5,5,0
17032,-6,6,0
17033,-7,7,0
17034,-8,8,0
17035,-7,7,0
17036,-10,10,0
17037,-9,9,0
17038,-10,10,0
17039,-8,8,0
17040,-4,4,0
17041,0,0,0
17042,4,-4,0
17043,6,-6,0
17044,10,-10,0
17045,14,-14,0
17046,15,-15,0
17047,13,-13,0
17048,9,-9,0
17049,6,-6,0
17050,8,-8,0
17051,9,-9,0
17052,8,-8,0
17053,5,-5,0
17054,2,-2,0
17055,2,-2,0
17056,2,-2,0
17057,0,0,0
17058,-2,2,0
17059,-3,3,0
17060,-3,3,0
17061,-1,1,0
17062,1,-1,0
17063,-6,6,0
17064,-12,12,0
17065,-14,14,0
17066,-9,9,0
17067,-4,4,0
17068,-1,1,0
17069,1,-1,0
17070,2,-2,0
17071,1,-1,0
17072,0,0,0
17073,0,0,0
17074,-1,1,0
17075,0,0,0
17076,3,-3,0
17077,3,-3,0
17078,-1,1,0
17079,-4,4,0
17080,-11,11,0
17081,-13,13,0
17082,-14,14,0
17083,-19,19,0
17084,-16,16,0
17085,-13,13,0
17086,-7,7,0
17087,0,0,0
17088,8,-8,0
17089,12,-12,0
17090,16,-16,0
17091,18,-18,0
17092,16,-16,0
17093,16,-16,0
17094,15,-15,0
17095,9,-9,0
17096,3,-3,0
17097,-3,3,0
17098,-4,4,0
17099,-2,2,0
17100,1,-1,0
17101,5,-5,0
17102,9,-9,0
17103,5,-5,0
17104,-3,3,0
17105,-13,13,0
17106,-12,12,0
17107,-7,7,0
17108,-4,4,0
17109,-2,2,0
17110,-3,3,0
17111,-3,3,0
17112,-1,1,0
17113,1,-1,0
17114,4,-4,0
17115,4,-4,0
17116,5,-5,0
17117,4,-4,0
17118,4,-4,0
17119,4,-4,0
17120,2,-2,0
17121,0,0,0
17122,-3,3,0
17123,-7,7,0
17124,-10,10,0
17125,-10,10,0
17126,-10,10,0
17127,-8,8,0
17128,-10,10,0
17129,-10,10,0
17130,-7,7,0
17131,-4,4,0
17132,1,-1,0
17133,4,-4,0
17134,4,-4,0
17135,8,-8,0
17136,12,-12,0
17137,15,-15,0
17138,14,-14,0
17139,9,-9,0
17140,8,-8,0
17141,6,-6,0
17142,6,-6,0
17143,4,-4,0
17144,3,-3,0
17145,-1,1,0
17146,-1,1,0
17147,0,0,0
17148,0,0,0
17149,-4,4,0
17150,-4,4,0
17151,-6,6,0
17152,-3,3,0
17153,-4,4,0
17154,-4,4,0
17155,-6,6,0
17156,-3,3,0
17157,-2,2,0
17158,0,0,0
17159,2,-2,0
17160,3,-3,0
17161,5,-5,0
17162,4,-4,0
17163,5,-5,0
17164,5,-5,0
17165,3,-3,0
17166,0,0,0
17167,0,0,0
17168,-2,2,0
17169,-5,5,0
17170,-7,7,0
17171,-10,10,0
17172,-11,11,0
17173,-9,9,0
17174,-11,11,0
17175,-7,7,0
17176,-4,4,0
17177,-1,1,0
17178,1,-1,0
17179,3,-3,0
17180,3,-3,0
17181,8,-8,0
17182,9,-9,0
17183,11,-11,0
17184,9,-9,0
17185,8,-8,0
17186,4,-4,0
17187,6,-6,0
17188,5,-5,0
17189,4,-4,0
17190,2,-2,0
17191,0,0,0
17192,0,0,0
17193,-1,1,0
17194,-2,2,0
17195,-4,4,0
17196,-5,5,0
17197,-4,4,0
17198,-5,5,0
17199,-4,4,0
17200,-4,4,0
17201,-3,3,0
17202,-1,1,0
17203,0,0,0
17204,1,-1,0
17205,3,-3,0
17206,4,-4,0
17207,4,-4,0
17208,6,-6,0
17209,4,-4,0
17210,2,-2,0
17211,0,0,0
17212,0,0,0
17213,1,-1,0
17214,0,0,0
17215,-2,2,0
17216,-5,5,0
17217,-7,7,0
17218,-10,10,0
17219,-11,11,0
17220,-10,10,0
17221,-7,7,0
17222,-6,6,0
17223,-1,1,0
17224,0,0,0
17225,3,-3,0
17226,5,-5,0
17227,8,-8,0
17228,8,-8,0
17229,10,-10,0
17230,6,-6,0
17231,6,-6,0
17232,7,-7,0
17233,7,-7,0
17234,5,-5,0
17235,4,-4,0
17236,0,0,0
17237,-1,1,0
17238,-2,2,0
17239,-1,1,0
17240,-2,2,0
17241,0,0,0
17242,-2,2,0
17243,-4,4,0
17244,-6,6,0
17245,-6,6,0
17246,-6,6,0
17247,-5,5,0
17248,-3,3,0
17249,-2,2,0
17250,0,0,0
17251,0,0,0
17252,1,-1,0
17253,3,-3,0
17254,3,-3,0
17255,1,-1,0
17256,3,-3,0
17257,2,-2,0
17258,0,0,0
17259,-1,1,0
17260,-3,3,0
17261,-5,5,0
17262,-6,6,0
17263,-7,7,0
17264,-7,7,0
17265,-7,7,0
17266,-7,7,0
17267,-5,5,0
17268,-2,2,0
17269,0,0,0
17270,0,0,0
17271,1,-1,0
17272,3,-3,0
17273,6,-6,0
17274,5,-5,0
17275,5,-5,0
17276,8,-8,0
17277,5,-5,0
17278,6,-6,0
17279,5,-5,0
17280,4,-4,0
17281,2,-2,0
17282,0,0,0
17283,-3,3,0
17284,-3,3,0
17285,-5,5,0
17286,-5,5,0
17287,-3,3,0
17288,-2,2,0
17289,-3,3,0
17290,-1,1,0
17291,-3,3,0
17292,-2,2,0
17293,0,0,0
17294,1,-1,0
17295,2,-2,0
17296,2,-2,0
17297,2,-2,0
17298,3,-3,0
17299,4,-4,0
17300,2,-2,0
17301,1,-1,0
17302,0,0,0
17303,2,-2,0
17304,1,-1,0
17305,0,0,0
17306,-2,2,0
17307,-2,2,0
17308,-3,3,0
17309,-1,1,0
17310,-3,3,0
17311,-4,4,0
17312,-4,4,0
17313,-3,3,0
17314,0,0,0
17315,2,-2,0
17316,1,-1,0
17317,1,-1,0
17318,2,-2,0
17319,3,-3,0
17320,7,-7,0
17321,9,-9,0
17322,9,-9,0
17323,10,-10,0
17324,10,-10,0
17325,10,-10,0
17326,6,-6,0
17327,2,-2,0
17328,0,0,0
17329,-2,2,0
17330,-4,4,0
17331,-5,5,0
17332,-7,7,0
17333,-6,6,0
17334,-3,3,0
17335,-3,3,0
17336,-2,2,0
17337,-2,2,0
17338,-2,2,0
17339,-1,1,0
17340,0,0,0
17341,0,0,0
17342,0,0,0
17343,-1,1,0
17344,-1,1,0
17345,-2,2,0
17346,-1,1,0
17347,-2,2,0
17348,-1,1,0
17349,0,0,0
17350,2,-2,0
17351,4,-4,0
17352,4,-4,0
17353,2,-2,0
17354,0,0,0
17355,0,0,0
17356,-3,3,0
17357,-3,3,0
17358,-5,5,0
17359,-3,3,0
17360,-2,2,0
17361,0,0,0
17362,2,-2,0
17363,2,-2,0
17364,3,-3,0
17365,7,-7,0
17366,10,-10,0
17367,8,-8,0
17368,8,-8,0
17369,7,-7,0
17370,5,-5,0
17371,2,-2,0
17372,1,-1,0
17373,-1,1,0
17374,-3,3,0
17375,-2,2,0
17376,-3,3,0
17377,-4,4,0
17378,-6,6,0
17379,-6,6,0
17380,-6,6,0
17381,-5,5,0
17382,-6,6,0
17383,-5,5,0
17384,-3,3,0
17385,0,0,0
17386,1,-1,0
17387,2,-2,0
17388,1,-1,0
17389,1,-1,0
17390,1,-1,0
17391,3,-3,0
17392,1,-1,0
17393,1,-1,0
17394,-1,1,0
17395,-3,3,0
17396,-3,3,0
17397,-2,2,0
17398,-2,2,0
17399,-2,2,0
17400,-3,3,0
17401,-3,3,0
17402,-5,5,0
17403,-4,4,0
17404,-3,3,0
17405,-2,2,0
17406,0,0,0
17407,3,-3,0
17408,2,-2,0
17409,4,-4,0
17410,5,-5,0
17411,5,-5,0
17412,7,-7,0
17413,8,-8,0
17414,7,-7,0
17415,7,-7,0
17416,5,-5,0
17417,0,0,0
17418,-2,2,0
17419,-7,7,0
17420,-8,8,0
17421,-8,8,0
17422,-8,8,0
17423,-8,8,0
17424,-8,8,0
17425,-8,8,0
17426,-6,6,0
17427,-2,2,0
17428,-4,4,0
17429,-4,4,0
17430,-2,2,0
17431,1,-1,0
17432,3,-3,0
17433,3,-3,0
17434,4,-4,0
17435,3,-3,0
17436,3,-3,0
17437,3,-3,0
17438,1,-1,0
17439,2,-2,0
17440,0,0,0
17441,0,0,0
17442,0,0,0
17443,0,0,0
17444,-1,1,0
17445,-2,2,0
17446,-2,2,0
17447,-2,2,0
17448,-5,5,0
17449,-6,6,0
17450,-2,2,0
17451,3,-3,0
17452,7,-7,0
17453,11,-11,0
17454,10,-10,0
17455,12,-12,0
17456,13,-13,0
17457,11,-11,0
17458,12,-12,0
17459,10,-10,0
17460,5,-5,0
17461,3,-3,0
17462,-1,1,0
17463,-3,3,0
17464,-8,8,0
17465,-10,10,0
17466,-12,12,0
17467,-10,10,0
17468,-12,12,0
17469,-9,9,0
17470,-9,9,0
17471,-6,6,0
17472,-1,1,0
17473,2,-2,0
17474,3,-3,0
17475,5,-5,0
17476,7,-7,0
17477,8,-8,0
17478,8,-8,0
17479,8,-8,0
17480,5,-5,0
17481,1,-1,0
17482,-2,2,0
17483,-4,4,0
17484,-5,5,0
17485,-4,4,0
17486,-6,6,0
17487,-6,6,0
17488,-7,7,0
17489,-5,5,0
17490,-6,6,0
17491,-5,5,0
17492,-6,6,0
17493,-3,3,0
17494,-4,4,0
17495,0,0,0
17496,6,-6,0
17497,13,-13,0
17498,17,-17,0
17499,19,-19,0
17500,17,-17,0
17501,17,-17,0
17502,15,-15,0
17503,13,-13,0
17504,3,-3,0
17505,-3,3,0
17506,-10,10,0
17507,-13,13,0
17508,-18,18,0
17509,-21,21,0
17510,-23,23,0
17511,-19,19,0
17512,-11,11,0
17513,-1,1,0
17514,5,-5,0
17515,10,-10,0
17516,19,-19,0
17517,23,-23,0
17518,18,-18,0
17519,16,-16,0
17520,7,-7,0
17521,0,0,0
17522,-7,7,0
17523,-14,14,0
17524,-17,17,0
17525,-19,19,0
17526,-17,17,0
17527,-11,11,0
17528,-5,5,0
17529,0,0,0
17530,3,-3,0
17531,8,-8,0
17532,11,-11,0
17533,12,-12,0
17534,11,-11,0
17535,3,-3,0
17536,-1,1,0
17537,-7,7,0
17538,-12,12,0
17539,-17,17,0
17540,-15,15,0
17541,-9,9,0
17542,0,0,0
17543,7,-7,0
17544,14,-14,0
17545,10,-10,0
17546,15,-15,0
17547,19,-19,0
17548,21,-21,0
17549,14,-14,0
17550,7,-7,0
17551,-3,3,0
17552,-4,4,0
17553,-10,10,0
17554,-14,14,0
17555,-19,19,0
17556,-18,18,0
17557,-15,15,0
17558,-6,6,0
17559,1,-1,0
17560,5,-5,0
17561,10,-10,0
17562,17,-17,0
17563,16,-16,0
17564,7,-7,0
17565,4,-4,0
17566,-8,8,0
17567,-8,8,0
17568,-17,17,0
17569,-21,21,0
17570,-21,21,0
17571,-20,20,0
17572,-9,9,0
17573,0,0,0
17574,8,-8,0
17575,11,-11,0
17576,15,-15,0
17577,19,-19,0
17578,20,-20,0
17579,15,-15,0
17580,8,-8,0
17581,-2,2,0
17582,-8,8,0
17583,-12,12,0
17584,-17,17,0
17585,-22,22,0
17586,-16,16,0
17587,-11,11,0
17588,11,-11,0
17589,16,-16,0
17590,27,-27,0
17591,24,-24,0
17592,29,-29,0
17593,28,-28,0
17594,24,-24,0
17595,11,-11,0
17596,-5,5,0
17597,-13,13,0
17598,-20,20,0
17599,-15,15,0
17600,-18,18,0
17601,-16,16,0
17602,-16,16,0
17603,-6,6,0
17604,5,-5,0
17605,18,-18,0
17606,19,-19,0
17607,21,-21,0
17608,12,-12,0
17609,14,-14,0
17610,7,-7,0
17611,3,-3,0
17612,-15,15,0
17613,-26,26,0
17614,-30,30,0
17615,-27,27,0
17616,-15,15,0
17617,-10,10,0
17618,-4,4,0
17619,1,-1,0
17620,9,-9,0
17621,12,-12,0
17622,16,-16,0
17623,13,-13,0
17624,12,-12,0
17625,8,-8,0
17626,2,-2,0
17627,-8,8,0
17628,-17,17,0
17629,-23,23,0
17630,-30,30,0
17631,-35,35,0
17632,-25,25,0
17633,-1,1,0
17634,22,-22,0
17635,40,-40,0
17636,36,-36,0
17637,36,-36,0
17638,28,-28,0
17639,25,-25,0
17640,14,-14,0
17641,0,0,0
17642,-20,20,0
17643,-32,32,0
17644,-33,33,0
17645,-27,27,0
17646,-14,14,0
17647,-5,5,0
17648,3,-3,0
17649,15,-15,0
17650,24,-24,0
17651,30,-30,0
17652,22,-22,0
17653,13,-13,0
17654,4,-4,0
17655,1,-1,0
17656,-4,4,0
17657,-16,16,0
17658,-22,22,0
17659,-32,32,0
17660,-25,25,0
17661,-21,21,0
17662,-9,9,0
17663,1,-1,0
17664,5,-5,0
17665,9,-9,0
17666,9,-9,0
17667,16,-16,0
17668,15,-15,0
17669,11,-11,0
17670,3,-3,0
17671,0,0,0
17672,-7,7,0
17673,-14,14,0
17674,-23,23,0
17675,-27,27,0
17676,-29,29,0
17677,-15,15,0
17678,1,-1,0
17679,29,-29,0
17680,34,-34,0
17681,36,-36,0
17682,29,-29,0
17683,21,-21,0
17684,11,-11,0
17685,-1,1,0
17686,-15,15,0
17687,-26,26,0
17688,-31,31,0
17689,-28,28,0
17690,-18,18,0
17691,-12,12,0
17692,-3,3,0
17693,4,-4,0
17694,23,-23,0
17695,33,-33,0
17696,42,-42,0
17697,33,-33,0
17698,21,-21,0
17699,0,0,0
17700,-11,11,0
17701,-26,26,0
17702,-28,28,0
17703,-34,34,0
17704,-30,30,0
17705,-21,21,0
17706,-9,9,0
17707,7,-7,0
17708,14,-14,0
17709,23,-23,0
17710,22,-22,0
17711,20,-20,0
17712,16,-16,0
17713,10,-10,0
17714,-2,2,0
17715,-13,13,0
17716,-23,23,0
17717,-28,28,0
17718,-31,31,0
17719,-29,29,0
17720,-22,22,0
17721,-12,12,0
17722,2,-2,0
17723,19,-19,0
17724,38,-38,0
17725,46,-46,0
17726,46,-46,0
17727,25,-25,0
17728,16,-16,0
17729,3,-3,0
17730,-8,8,0
17731,-20,20,0
17732,-31,31,0
17733,-37,37,0
17734,-32,32,0
17735,-17,17,0
17736,-3,3,0
17737,11,-11,0
17738,19,-19,0
17739,28,-28,0
17740,35,-35,0
17741,35,-35,0
17742,31,-31,0
17743,9,-9,0
17744,-3,3,0
17745,-23,23,0
17746,-28,28,0
17747,-27,27,0
17748,-28,28,0
17749,-15,15,0
17750,-12,12,0
17751,2,-2,0
17752,13,-13,0
17753,21,-21,0
17754,23,-23,0
17755,19,-19,0
17756,15,-15,0
17757,4,-4,0
17758,-2,2,0
17759,-11,11,0
17760,-19,19,0
17761,-26,26,0
17762,-30,30,0
17763,-27,27,0
17764,-23,23,0
17765,-13,13,0
17766,0,0,0
17767,9,-9,0
17768,23,-23,0
17769,29,-29,0
17770,46,-46,0
17771,37,-37,0
17772,26,-26,0
17773,10,-10,0
17774,-5,5,0
17775,-15,15,0
17776,-24,24,0
17777,-27,27,0
17778,-30,30,0
17779,-26,26,0
17780,-15,15,0
17781,2,-2,0
17782,18,-18,0
17783,25,-25,0
17784,30,-30,0
17785,30,-30,0
17786,25,-25,0
17787,20,-20,0
17788,5,-5,0
17789,-8,8,0
17790,-31,31,0
17791,-26,26,0
17792,-33,33,0
17793,-20,20,0
17794,-12,12,0
17795,-4,4,0
17796,8,-8,0
17797,11,-11,0
17798,24,-24,0
17799,18,-18,0
17800,15,-15,0
17801,4,-4,0
17802,-2,2,0
17803,-8,8,0
17804,-11,11,0
17805,-16,16,0
17806,-19,19,0
17807,-19,19,0
17808,-19,19,0
17809,-15,15,0
17810,-9,9,0
17811,0,0,0
17812,5,-5,0
17813,14,-14,0
17814,22,-22,0
17815,33,-33,0
17816,34,-34,0
17817,29,-29,0
17818,10,-10,0
17819,0,0,0
17820,-9,9,0
17821,-14,14,0
17822,-18,18,0
17823,-19,19,0
17824,-22,22,0
17825,-15,15,0
17826,-2,2,0
17827,11,-11,0
17828,22,-22,0
17829,24,-24,0
17830,23,-23,0
17831,15,-15,0
17832,12,-12,0
17833,5,-5,0
17834,-4,4,0
17835,-13,13,0
17836,-25,25,0
17837,-22,22,0
17838,-18,18,0
17839,-11,11,0
17840,1,-1,0
17841,5,-5,0
17842,15,-15,0
17843,13,-13,0
17844,14,-14,0
17845,10,-10,0
17846,0,0,0
17847,-2,2,0
17848,-11,11,0
17849,-12,12,0
17850,-16,16,0
17851,-15,15,0
17852,-17,17,0
17853,-18,18,0
17854,-18,18,0
17855,-17,17,0
17856,-11,11,0
17857,-8,8,0
17858,-1,1,0
17859,9,-9,0
17860,16,-16,0
17861,36,-36,0
17862,30,-30,0
17863,26,-26,0
17864,11,-11,0
17865,-1,1,0
17866,-8,8,0
17867,-11,11,0
17868,-12,12,0
17869,-14,14,0
17870,-15,15,0
17871,-10,10,0
17872,0,0,0
17873,14,-14,0
17874,18,-18,0
17875,18,-18,0
17876,12,-12,0
17877,8,-8,0
17878,6,-6,0
17879,1,-1,0
17880,-4,4,0
17881,-18,18,0
17882,-16,16,0
17883,-21,21,0
17884,-4,4,0
17885,0,0,0
17886,10,-10,0
17887,13,-13,0
17888,8,-8,0
17889,10,-10,0
17890,1,-1,0
17891,0,0,0
17892,-7,7,0
17893,-11,11,0
17894,-11,11,0
17895,-9,9,0
17896,-8,8,0
17897,-8,8,0
17898,-9,9,0
17899,-10,10,0
17900,-9,9,0
17901,-10,10,0
17902,-5,5,0
17903,-3,3,0
17904,2,-2,0
17905,9,-9,0
17906,19,-19,0
17907,27,-27,0
17908,28,-28,0
17909,14,-14,0
17910,5,-5,0
17911,-2,2,0
17912,-6,6,0
17913,-10,10,0
17914,-9,9,0
17915,-14,14,0
17916,-10,10,0
17917,-4,4,0
17918,7,-7,0
17919,17,-17,0
17920,21,-21,0
17921,18,-18,0
17922,9,-9,0
17923,4,-4,0
17924,2,-2,0
17925,-3,3,0
17926,-6,6,0
17927,-15,15,0
17928,-12,12,0
17929,-9,9,0
17930,-2,2,0
17931,7,-7,0
17932,8,-8,0
17933,13,-13,0
17934,4,-4,0
17935,5,-5,0
17936,1,-1,0
17937,-1,1,0
17938,-3,3,0
17939,-9,9,0
17940,-7,7,0
17941,-7,7,0
17942,-3,3,0
17943,-4,4,0
17944,-5,5,0
17945,-8,8,0
17946,-10,10,0
17947,-9,9,0
17948,-7,7,0
17949,-4,4,0
17950,3,-3,0
17951,10,-10,0
17952,27,-27,0
17953,26,-26,0
17954,26,-26,0
17955,13,-13,0
17956,-1,1,0
17957,-6,6,0
17958,-10,10,0
17959,-12,12,0
17960,-12,12,0
17961,-13,13,0
17962,-10,10,0
17963,-2,2,0
17964,11,-11,0
17965,15,-15,0
17966,19,-19,0
17967,13,-13,0
17968,8,-8,0
17969,3,-3,0
17970,2,-2,0
17971,-2,2,0
17972,-10,10,0
17973,-12,12,0
17974,-19,19,0
17975,-6,6,0
17976,-3,3,0
17977,10,-10,0
17978,13,-13,0
17979,10,-10,0
17980,8,-8,0
17981,1,-1,0
17982,2,-2,0
17983,-4,4,0
17984,-5,5,0
17985,-10,10,0
17986,-9,9,0
17987,-10,10,0
17988,-4,4,0
17989,-5,5,0
17990,-7,7,0
17991,-6,6,0
17992,-11,11,0
17993,-10,10,0
17994,-10,10,0
17995,-5,5,0
17996,2,-2,0
17997,12,-12,0
17998,23,-23,0
17999,26,-26,0
18000,15,-15,0
18001,5,-5,0
18002,-1,1,0
18003,-8,8,0
18004,-12,12,0
18005,-12,12,0
18006,-17,17,0
18007,-14,14,0
18008,-9,9,0
18009,3,-3,0
18010,13,-13,0
18011,17,-17,0
18012,15,-15,0
18013,8,-8,0
18014,3,-3,0
18015,3,-3,0
18016,0,0,0
18017,-1,1,0
18018,-12,12,0
18019,-8,8,0
18020,-12,12,0
18021,-5,5,0
18022,5,-5,0
18023,6,-6,0
18024,13,-13,0
18025,4,-4,0
18026,5,-5,0
18027,-1,1,0
18028,-2,2,0
18029,-4,4,0
18030,-6,6,0
18031,-5,5,0
18032,-8,8,0
18033,-1,1,0
18034,-5,5,0
18035,-5,5,0
18036,-8,8,0
18037,-14,14,0
18038,-15,15,0
18039,-12,12,0
18040,-4,4,0
18041,6,-6,0
18042,16,-16,0
18043,29,-29,0
18044,30,-30,0
18045,18,-18,0
18046,6,-6,0
18047,-5,5,0
18048,-7,7,0
18049,-13,13,0
18050,-13,13,0
18051,-17,17,0
18052,-15,15,0
18053,-8,8,0
18054,0,0,0
18055,15,-15,0
18056,19,-19,0
18057,19,-19,0
18058,12,-12,0
18059,4,-4,0
18060,2,-2,0
18061,0,0,0
18062,-3,3,0
18063,-15,15,0
18064,-7,7,0
18065,-10,10,0
18066,0,0,0
18067,10,-10,0
18068,11,-11,0
18069,13,-13,0
18070,2,-2,0
18071,4,-4,0
18072,-3,3,0
18073,-6,6,0
18074,-6,6,0
18075,-8,8,0
18076,-5,5,0
18077,-6,6,0
18078,1,-1,0
18079,0,0,0
18080,0,0,0
18081,-4,4,0
18082,-9,9,0
18083,-12,12,0
18084,-12,12,0
18085,-11,11,0
18086,-1,1,0
18087,3,-3,0
18088,23,-23,0
18089,25,-25,0
18090,26,-26,0
18091,17,-17,0
18092,4,-4,0
18093,0,0,0
18094,-9,9,0
18095,-10,10,0
18096,-14,14,0
18097,-14,14,0
18098,-14,14,0
18099,-7,7,0
18100,7,-7,0
18101,13,-13,0
18102,19,-19,0
18103,14,-14,0
18104,9,-9,0
18105,5,-5,0
18106,1,-1,0
18107,0,0,0
18108,-6,6,0
18109,-6,6,0
18110,-14,14,0
18111,-2,2,0
18112,-2,2,0
18113,9,-9,0
18114,11,-11,0
18115,6,-6,0
18116,6,-6,0
18117,-2,2,0
18118,-1,1,0
18119,-7,7,0
18120,-5,5,0
18121,-7,7,0
18122,-4,4,0
18123,-3,3,0
18124,-3,3,0
18125,-2,2,0
18126,-7,7,0
18127,-9,9,0
18128,-14,14,0
18129,-14,14,0
18130,-13,13,0
18131,-3,3,0
18132,3,-3,0
18133,19,-19,0
18134,27,-27,0
18135,29,-29,0
18136,18,-18,0
18137,5,-5,0
18138,-2,2,0
18139,-11,11,0
18140,-13,13,0
18141,-14,14,0
18142,-16,16,0
18143,-12,12,0
18144,-4,4,0
18145,7,-7,0
18146,13,-13,0
18147,19,-19,0
18148,14,-14,0
18149,6,-6,0
18150,2,-2,0
18151,0,0,0
18152,-1,1,0
18153,-2,2,0
18154,-8,8,0
18155,-8,8,0
18156,-4,4,0
18157,0,0,0
18158,8,-8,0
18159,9,-9,0
18160,8,-8,0
18161,1,-1,0
18162,-2,2,0
18163,-4,4,0
18164,-5,5,0
18165,-4,4,0
18166,-6,6,0
18167,-6,6,0
18168,-5,5,0
18169,-1,1,0
18170,-3,3,0
18171,-3,3,0
18172,-8,8,0
18173,-13,13,0
18174,-14,14,0
18175,-15,15,0
18176,-8,8,0
18177,3,-3,0
18178,19,-19,0
18179,29,-29,0
18180,32,-32,0
18181,19,-19,0
18182,4,-4,0
18183,-3,3,0
18184,-11,11,0
18185,-15,15,0
18186,-13,13,0
18187,-18,18,0
18188,-15,15,0
18189,-9,9,0
18190,2,-2,0
18191,11,-11,0
18192,17,-17,0
18193,16,-16,0
18194,9,-9,0
18195,3,-3,0
18196,0,0,0
18197,0,0,0
18198,0,0,0
18199,-7,7,0
18200,-5,5,0
18201,-9,9,0
18202,-3,3,0
18203,8,-8,0
18204,12,-12,0
18205,16,-16,0
18206,6,-6,0
18207,4,-4,0
18208,-1,1,0
18209,-4,4,0
18210,-5,5,0
18211,-7,7,0
18212,-6,6,0
18213,-4,4,0
18214,-3,3,0
18215,-1,1,0
18216,-3,3,0
18217,-8,8,0
18218,-12,12,0
18219,-15,15,0
18220,-16,16,0
18221,-10,10,0
18222,0,0,0
18223,6,-6,0
18224,28,-28,0
18225,28,-28,0
18226,23,-23,0
18227,12,-12,0
18228,-3,3,0
18229,-7,7,0
18230,-13,13,0
18231,-12,12,0
18232,-17,17,0
18233,-13,13,0
18234,-9,9,0
18235,0,0,0
18236,15,-15,0
18237,19,-19,0
18238,26,-26,0
18239,18,-18,0
18240,8,-8,0
18241,0,0,0
18242,-6,6,0
18243,0,0,0
18244,2,-2,0
18245,6,-6,0
18246,-2,2,0
18247,6,-6,0
18248,0,0,0
18249,4,-4,0
18250,9,-9,0
18251,-3,3,0
18252,-2,2,0
18253,-15,15,0
18254,-9,9,0
18255,-8,8,0
18256,-2,2,0
18257,0,0,0
18258,0,0,0
18259,1,-1,0
18260,-3,3,0
18261,-4,4,0
18262,-11,11,0
18263,-12,12,0
18264,-19,19,0
18265,-17,17,0
18266,-16,16,0
18267,-3,3,0
18268,8,-8,0
18269,30,-30,0
18270,33,-33,0
18271,29,-29,0
18272,12,-12,0
18273,-6,6,0
18274,-14,14,0
18275,-23,23,0
18276,-21,21,0
18277,-21,21,0
18278,-18,18,0
18279,-13,13,0
18280,-2,2,0
18281,15,-15,0
18282,23,-23,0
18283,26,-26,0
18284,17,-17,0
18285,5,-5,0
18286,0,0,0
18287,-1,1,0
18288,5,-5,0
18289,1,-1,0
18290,0,0,0
18291,-3,3,0
18292,3,-3,0
18293,1,-1,0
18294,9,-9,0
18295,6,-6,0
18296,-2,2,0
18297,-10,10,0
18298,-20,20,0
18299,-15,15,0
18300,-13,13,0
18301,-2,2,0
18302,7,-7,0
18303,13,-13,0
18304,12,-12,0
18305,9,-9,0
18306,1,-1,0
18307,-6,6,0
18308,-13,13,0
18309,-16,16,0
18310,-20,20,0
18311,-13,13,0
18312,-10,10,0
18313,1,-1,0
18314,13,-13,0
18315,35,-35,0
18316,37,-37,0
18317,31,-31,0
18318,14,-14,0
18319,-7,7,0
18320,-16,16,0
18321,-23,23,0
18322,-23,23,0
18323,-28,28,0
18324,-23,23,0
18325,-15,15,0
18326,-1,1,0
18327,18,-18,0
18328,29,-29,0
18329,35,-35,0
18330,25,-25,0
18331,13,-13,0
18332,4,-4,0
18333,-5,5,0
18334,-4,4,0
18335,-10,10,0
18336,-5,5,0
18337,-11,11,0
18338,-3,3,0
18339,3,-3,0
18340,8,-8,0
18341,12,-12,0
18342,2,-2,0
18343,-1,1,0
18344,-13,13,0
18345,-12,12,0
18346,-11,11,0
18347,-7,7,0
18348,0,0,0
18349,0,0,0
18350,6,-6,0
18351,6,-6,0
18352,2,-2,0
18353,-2,2,0
18354,-7,7,0
18355,-10,10,0
18356,-12,12,0
18357,-13,13,0
18358,-6,6,0
18359,1,-1,0
18360,18,-18,0
18361,24,-24,0
18362,29,-29,0
18363,15,-15,0
18364,0,0,0
18365,-3,3,0
18366,-10,10,0
18367,-14,14,0
18368,-14,14,0
18369,-20,20,0
18370,-17,17,0
18371,-7,7,0
18372,12,-12,0
18373,24,-24,0
18374,29,-29,0
18375,22,-22,0
18376,8,-8,0
18377,-8,8,0
18378,-12,12,0
18379,-13,13,0
18380,-7,7,0
18381,-8,8,0
18382,-5,5,0
18383,4,-4,0
18384,1,-1,0
18385,14,-14,0
18386,10,-10,0
18387,8,-8,0
18388,0,0,0
18389,-6,6,0
18390,-6,6,0
18391,-10,10,0
18392,-7,7,0
18393,-8,8,0
18394,-3,3,0
18395,1,-1,0
18396,4,-4,0
18397,5,-5,0
18398,1,-1,0
18399,-4,4,0
18400,-8,8,0
18401,-12,12,0
18402,-13,13,0
18403,-12,12,0
18404,-2,2,0
18405,1,-1,0
18406,26,-26,0
18407,30,-30,0
18408,36,-36,0
18409,26,-26,0
18410,5,-5,0
18411,-7,7,0
18412,-26,26,0
18413,-34,34,0
18414,-36,36,0
18415,-25,25,0
18416,-11,11,0
18417,1,-1,0
18418,21,-21,0
18419,27,-27,0
18420,29,-29,0
18421,19,-19,0
18422,5,-5,0
18423,-4,4,0
18424,-12,12,0
18425,-7,7,0
18426,-9,9,0
18427,-5,5,0
18428,-11,11,0
18429,-3,3,0
18430,0,0,0
18431,9,-9,0
18432,8,-8,0
18433,0,0,0
18434,-4,4,0
18435,-14,14,0
18436,-6,6,0
18437,-3,3,0
18438,0,0,0
18439,4,-4,0
18440,6,-6,0
18441,7,-7,0
18442,4,-4,0
18443,1,-1,0
18444,-7,7,0
18445,-13,13,0
18446,-17,17,0
18447,-21,21,0
18448,-18,18,0
18449,-13,13,0
18450,5,-5,0
18451,17,-17,0
18452,40,-40,0
18453,40,-40,0
18454,27,-27,0
18455,11,-11,0
18456,-7,7,0
18457,-17,17,0
18458,-23,23,0
18459,-20,20,0
18460,-22,22,0
18461,-15,15,0
18462,-5,5,0
18463,6,-6,0
18464,21,-21,0
18465,26,-26,0
18466,26,-26,0
18467,11,-11,0
18468,-1,1,0
18469,-10,10,0
18470,-16,16,0
18471,-12,12,0
18472,-15,15,0
18473,-4,4,0
18474,-5,5,0
18475,5,-5,0
18476,15,-15,0
18477,14,-14,0
18478,17,-17,0
18479,2,-2,0
18480,0,0,0
18481,-11,11,0
18482,-8,8,0
18483,-2,2,0
18484,1,-1,0
18485,5,-5,0
18486,6,-6,0
18487,9,-9,0
18488,5,-5,0
18489,1,-1,0
18490,-7,7,0
18491,-14,14,0
18492,-16,16,0
18493,-22,22,0
18494,-17,17,0
18495,-12,12,0
18496,5,-5,0
18497,19,-19,0
18498,43,-43,0
18499,43,-43,0
18500,31,-31,0
18501,11,-11,0
18502,-7,7,0
18503,-21,21,0
18504,-27,27,0
18505,-25,25,0
18506,-25,25,0
18507,-20,20,0
18508,-9,9,0
18509,4,-4,0
18510,20,-20,0
18511,23,-23,0
18512,21,-21,0
18513,4,-4,0
18514,-5,5,0
18515,-17,17,0
18516,-20,20,0
18517,-15,15,0
18518,-15,15,0
18519,-6,6,0
18520,-5,5,0
18521,3,-3,0
18522,13,-13,0
18523,12,-12,0
18524,14,-14,0
18525,2,-2,0
18526,2,-2,0
18527,-10,10,0
18528,-5,5,0
18529,-3,3,0
18530,2,-2,0
18531,7,-7,0
18532,7,-7,0
18533,11,-11,0
18534,6,-6,0
18535,2,-2,0
18536,-6,6,0
18537,-16,16,0
18538,-18,18,0
18539,-22,22,0
18540,-15,15,0
18541,-11,11,0
18542,7,-7,0
18543,22,-22,0
18544,50,-50,0
18545,46,-46,0
18546,36,-36,0
18547,17,-17,0
18548,-6,6,0
18549,-21,21,0
18550,-28,28,0
18551,-29,29,0
18552,-29,29,0
18553,-26,26,0
18554,-14,14,0
18555,-1,1,0
18556,21,-21,0
18557,24,-24,0
18558,27,-27,0
18559,11,-11,0
18560,2,-2,0
18561,-4,4,0
18562,-6,6,0
18563,-5,5,0
18564,-12,12,0
18565,-7,7,0
18566,-14,14,0
18567,-4,4,0
18568,0,0,0
18569,4,-4,0
18570,11,-11,0
18571,1,-1,0
18572,3,-3,0
18573,-2,2,0
18574,4,-4,0
18575,1,-1,0
18576,3,-3,0
18577,8,-8,0
18578,6,-6,0
18579,11,-11,0
18580,4,-4,0
18581,0,0,0
18582,-10,10,0
18583,-19,19,0
18584,-24,24,0
18585,-26,26,0
18586,-23,23,0
18587,-17,17,0
18588,3,-3,0
18589,12,-12,0
18590,43,-43,0
18591,42,-42,0
18592,35,-35,0
18593,15,-15,0
18594,-7,7,0
18595,-15,15,0
18596,-23,23,0
18597,-21,21,0
18598,-20,20,0
18599,-12,12,0
18600,-5,5,0
18601,7,-7,0
18602,26,-26,0
18603,25,-25,0
18604,27,-27,0
18605,8,-8,0
18606,-2,2,0
18607,-17,17,0
18608,-21,21,0
18609,-19,19,0
18610,-9,9,0
18611,0,0,0
18612,4,-4,0
18613,13,-13,0
18614,6,-6,0
18615,19,-19,0
18616,11,-11,0
18617,-1,1,0
18618,-2,2,0
18619,-15,15,0
18620,-4,4,0
18621,-1,1,0
18622,10,-10,0
18623,12,-12,0
18624,9,-9,0
18625,9,-9,0
18626,-1,1,0
18627,-2,2,0
18628,-15,15,0
18629,-18,18,0
18630,-23,23,0
18631,-20,20,0
18632,-17,17,0
18633,-11,11,0
18634,12,-12,0
18635,20,-20,0
18636,45,-45,0
18637,37,-37,0
18638,28,-28,0
18639,3,-3,0
18640,-20,20,0
18641,-26,26,0
18642,-32,32,0
18643,-29,29,0
18644,-25,25,0
18645,-12,12,0
18646,-2,2,0
18647,10,-10,0
18648,31,-31,0
18649,26,-26,0
18650,26,-26,0
18651,3,-3,0
18652,-5,5,0
18653,-17,17,0
18654,-17,17,0
18655,-13,13,0
18656,-15,15,0
18657,-11,11,0
18658,-9,9,0
18659,4,-4,0
18660,14,-14,0
18661,21,-21,0
18662,19,-19,0
18663,2,-2,0
18664,-3,3,0
18665,-13,13,0
18666,-8,8,0
18667,-4,4,0
18668,1,-1,0
18669,6,-6,0
18670,6,-6,0
18671,10,-10,0
18672,2,-2,0
18673,0,0,0
18674,-10,10,0
18675,-11,11,0
18676,-17,17,0
18677,-17,17,0
18678,-16,16,0
18679,-14,14,0
18680,-4,4,0
18681,12,-12,0
18682,24,-24,0
18683,46,-46,0
18684,39,-39,0
18685,24,-24,0
18686,-4,4,0
18687,-19,19,0
18688,-32,32,0
18689,-30,30,0
18690,-26,26,0
18691,-23,23,0
18692,-13,13,0
18693,-2,2,0
18694,18,-18,0
18695,31,-31,0
18696,34,-34,0
18697,23,-23,0
18698,6,-6,0
18699,-11,11,0
18700,-18,18,0
18701,-20,20,0
18702,-13,13,0
18703,-13,13,0
18704,0,0,0
18705,0,0,0
18706,15,-15,0
18707,13,-13,0
18708,18,-18,0
18709,9,-9,0
18710,2,-2,0
18711,-6,6,0
18712,-7,7,0
18713,-5,5,0
18714,1,-1,0
18715,0,0,0
18716,8,-8,0
18717,5,-5,0
18718,6,-6,0
18719,-3,3,0
18720,-9,9,0
18721,-15,15,0
18722,-17,17,0
18723,-17,17,0
18724,-15,15,0
18725,-12,12,0
18726,-10,10,0
18727,8,-8,0
18728,18,-18,0
18729,48,-48,0
18730,45,-45,0
18731,40,-40,0
18732,7,-7,0
18733,-15,15,0
18734,-25,25,0
18735,-30,30,0
18736,-30,30,0
18737,-20,20,0
18738,-18,18,0
18739,-3,3,0
18740,10,-10,0
18741,35,-35,0
18742,33,-33,0
18743,37,-37,0
18744,13,-13,0
18745,0,0,0
18746,-20,20,0
18747,-18,18,0
18748,-16,16,0
18749,-14,14,0
18750,-9,9,0
18751,-2,2,0
18752,8,-8,0
18753,18,-18,0
18754,21,-21,0
18755,18,-18,0
18756,7,-7,0
18757,0,0,0
18758,-7,7,0
18759,-8,8,0
18760,-8,8,0
18761,-6,6,0
18762,0,0,0
18763,1,-1,0
18764,5,-5,0
18765,0,0,0
18766,-4,4,0
18767,-14,14,0
18768,-18,18,0
18769,-20,20,0
18770,-17,17,0
18771,-19,19,0
18772,-15,15,0
18773,-11,11,0
18774,2,-2,0
18775,15,-15,0
18776,47,-47,0
18777,40,-40,0
18778,34,-34,0
18779,6,-6,0
18780,-17,17,0
18781,-30,30,0
18782,-31,31,0
18783,-30,30,0
18784,-23,23,0
18785,-16,16,0
18786,-1,1,0
18787,16,-16,0
18788,37,-37,0
18789,38,-38,0
18790,31,-31,0
18791,9,-9,0
18792,-4,4,0
18793,-16,16,0
18794,-17,17,0
18795,-16,16,0
18796,-14,14,0
18797,-6,6,0
18798,1,-1,0
18799,15,-15,0
18800,18,-18,0
18801,23,-23,0
18802,17,-17,0
18803,8,-8,0
18804,1,-1,0
18805,-6,6,0
18806,-10,10,0
18807,-11,11,0
18808,-9,9,0
18809,-2,2,0
18810,0,0,0
18811,7,-7,0
18812,2,-2,0
18813,-2,2,0
18814,-14,14,0
18815,-20,20,0
18816,-22,22,0
18817,-20,20,0
18818,-16,16,0
18819,-13,13,0
18820,-3,3,0
18821,12,-12,0
18822,31,-31,0
18823,52,-52,0
18824,43,-43,0
18825,24,-24,0
18826,-2,2,0
18827,-24,24,0
18828,-32,32,0
18829,-33,33,0
18830,-26,26,0
18831,-25,25,0
18832,-8,8,0
18833,4,-4,0
18834,28,-28,0
18835,37,-37,0
18836,38,-38,0
18837,20,-20,0
18838,3,-3,0
18839,-14,14,0
18840,-17,17,0
18841,-23,23,0
18842,-16,16,0
18843,-16,16,0
18844,-1,1,0
18845,1,-1,0
18846,18,-18,0
18847,16,-16,0
18848,17,-17,0
18849,11,-11,0
18850,0,0,0
18851,-6,6,0
18852,-11,11,0
18853,-13,13,0
18854,-9,9,0
18855,-6,6,0
18856,-1,1,0
18857,2,-2,0
18858,1,-1,0
18859,0,0,0
18860,-8,8,0
18861,-9,9,0
18862,-13,13,0
18863,-16,16,0
18864,-17,17,0
18865,-14,14,0
18866,-17,17,0
18867,5,-5,0
18868,17,-17,0
18869,47,-47,0
18870,44,-44,0
18871,39,-39,0
18872,8,-8,0
18873,-12,12,0
18874,-22,22,0
18875,-26,26,0
18876,-27,27,0
18877,-19,19,0
18878,-13,13,0
18879,2,-2,0
18880,20,-20,0
18881,40,-40,0
18882,33,-33,0
18883,27,-27,0
18884,4,-4,0
18885,-9,9,0
18886,-23,23,0
18887,-22,22,0
18888,-23,23,0
18889,-19,19,0
18890,-6,6,0
18891,0,0,0
18892,13,-13,0
18893,20,-20,0
18894,23,-23,0
18895,17,-17,0
18896,10,-10,0
18897,0,0,0
18898,-7,7,0
18899,-9,9,0
18900,-6,6,0
18901,-7,7,0
18902,0,0,0
18903,0,0,0
18904,4,-4,0
18905,1,-1,0
18906,0,0,0
18907,-9,9,0
18908,-14,14,0
18909,-14,14,0
18910,-19,19,0
18911,-19,19,0
18912,-12,12,0
18913,-5,5,0
18914,15,-15,0
18915,29,-29,0
18916,52,-52,0
18917,41,-41,0
18918,28,-28,0
18919,1,-1,0
18920,-17,17,0
18921,-27,27,0
18922,-30,30,0
18923,-30,30,0
18924,-24,24,0
18925,-9,9,0
18926,6,-6,0
18927,26,-26,0
18928,37,-37,0
18929,31,-31,0
18930,18,-18,0
18931,0,0,0
18932,-14,14,0
18933,-23,23,0
18934,-27,27,0
18935,-22,22,0
18936,-18,18,0
18937,0,0,0
18938,5,-5,0
18939,26,-26,0
18940,25,-25,0
18941,28,-28,0
18942,15,-15,0
18943,5,-5,0
18944,-4,4,0
18945,-12,12,0
18946,-15,15,0
18947,-10,10,0
18948,-7,7,0
18949,0,0,0
18950,1,-1,0
18951,2,-2,0
18952,1,-1,0
18953,-4,4,0
18954,-7,7,0
18955,-12,12,0
18956,-16,16,0
18957,-19,19,0
18958,-16,16,0
18959,-18,18,0
18960,3,-3,0
18961,16,-16,0
18962,39,-39,0
18963,45,-45,0
18964,37,-37,0
18965,8,-8,0
18966,-8,8,0
18967,-20,20,0
18968,-29,29,0
18969,-30,30,0
18970,-19,19,0
18971,-18,18,0
18972,1,-1,0
18973,15,-15,0
18974,36,-36,0
18975,29,-29,0
18976,28,-28,0
18977,6,-6,0
18978,-4,4,0
18979,-21,21,0
18980,-23,23,0
18981,-26,26,0
18982,-17,17,0
18983,-12,12,0
18984,4,-4,0
18985,14,-14,0
18986,19,-19,0
18987,23,-23,0
18988,17,-17,0
18989,11,-11,0
18990,0,0,0
18991,-7,7,0
18992,-12,12,0
18993,-15,15,0
18994,-13,13,0
18995,-2,2,0
18996,-1,1,0
18997,5,-5,0
18998,1,-1,0
18999,2,-2,0
19000,-4,4,0
19001,-7,7,0
19002,-10,10,0
19003,-14,14,0
19004,-16,16,0
19005,-17,17,0
19006,-14,14,0
19007,2,-2,0
19008,18,-18,0
19009,40,-40,0
19010,44,-44,0
19011,39,-39,0
19012,12,-12,0
19013,-6,6,0
19014,-15,15,0
19015,-24,24,0
19016,-27,27,0
19017,-20,20,0
19018,-18,18,0
19019,-3,3,0
19020,9,-9,0
19021,29,-29,0
19022,26,-26,0
19023,23,-23,0
19024,2,-2,0
19025,-5,5,0
19026,-21,21,0
19027,-18,18,0
19028,-23,23,0
19029,-15,15,0
19030,-9,9,0
19031,2,-2,0
19032,12,-12,0
19033,16,-16,0
19034,22,-22,0
19035,12,-12,0
19036,11,-11,0
19037,1,-1,0
19038,-7,7,0
19039,-14,14,0
19040,-12,12,0
19041,-9,9,0
19042,0,0,0
19043,3,-3,0
19044,8,-8,0
19045,1,-1,0
19046,0,0,0
19047,-5,5,0
19048,-8,8,0
19049,-14,14,0
19050,-17,17,0
19051,-14,14,0
19052,-13,13,0
19053,-10,10,0
19054,4,-4,0
19055,17,-17,0
19056,38,-38,0
19057,41,-41,0
19058,34,-34,0
19059,7,-7,0
19060,-7,7,0
19061,-17,17,0
19062,-21,21,0
19063,-26,26,0
19064,-19,19,0
19065,-17,17,0
19066,0,0,0
19067,12,-12,0
19068,31,-31,0
19069,26,-26,0
19070,25,-25,0
19071,3,-3,0
19072,-5,5,0
19073,-22,22,0
19074,-22,22,0
19075,-27,27,0
19076,-19,19,0
19077,-14,14,0
19078,-2,2,0
19079,12,-12,0
19080,14,-14,0
19081,22,-22,0
19082,15,-15,0
19083,13,-13,0
19084,2,-2,0
19085,-5,5,0
19086,-12,12,0
19087,-11,11,0
19088,-7,7,0
19089,1,-1,0
19090,1,-1,0
19091,8,-8,0
19092,2,-2,0
19093,0,0,0
19094,-4,4,0
19095,-9,9,0
19096,-12,12,0
19097,-16,16,0
19098,-14,14,0
19099,-16,16,0
19100,-10,10,0
19101,2,-2,0
19102,18,-18,0
19103,38,-38,0
19104,42,-42,0
19105,38,-38,0
19106,10,-10,0
19107,-4,4,0
19108,-11,11,0
19109,-15,15,0
19110,-18,18,0
19111,-11,11,0
19112,-12,12,0
19113,3,-3,0
19114,14,-14,0
19115,31,-31,0
19116,22,-22,0
19117,18,-18,0
19118,-2,2,0
19119,-12,12,0
19120,-29,29,0
19121,-30,30,0
19122,-37,37,0
19123,-28,28,0
19124,-13,13,0
19125,1,-1,0
19126,5,-5,0
19127,13,-13,0
19128,14,-14,0
19129,11,-11,0
19130,17,-17,0
19131,6,-6,0
19132,-1,1,0
19133,-9,9,0
19134,-5,5,0
19135,0,0,0
19136,5,-5,0
19137,6,-6,0
19138,5,-5,0
19139,0,0,0
19140,-1,1,0
19141,-9,9,0
19142,-13,13,0
19143,-20,20,0
19144,-21,21,0
19145,-23,23,0
19146,-22,22,0
19147,-12,12,0
19148,9,-9,0
19149,18,-18,0
19150,46,-46,0
19151,43,-43,0
19152,41,-41,0
19153,20,-20,0
19154,5,-5,0
19155,-5,5,0
19156,-10,10,0
19157,-18,18,0
19158,-19,19,0
19159,-14,14,0
19160,-3,3,0
19161,10,-10,0
19162,21,-21,0
19163,19,-19,0
19164,12,-12,0
19165,0,0,0
19166,-12,12,0
19167,-23,23,0
19168,-29,29,0
19169,-29,29,0
19170,-26,26,0
19171,-8,8,0
19172,-4,4,0
19173,17,-17,0
19174,21,-21,0
19175,29,-29,0
19176,21,-21,0
19177,15,-15,0
19178,4,-4,0
19179,-5,5,0
19180,-10,10,0
19181,-9,9,0
19182,-4,4,0
19183,2,-2,0
19184,8,-8,0
19185,10,-10,0
19186,13,-13,0
19187,12,-12,0
19188,9,-9,0
19189,0,0,0
19190,-3,3,0
19191,-17,17,0
19192,-23,23,0
19193,-31,31,0
19194,-32,32,0
19195,-18,18,0
19196,-2,2,0
19197,24,-24,0
19198,35,-35,0
19199,40,-40,0
19200,18,-18,0
19201,9,-9,0
19202,-1,1,0
19203,-9,9,0
19204,-16,16,0
19205,-12,12,0
19206,-20,20,0
19207,-6,6,0
19208,2,-2,0
19209,21,-21,0
19210,17,-17,0
19211,20,-20,0
19212,4,-4,0
19213,0,0,0
19214,-15,15,0
19215,-19,19,0
19216,-29,29,0
19217,-23,23,0
19218,-14,14,0
19219,0,0,0
19220,15,-15,0
19221,17,-17,0
19222,23,-23,0
19223,17,-17,0
19224,19,-19,0
19225,8,-8,0
19226,0,0,0
19227,-11,11,0
19228,-12,12,0
19229,-8,8,0
19230,1,-1,0
19231,3,-3,0
19232,11,-11,0
19233,7,-7,0
19234,8,-8,0
19235,0,0,0
19236,-5,5,0
19237,-15,15,0
19238,-19,19,0
19239,-19,19,0
19240,-18,18,0
19241,-18,18,0
19242,-13,13,0
19243,3,-3,0
19244,14,-14,0
19245,31,-31,0
19246,28,-28,0
19247,16,-16,0
19248,3,-3,0
19249,-4,4,0
19250,-12,12,0
19251,-13,13,0
19252,-12,12,0
19253,-16,16,0
19254,-6,6,0
19255,0,0,0
19256,14,-14,0
19257,10,-10,0
19258,16,-16,0
19259,6,-6,0
19260,7,-7,0
19261,-10,10,0
19262,-13,13,0
19263,-31,31,0
19264,-22,22,0
19265,-19,19,0
19266,4,-4,0
19267,8,-8,0
19268,20,-20,0
19269,18,-18,0
19270,15,-15,0
19271,18,-18,0
19272,13,-13,0
19273,4,-4,0
19274,-11,11,0
19275,-17,17,0
19276,-19,19,0
19277,-14,14,0
19278,-9,9,0
19279,-2,2,0
19280,0,0,0
19281,9,-9,0
19282,7,-7,0
19283,7,-7,0
19284,0,0,0
19285,0,0,0
19286,-8,8,0
19287,-12,12,0
19288,-18,18,0
19289,-22,22,0
19290,-11,11,0
19291,-5,5,0
19292,25,-25,0
19293,27,-27,0
19294,35,-35,0
19295,20,-20,0
19296,11,-11,0
19297,-1,1,0
19298,-7,7,0
19299,-16,16,0
19300,-15,15,0
19301,-11,11,0
19302,0,0,0
19303,11,-11,0
19304,21,-21,0
19305,20,-20,0
19306,23,-23,0
19307,14,-14,0
19308,-2,2,0
19309,-22,22,0
19310,-33,33,0
19311,-41,41,0
19312,-37,37,0
19313,-8,8,0
19314,1,-1,0
19315,21,-21,0
19316,16,-16,0
19317,23,-23,0
19318,18,-18,0
19319,15,-15,0
19320,4,-4,0
19321,-3,3,0
19322,-6,6,0
19323,-5,5,0
19324,-4,4,0
19325,-1,1,0
19326,-2,2,0
19327,-2,2,0
19328,-1,1,0
19329,2,-2,0
19330,1,-1,0
19331,-3,3,0
19332,-8,8,0
19333,-15,15,0
19334,-14,14,0
19335,-16,16,0
19336,-12,12,0
19337,-2,2,0
19338,6,-6,0
19339,30,-30,0
19340,31,-31,0
19341,34,-34,0
19342,12,-12,0
19343,2,-2,0
19344,-1,1,0
19345,-12,12,0
19346,-19,19,0
19347,-19,19,0
19348,-21,21,0
19349,-13,13,0
19350,0,0,0
19351,16,-16,0
19352,20,-20,0
19353,22,-22,0
19354,17,-17,0
19355,13,-13,0
19356,2,-2,0
19357,-2,2,0
19358,-10,10,0
19359,-17,17,0
19360,-19,19,0
19361,-22,22,0
19362,-4,4,0
19363,-2,2,0
19364,11,-11,0
19365,12,-12,0
19366,17,-17,0
19367,19,-19,0
19368,8,-8,0
19369,0,0,0
19370,-9,9,0
19371,-9,9,0
19372,-4,4,0
19373,-3,3,0
19374,0,0,0
19375,0,0,0
19376,0,0,0
19377,-3,3,0
19378,-4,4,0
19379,-7,7,0
19380,-10,10,0
19381,-9,9,0
19382,-10,10,0
19383,-12,12,0
19384,-7,7,0
19385,3,-3,0
19386,14,-14,0
19387,30,-30,0
19388,33,-33,0
19389,25,-25,0
19390,15,-15,0
19391,4,-4,0
19392,-3,3,0
19393,-12,12,0
19394,-18,18,0
19395,-24,24,0
19396,-15,15,0
19397,-11,11,0
19398,3,-3,0
19399,5,-5,0
19400,13,-13,0
19401,10,-10,0
19402,12,-12,0
19403,6,-6,0
19404,2,-2,0
19405,-6,6,0
19406,-8,8,0
19407,-13,13,0
19408,-9,9,0
19409,-9,9,0
19410,-9,9,0
19411,-2,2,0
19412,0,0,0
19413,9,-9,0
19414,13,-13,0
19415,16,-16,0
19416,15,-15,0
19417,9,-9,0
19418,3,-3,0
19419,-2,2,0
19420,-6,6,0
19421,-9,9,0
19422,-11,11,0
19423,-9,9,0
19424,-10,10,0
19425,-10,10,0
19426,-6,6,0
19427,-3,3,0
19428,-3,3,0
19429,-1,1,0
19430,-5,5,0
19431,1,-1,0
19432,7,-7,0
19433,11,-11,0
19434,19,-19,0
19435,15,-15,0
19436,6,-6,0
19437,6,-6,0
19438,4,-4,0
19439,1,-1,0
19440,-2,2,0
19441,-5,5,0
19442,-10,10,0
19443,-5,5,0
19444,-8,8,0
19445,-1,1,0
19446,-1,1,0
19447,2,-2,0
19448,0,0,0
19449,8,-8,0
19450,6,-6,0
19451,5,-5,0
19452,-3,3,0
19453,-9,9,0
19454,-11,11,0
19455,-3,3,0
19456,-4,4,0
19457,0,0,0
19458,3,-3,0
19459,0,0,0
19460,4,-4,0
19461,0,0,0
19462,0,0,0
19463,-3,3,0
19464,-3,3,0
19465,-4,4,0
19466,-3,3,0
19467,-4,4,0
19468,-2,2,0
19469,0,0,0
19470,1,-1,0
19471,2,-2,0
19472,4,-4,0
19473,7,-7,0
19474,7,-7,0
19475,4,-4,0
19476,5,-5,0
19477,2,-2,0
19478,1,-1,0
19479,3,-3,0
19480,6,-6,0
19481,9,-9,0
19482,3,-3,0
19483,-2,2,0
19484,-3,3,0
19485,-5,5,0
19486,-10,10,0
19487,-16,16,0
19488,-18,18,0
19489,-20,20,0
19490,-6,6,0
19491,1,-1,0
19492,17,-17,0
19493,12,-12,0
19494,15,-15,0
19495,7,-7,0
19496,11,-11,0
19497,0,0,0
19498,0,0,0
19499,-7,7,0
19500,-6,6,0
19501,-12,12,0
19502,-10,10,0
19503,-10,10,0
19504,-7,7,0
19505,-2,2,0
19506,1,-1,0
19507,9,-9,0
19508,7,-7,0
19509,11,-11,0
19510,5,-5,0
19511,7,-7,0
19512,0,0,0
19513,0,0,0
19514,-2,2,0
19515,-2,2,0
19516,-4,4,0
19517,-3,3,0
19518,-7,7,0
19519,-9,9,0
19520,-9,9,0
19521,-8,8,0
19522,-5,5,0
19523,0,0,0
19524,-1,1,0
19525,5,-5,0
19526,12,-12,0
19527,19,-19,0
19528,23,-23,0
19529,19,-19,0
19530,9,-9,0
19531,4,-4,0
19532,-2,2,0
19533,-7,7,0
19534,-12,12,0
19535,-12,12,0
19536,-20,20,0
19537,-8,8,0
19538,-7,7,0
19539,5,-5,0
19540,3,-3,0
19541,14,-14,0
19542,8,-8,0
19543,15,-15,0
19544,5,-5,0
19545,9,-9,0
19546,1,-1,0
19547,4,-4,0
19548,-6,6,0
19549,-4,4,0
19550,-9,9,0
19551,-13,13,0
19552,-8,8,0
19553,-10,10,0
19554,0,0,0
19555,0,0,0
19556,5,-5,0
19557,5,-5,0
19558,10,-10,0
19559,9,-9,0
19560,8,-8,0
19561,6,-6,0
19562,2,-2,0
19563,-2,2,0
19564,-8,8,0
19565,-12,12,0
19566,-16,16,0
19567,-18,18,0
19568,-20,20,0
19569,-14,14,0
19570,-8,8,0
19571,-4,4,0
19572,7,-7,0
19573,12,-12,0
19574,24,-24,0
19575,27,-27,0
19576,30,-30,0
19577,17,-17,0
19578,13,-13,0
19579,0,0,0
19580,-6,6,0
19581,-15,15,0
19582,-18,18,0
19583,-24,24,0
19584,-12,12,0
19585,-9,9,0
19586,4,-4,0
19587,5,-5,0
19588,14,-14,0
19589,10,-10,0
19590,18,-18,0
19591,10,-10,0
19592,11,-11,0
19593,1,-1,0
19594,3,-3,0
19595,-4,4,0
19596,-4,4,0
19597,-6,6,0
19598,-15,15,0
19599,-9,9,0
19600,-11,11,0
19601,0,0,0
19602,-4,4,0
19603,2,-2,0
19604,0,0,0
19605,4,-4,0
19606,5,-5,0
19607,9,-9,0
19608,9,-9,0
19609,12,-12,0
19610,7,-7,0
19611,2,-2,0
19612,-6,6,0
19613,-15,15,0
19614,-19,19,0
19615,-22,22,0
19616,-18,18,0
19617,-16,16,0
19618,-10,10,0
19619,1,-1,0
19620,8,-8,0
19621,16,-16,0
19622,19,-19,0
19623,21,-21,0
19624,14,-14,0
19625,17,-17,0
19626,6,-6,0
19627,0,0,0
19628,-14,14,0
19629,-17,17,0
19630,-26,26,0
19631,-20,20,0
19632,-19,19,0
19633,-8,8,0
19634,-5,5,0
19635,5,-5,0
19636,7,-7,0
19637,18,-18,0
19638,15,-15,0
19639,22,-22,0
19640,16,-16,0
19641,15,-15,0
19642,11,-11,0
19643,1,-1,0
19644,1,-1,0
19645,-9,9,0
19646,-8,8,0
19647,-15,15,0
19648,-10,10,0
19649,-10,10,0
19650,-6,6,0
19651,-4,4,0
19652,2,-2,0
19653,5,-5,0
19654,9,-9,0
19655,9,-9,0
19656,12,-12,0
19657,9,-9,0
19658,6,-6,0
19659,0,0,0
19660,-9,9,0
19661,-18,18,0
19662,-22,22,0
19663,-22,22,0
19664,-20,20,0
19665,-16,16,0
19666,-5,5,0
19667,0,0,0
19668,13,-13,0
19669,20,-20,0
19670,26,-26,0
19671,20,-20,0
19672,21,-21,0
19673,15,-15,0
19674,8,-8,0
19675,-1,1,0
19676,-8,8,0
19677,-13,13,0
19678,-15,15,0
19679,-15,15,0
19680,-14,14,0
19681,-12,12,0
19682,-9,9,0
19683,-4,4,0
19684,0,0,0
19685,4,-4,0
19686,5,-5,0
19687,8,-8,0
19688,6,-6,0
19689,13,-13,0
19690,9,-9,0
19691,11,-11,0
19692,2,-2,0
19693,2,-2,0
19694,-5,5,0
19695,-8,8,0
19696,-11,11,0
19697,-11,11,0
19698,-10,10,0
19699,-4,4,0
19700,-4,4,0
19701,2,-2,0
19702,3,-3,0
19703,7,-7,0
19704,6,-6,0
19705,5,-5,0
19706,4,-4,0
19707,1,-1,0
19708,-6,6,0
19709,-9,9,0
19710,-11,11,0
19711,-11,11,0
19712,-11,11,0
19713,-7,7,0
19714,-3,3,0
19715,2,-2,0
19716,5,-5,0
19717,9,-9,0
19718,7,-7,0
19719,10,-10,0
19720,9,-9,0
19721,8,-8,0
19722,6,-6,0
19723,6,-6,0
19724,0,0,0
19725,4,-4,0
19726,2,-2,0
19727,2,-2,0
19728,0,0,0
19729,0,0,0
19730,-5,5,0
19731,-6,6,0
19732,-5,5,0
19733,-4,4,0
19734,-4,4,0
19735,-6,6,0
19736,1,-1,0
19737,1,-1,0
19738,3,-3,0
19739,2,-2,0
19740,5,-5,0
19741,4,-4,0
19742,6,-6,0
19743,2,-2,0
19744,1,-1,0
19745,0,0,0
19746,0,0,0
19747,1,-1,0
19748,1,-1,0
19749,2,-2,0
19750,0,0,0
19751,0,0,0
19752,1,-1,0
19753,0,0,0
19754,-1,1,0
19755,-5,5,0
19756,-9,9,0
19757,-11,11,0
19758,-13,13,0
19759,-12,12,0
19760,-8,8,0
19761,-4,4,0
19762,-1,1,0
19763,4,-4,0
19764,9,-9,0
19765,9,-9,0
19766,14,-14,0
19767,14,-14,0
19768,16,-16,0
19769,14,-14,0
19770,10,-10,0
19771,6,-6,0
19772,4,-4,0
19773,0,0,0
19774,-2,2,0
19775,-6,6,0
19776,-11,11,0
19777,-14,14,0
19778,-11,11,0
19779,-10,10,0
19780,-7,7,0
19781,-4,4,0
19782,-3,3,0
19783,2,-2,0
19784,3,-3,0
19785,5,-5,0
19786,8,-8,0
19787,7,-7,0
19788,9,-9,0
19789,7,-7,0
19790,7,-7,0
19791,3,-3,0
19792,1,-1,0
19793,1,-1,0
19794,0,0,0
19795,-1,1,0
19796,-4,4,0
19797,-3,3,0
19798,-1,1,0
19799,-1,1,0
19800,-2,2,0
19801,-4,4,0
19802,-4,4,0
19803,-6,6,0
19804,-9,9,0
19805,-9,9,0
19806,-8,8,0
19807,-6,6,0
19808,-4,4,0
19809,0,0,0
19810,2,-2,0
19811,5,-5,0
19812,2,-2,0
19813,5,-5,0
19814,10,-10,0
19815,12,-12,0
19816,9,-9,0
19817,7,-7,0
19818,3,-3,0
19819,3,-3,0
19820,5,-5,0
19821,0,0,0
19822,-3,3,0
19823,-6,6,0
19824,-7,7,0
19825,-10,10,0
19826,-10,10,0
19827,-11,11,0
19828,-7,7,0
19829,-7,7,0
19830,-5,5,0
19831,-2,2,0
19832,0,0,0
19833,3,-3,0
19834,5,-5,0
19835,8,-8,0
19836,8,-8,0
19837,8,-8,0
19838,6,-6,0
19839,2,-2,0
19840,1,-1,0
19841,1,-1,0
19842,0,0,0
19843,0,0,0
19844,-3,3,0
19845,-2,2,0
19846,-2,2,0
19847,-3,3,0
19848,-1,1,0
19849,-2,2,0
19850,-3,3,0
19851,-5,5,0
19852,-10,10,0
19853,-9,9,0
19854,-8,8,0
19855,-5,5,0
19856,-1,1,0
19857,3,-3,0
19858,7,-7,0
19859,7,-7,0
19860,8,-8,0
19861,10,-10,0
19862,8,-8,0
19863,6,-6,0
19864,7,-7,0
19865,5,-5,0
19866,5,-5,0
19867,1,-1,0
19868,-1,1,0
19869,-2,2,0
19870,-4,4,0
19871,-5,5,0
19872,-6,6,0
19873,-7,7,0
19874,-8,8,0
19875,-8,8,0
19876,-4,4,0
19877,-5,5,0
19878,-3,3,0
19879,-1,1,0
19880,0,0,0
19881,4,-4,0
19882,5,-5,0
19883,6,-6,0
19884,7,-7,0
19885,5,-5,0
19886,3,-3,0
19887,1,-1,0
19888,0,0,0
19889,0,0,0
19890,0,0,0
19891,2,-2,0
19892,3,-3,0
19893,4,-4,0
19894,1,-1,0
19895,0,0,0
19896,-3,3,0
19897,-5,5,0
19898,-8,8,0
19899,-8,8,0
19900,-7,7,0
19901,-6,6,0
19902,-3,3,0
19903,1,-1,0
19904,6,-6,0
19905,8,-8,0
19906,8,-8,0
19907,11,-11,0
19908,11,-11,0
19909,9,-9,0
19910,8,-8,0
19911,6,-6,0
19912,6,-6,0
19913,4,-4,0
19914,1,-1,0
19915,0,0,0
19916,-1,1,0
19917,-3,3,0
19918,-5,5,0
19919,-5,5,0
19920,-8,8,0
19921,-9,9,0
19922,-7,7,0
19923,-4,4,0
19924,-3,3,0
19925,-2,2,0
19926,0,0,0
19927,1,-1,0
19928,4,-4,0
19929,6,-6,0
19930,8,-8,0
19931,7,-7,0
19932,6,-6,0
19933,3,-3,0
19934,0,0,0
19935,-1,1,0
19936,-2,2,0
19937,-1,1,0
19938,-1,1,0
19939,-4,4,0
19940,-5,5,0
19941,-6,6,0
19942,-4,4,0
19943,-2,2,0
19944,-2,2,0
19945,-3,3,0
19946,-2,2,0
19947,-1,1,0
19948,-1,1,0
19949,-1,1,0
19950,-1,1,0
19951,0,0,0
19952,0,0,0
19953,1,-1,0
19954,4,-4,0
19955,5,-5,0
19956,3,-3,0
19957,6,-6,0
19958,5,-5,0
19959,3,-3,0
19960,1,-1,0
19961,-2,2,0
19962,-3,3,0
19963,-5,5,0
19964,-6,6,0
19965,-7,7,0
19966,-7,7,0
19967,-8,8,0
19968,-8,8,0
19969,-4,4,0
19970,-2,2,0
19971,0,0,0
19972,1,-1,0
19973,3,-3,0
19974,5,-5,0
19975,4,-4,0
19976,2,-2,0
19977,1,-1,0
19978,1,-1,0
19979,-2,2,0
19980,-1,1,0
19981,0,0,0
19982,2,-2,0
19983,2,-2,0
19984,4,-4,0
19985,5,-5,0
19986,8,-8,0
19987,4,-4,0
19988,-1,1,0
19989,-7,7,0
19990,-9,9,0
19991,-11,11,0
19992,-10,10,0
19993,-6,6,0
19994,-4,4,0
19995,-3,3,0
19996,-1,1,0
19997,4,-4,0
19998,5,-5,0
19999,9,-9,0
20000,11,-11,0
20001,11,-11,0
20002,10,-10,0
20003,9,-9,0
20004,4,-4,0
20005,0,0,0
20006,-5,5,0
20007,-6,6,0
20008,-6,6,0
20009,-3,3,0
20010,0,0,0
20011,0,0,0
20012,1,-1,0
20013,-1,1,0
20014,-3,3,0
20015,-3,3,0
20016,-2,2,0
20017,-3,3,0
20018,0,0,0
20019,3,-3,0
20020,2,-2,0
20021,5,-5,0
20022,3,-3,0
20023,1,-1,0
20024,2,-2,0
20025,3,-3,0
20026,4,-4,0
20027,2,-2,0
20028,1,-1,0
20029,1,-1,0
20030,0,0,0
20031,-1,1,0
20032,-2,2,0
20033,-4,4,0
20034,-6,6,0
20035,-6,6,0
20036,-4,4,0
20037,-4,4,0
20038,-6,6,0
20039,-6,6,0
20040,-6,6,0
20041,-2,2,0
20042,0,0,0
20043,3,-3,0
20044,6,-6,0
20045,8,-8,0
20046,9,-9,0
20047,7,-7,0
20048,6,-6,0
20049,5,-5,0
20050,4,-4,0
20051,6,-6,0
20052,5,-5,0
20053,1,-1,0
20054,-2,2,0
20055,-4,4,0
20056,-6,6,0
20057,-4,4,0
20058,-4,4,0
20059,-4,4,0
20060,-4,4,0
20061,-5,5,0
20062,-3,3,0
20063,-3,3,0
20064,-2,2,0
20065,0,0,0
20066,0,0,0
20067,1,-1,0
20068,3,-3,0
20069,4,-4,0
20070,5,-5,0
20071,7,-7,0
20072,8,-8,0
20073,6,-6,0
20074,3,-3,0
20075,0,0,0
20076,-2,2,0
20077,0,0,0
20078,0,0,0
20079,0,0,0
20080,-3,3,0
20081,-4,4,0
20082,-8,8,0
20083,-8,8,0
20084,-8,8,0
20085,-6,6,0
20086,-1,1,0
20087,0,0,0
20088,0,0,0
20089,1,-1,0
20090,2,-2,0
20091,4,-4,0
20092,7,-7,0
20093,10,-10,0
20094,10,-10,0
20095,10,-10,0
20096,8,-8,0
20097,7,-7,0
20098,4,-4,0
20099,2,-2,0
20100,-1,1,0
20101,-6,6,0
20102,-6,6,0
20103,-7,7,0
20104,-7,7,0
20105,-7,7,0
20106,-7,7,0
20107,-6,6,0
20108,-3,3,0
20109,-5,5,0
20110,-3,3,0
20111,0,0,0
20112,0,0,0
20113,2,-2,0
20114,4,-4,0
20115,4,-4,0
20116,2,-2,0
20117,4,-4,0
20118,4,-4,0
20119,6,-6,0
20120,5,-5,0
20121,7,-7,0
20122,3,-3,0
20123,1,-1,0
20124,-2,2,0
20125,-2,2,0
20126,-4,4,0
20127,-6,6,0
20128,-7,7,0
20129,-6,6,0
20130,-8,8,0
20131,-8,8,0
20132,-6,6,0
20133,-2,2,0
20134,-1,1,0
20135,0,0,0
20136,2,-2,0
20137,5,-5,0
20138,6,-6,0
20139,8,-8,0
20140,7,-7,0
20141,4,-4,0
20142,5,-5,0
20143,6,-6,0
20144,7,-7,0
20145,7,-7,0
20146,5,-5,0
20147,1,-1,0
20148,0,0,0
20149,-4,4,0
20150,-7,7,0
20151,-8,8,0
20152,-9,9,0
20153,-9,9,0
20154,-10,10,0
20155,-7,7,0
20156,-6,6,0
20157,-2,2,0
20158,0,0,0
20159,1,-1,0
20160,1,-1,0
20161,4,-4,0
20162,3,-3,0
20163,4,-4,0
20164,4,-4,0
20165,6,-6,0
20166,7,-7,0
20167,5,-5,0
20168,3,-3,0
20169,0,0,0
20170,0,0,0
20171,-2,2,0
20172,-2,2,0
20173,-3,3,0
20174,-5,5,0
20175,-9,9,0
20176,-12,12,0
20177,-12,12,0
20178,-9,9,0
20179,-5,5,0
20180,-1,1,0
20181,0,0,0
20182,4,-4,0
20183,5,-5,0
20184,7,-7,0
20185,8,-8,0
20186,8,-8,0
20187,6,-6,0
20188,6,-6,0
20189,5,-5,0
20190,5,-5,0
20191,3,-3,0
20192,3,-3,0
20193,0,0,0
20194,-2,2,0
20195,-2,2,0
20196,-2,2,0
20197,-4,4,0
20198,-5,5,0
20199,-5,5,0
20200,-5,5,0
20201,-5,5,0
20202,-4,4,0
20203,-5,5,0
20204,-2,2,0
20205,1,-1,0
20206,5,-5,0
20207,5,-5,0
20208,6,-6,0
20209,5,-5,0
20210,6,-6,0
20211,4,-4,0
20212,5,-5,0
20213,5,-5,0
20214,5,-5,0
20215,0,0,0
20216,0,0,0
20217,-3,3,0
20218,-2,2,0
20219,-5,5,0
20220,-5,5,0
20221,-7,7,0
20222,-7,7,0
20223,-9,9,0
20224,-10,10,0
20225,-7,7,0
20226,-5,5,0
20227,-4,4,0
20228,0,0,0
20229,3,-3,0
20230,5,-5,0
20231,7,-7,0
20232,9,-9,0
20233,10,-10,0
20234,8,-8,0
20235,7,-7,0
20236,7,-7,0
20237,7,-7,0
20238,4,-4,0
20239,2,-2,0
20240,-2,2,0
20241,-3,3,0
20242,-5,5,0
20243,-7,7,0
20244,-7,7,0
20245,-7,7,0
20246,-5,5,0
20247,-1,1,0
20248,1,-1,0
20249,3,-3,0
20250,4,-4,0
20251,4,-4,0
20252,4,-4,0
20253,3,-3,0
20254,4,-4,0
20255,1,-1,0
20256,1,-1,0
20257,0,0,0
20258,0,0,0
20259,0,0,0
20260,0,0,0
20261,-1,1,0
20262,0,0,0
20263,-1,1,0
20264,0,0,0
20265,-2,2,0
20266,-1,1,0
20267,-5,5,0
20268,-7,7,0
20269,-9,9,0
20270,-9,9,0
20271,-8,8,0
20272,-5,5,0
20273,-4,4,0
20274,-1,1,0
20275,2,-2,0
20276,4,-4,0
20277,5,-5,0
20278,8,-8,0
20279,9,-9,0
20280,8,-8,0
20281,9,-9,0
20282,9,-9,0
20283,8,-8,0
20284,4,-4,0
20285,3,-3,0
20286,1,-1,0
20287,-2,2,0
20288,-3,3,0
20289,-3,3,0
20290,-5,5,0
20291,-5,5,0
20292,-6,6,0
20293,-4,4,0
20294,-1,1,0
20295,0,0,0
20296,4,-4,0
20297,5,-5,0
20298,4,-4,0
20299,4,-4,0
20300,6,-6,0
20301,3,-3,0
20302,5,-5,0
20303,3,-3,0
20304,0,0,0
20305,0,0,0
20306,-1,1,0
20307,-2,2,0
20308,-5,5,0
20309,-3,3,0
20310,-1,1,0
20311,-1,1,0
20312,0,0,0
20313,-1,1,0
20314,-3,3,0
20315,-6,6,0
20316,-9,9,0
20317,-13,13,0
20318,-11,11,0
20319,-9,9,0
20320,-4,4,0
20321,0,0,0
20322,5,-5,0
20323,5,-5,0
20324,8,-8,0
20325,9,-9,0
20326,6,-6,0
20327,4,-4,0
20328,5,-5,0
20329,4,-4,0
20330,3,-3,0
20331,1,-1,0
20332,-3,3,0
20333,-7,7,0
20334,-7,7,0
20335,-7,7,0
20336,-5,5,0
20337,-1,1,0
20338,0,0,0
20339,1,-1,0
20340,2,-2,0
20341,3,-3,0
20342,5,-5,0
20343,6,-6,0
20344,5,-5,0
20345,2,-2,0
20346,2,-2,0
20347,-2,2,0
20348,-3,3,0
20349,-2,2,0
20350,0,0,0
20351,0,0,0
20352,0,0,0
20353,0,0,0
20354,-3,3,0
20355,-2,2,0
20356,-3,3,0
20357,-3,3,0
20358,-2,2,0
20359,-1,1,0
20360,-1,1,0
20361,-1,1,0
20362,-2,2,0
20363,-5,5,0
20364,-6,6,0
20365,-3,3,0
20366,-3,3,0
20367,-1,1,0
20368,0,0,0
20369,2,-2,0
20370,4,-4,0
20371,4,-4,0
20372,2,-2,0
20373,0,0,0
20374,2,-2,0
20375,8,-8,0
20376,9,-9,0
20377,10,-10,0
20378,7,-7,0
20379,0,0,0
20380,-9,9,0
20381,-12,12,0
20382,-15,15,0
20383,-12,12,0
20384,-9,9,0
20385,-5,5,0
20386,-1,1,0
20387,0,0,0
20388,8,-8,0
20389,10,-10,0
20390,14,-14,0
20391,13,-13,0
20392,9,-9,0
20393,8,-8,0
20394,3,-3,0
20395,-1,1,0
20396,-3,3,0
20397,-8,8,0
20398,-9,9,0
20399,-8,8,0
20400,-4,4,0
20401,-3,3,0
20402,0,0,0
20403,1,-1,0
20404,4,-4,0
20405,3,-3,0
20406,0,0,0
20407,-1,1,0
20408,-1,1,0
20409,-3,3,0
20410,-4,4,0
20411,0,0,0
20412,4,-4,0
20413,7,-7,0
20414,7,-7,0
20415,10,-10,0
20416,9,-9,0
20417,9,-9,0
20418,9,-9,0
20419,5,-5,0
20420,-1,1,0
20421,-4,4,0
20422,-6,6,0
20423,-8,8,0
20424,-6,6,0
20425,-6,6,0
20426,-6,6,0
20427,-5,5,0
20428,-4,4,0
20429,0,0,0
20430,1,-1,0
20431,4,-4,0
20432,8,-8,0
20433,10,-10,0
20434,10,-10,0
20435,8,-8,0
20436,5,-5,0
20437,1,-1,0
20438,-2,2,0
20439,-5,5,0
20440,-10,10,0
20441,-10,10,0
20442,-9,9,0
20443,-5,5,0
20444,-2,2,0
20445,1,-1,0
20446,5,-5,0
20447,7,-7,0
20448,10,-10,0
20449,4,-4,0
20450,3,-3,0
20451,0,0,0
20452,-4,4,0
20453,-9,9,0
20454,-10,10,0
20455,-14,14,0
20456,-14,14,0
20457,-12,12,0
20458,-4,4,0
20459,0,0,0
20460,13,-13,0
20461,19,-19,0
20462,18,-18,0
20463,23,-23,0
20464,16,-16,0
20465,15,-15,0
20466,7,-7,0
20467,0,0,0
20468,-10,10,0
20469,-14,14,0
20470,-22,22,0
20471,-16,16,0
20472,-17,17,0
20473,-12,12,0
20474,-10,10,0
20475,1,-1,0
20476,5,-5,0
20477,21,-21,0
20478,24,-24,0
20479,26,-26,0
20480,15,-15,0
20481,16,-16,0
20482,1,-1,0
20483,-3,3,0
20484,-9,9,0
20485,-18,18,0
20486,-18,18,0
20487,-20,20,0
20488,-12,12,0
20489,-8,8,0
20490,-2,2,0
20491,5,-5,0
20492,8,-8,0
20493,15,-15,0
20494,15,-15,0
20495,12,-12,0
20496,5,-5,0
20497,-1,1,0
20498,-8,8,0
20499,-15,15,0
20500,-20,20,0
20501,-23,23,0
20502,-23,23,0
20503,-19,19,0
20504,-5,5,0
20505,4,-4,0
20506,19,-19,0
20507,24,-24,0
20508,25,-25,0
20509,28,-28,0
20510,19,-19,0
20511,17,-17,0
20512,4,-4,0
20513,-5,5,0
20514,-19,19,0
20515,-22,22,0
20516,-30,30,0
20517,-25,25,0
20518,-20,20,0
20519,-13,13,0
20520,-10,10,0
20521,4,-4,0
20522,13,-13,0
20523,27,-27,0
20524,29,-29,0
20525,31,-31,0
20526,14,-14,0
20527,9,-9,0
20528,-6,6,0
20529,-12,12,0
20530,-17,17,0
20531,-26,26,0
20532,-21,21,0
20533,-20,20,0
20534,-5,5,0
20535,-1,1,0
20536,13,-13,0
20537,15,-15,0
20538,19,-19,0
20539,19,-19,0
20540,17,-17,0
20541,13,-13,0
20542,2,-2,0
20543,-5,5,0
20544,-13,13,0
20545,-21,21,0
20546,-25,25,0
20547,-26,26,0
20548,-23,23,0
20549,-14,14,0
20550,-2,2,0
20551,12,-12,0
20552,23,-23,0
20553,34,-34,0
20554,24,-24,0
20555,30,-30,0
20556,15,-15,0
20557,11,-11,0
20558,-4,4,0
20559,-11,11,0
20560,-28,28,0
20561,-29,29,0
20562,-32,32,0
20563,-24,24,0
20564,-14,14,0
20565,-4,4,0
20566,8,-8,0
20567,20,-20,0
20568,24,-24,0
20569,33,-33,0
20570,31,-31,0
20571,27,-27,0
20572,5,-5,0
20573,0,0,0
20574,-14,14,0
20575,-21,21,0
20576,-23,23,0
20577,-29,29,0
20578,-14,14,0
20579,-12,12,0
20580,3,-3,0
20581,12,-12,0
20582,23,-23,0
20583,26,-26,0
20584,21,-21,0
20585,21,-21,0
20586,11,-11,0
20587,6,-6,0
20588,-9,9,0
20589,-19,19,0
20590,-28,28,0
20591,-34,34,0
20592,-32,32,0
20593,-27,27,0
20594,-19,19,0
20595,-6,6,0
20596,11,-11,0
20597,30,-30,0
20598,40,-40,0
20599,50,-50,0
20600,35,-35,0
20601,34,-34,0
20602,14,-14,0
20603,3,-3,0
20604,-14,14,0
20605,-22,22,0
20606,-39,39,0
20607,-38,38,0
20608,-35,35,0
20609,-21,21,0
20610,-10,10,0
20611,2,-2,0
20612,12,-12,0
20613,23,-23,0
20614,27,-27,0
20615,32,-32,0
20616,22,-22,0
20617,17,-17,0
20618,-6,6,0
20619,-12,12,0
20620,-22,22,0
20621,-26,26,0
20622,-19,19,0
20623,-22,22,0
20624,-4,4,0
20625,0,0,0
20626,17,-17,0
20627,20,-20,0
20628,25,-25,0
20629,25,-25,0
20630,14,-14,0
20631,11,-11,0
20632,-3,3,0
20633,-5,5,0
20634,-15,15,0
20635,-20,20,0
20636,-27,27,0
20637,-29,29,0
20638,-28,28,0
20639,-20,20,0
20640,-9,9,0
20641,4,-4,0
20642,18,-18,0
20643,32,-32,0
20644,35,-35,0
20645,44,-44,0
20646,26,-26,0
20647,22,-22,0
20648,3,-3,0
20649,-5,5,0
20650,-23,23,0
20651,-27,27,0
20652,-36,36,0
20653,-32,32,0
20654,-23,23,0
20655,-9,9,0
20656,2,-2,0
20657,15,-15,0
20658,23,-23,0
20659,29,-29,0
20660,27,-27,0
20661,27,-27,0
20662,15,-15,0
20663,6,-6,0
20664,-17,17,0
20665,-27,27,0
20666,-33,33,0
20667,-34,34,0
20668,-17,17,0
20669,-13,13,0
20670,2,-2,0
20671,6,-6,0
20672,16,-16,0
20673,22,-22,0
20674,21,-21,0
20675,21,-21,0
20676,6,-6,0
20677,1,-1,0
20678,-11,11,0
20679,-13,13,0
20680,-22,22,0
20681,-26,26,0
20682,-28,28,0
20683,-27,27,0
20684,-18,18,0
20685,-9,9,0
20686,0,0,0
20687,11,-11,0
20688,22,-22,0
20689,39,-39,0
20690,37,-37,0
20691,41,-41,0
20692,20,-20,0
20693,6,-6,0
20694,-7,7,0
20695,-21,21,0
20696,-28,28,0
20697,-29,29,0
20698,-30,30,0
20699,-26,26,0
20700,-16,16,0
20701,-1,1,0
20702,11,-11,0
20703,23,-23,0
20704,23,-23,0
20705,25,-25,0
20706,19,-19,0
20707,16,-16,0
20708,3,-3,0
20709,-3,3,0
20710,-18,18,0
20711,-26,26,0
20712,-21,21,0
20713,-22,22,0
20714,-3,3,0
20715,2,-2,0
20716,15,-15,0
20717,17,-17,0
20718,22,-22,0
20719,21,-21,0
20720,15,-15,0
20721,13,-13,0
20722,0,0,0
20723,0,0,0
20724,-10,10,0
20725,-12,12,0
20726,-16,16,0
20727,-18,18,0
20728,-15,15,0
20729,-17,17,0
20730,-11,11,0
20731,-6,6,0
20732,3,-3,0
20733,16,-16,0
20734,21,-21,0
20735,33,-33,0
20736,27,-27,0
20737,29,-29,0
20738,12,-12,0
20739,1,-1,0
20740,-7,7,0
20741,-18,18,0
20742,-24,24,0
20743,-23,23,0
20744,-22,22,0
20745,-16,16,0
20746,-8,8,0
20747,4,-4,0
20748,14,-14,0
20749,22,-22,0
20750,21,-21,0
20751,17,-17,0
20752,9,-9,0
20753,4,-4,0
20754,-1,1,0
20755,-7,7,0
20756,-13,13,0
20757,-18,18,0
20758,-15,15,0
20759,-16,16,0
20760,0,0,0
20761,2,-2,0
20762,11,-11,0
20763,11,-11,0
20764,13,-13,0
20765,12,-12,0
20766,7,-7,0
20767,6,-6,0
20768,-2,2,0
20769,-5,5,0
20770,-12,12,0
20771,-13,13,0
20772,-15,15,0
20773,-15,15,0
20774,-12,12,0
20775,-11,11,0
20776,-7,7,0
20777,-5,5,0
20778,1,-1,0
20779,12,-12,0
20780,16,-16,0
20781,32,-32,0
20782,28,-28,0
20783,21,-21,0
20784,12,-12,0
20785,-5,5,0
20786,-8,8,0
20787,-17,17,0
20788,-18,18,0
20789,-22,22,0
20790,-19,19,0
20791,-16,16,0
20792,-8,8,0
20793,6,-6,0
20794,12,-12,0
20795,21,-21,0
20796,19,-19,0
20797,12,-12,0
20798,7,-7,0
20799,0,0,0
20800,1,-1,0
20801,-5,5,0
20802,-4,4,0
20803,-13,13,0
20804,-10,10,0
20805,-9,9,0
20806,-2,2,0
20807,9,-9,0
20808,12,-12,0
20809,16,-16,0
20810,8,-8,0
20811,5,-5,0
20812,1,-1,0
20813,1,-1,0
20814,0,0,0
20815,-2,2,0
20816,-5,5,0
20817,-9,9,0
20818,-10,10,0
20819,-12,12,0
20820,-12,12,0
20821,-10,10,0
20822,-8,8,0
20823,-6,6,0
20824,0,0,0
20825,13,-13,0
20826,21,-21,0
20827,34,-34,0
20828,32,-32,0
20829,23,-23,0
20830,14,-14,0
20831,-5,5,0
20832,-14,14,0
20833,-22,22,0
20834,-20,20,0
20835,-24,24,0
20836,-18,18,0
20837,-16,16,0
20838,-11,11,0
20839,2,-2,0
20840,10,-10,0
20841,20,-20,0
20842,18,-18,0
20843,10,-10,0
20844,4,-4,0
20845,-8,8,0
20846,-5,5,0
20847,-5,5,0
20848,2,-2,0
20849,-3,3,0
20850,-4,4,0
20851,-11,11,0
20852,-5,5,0
20853,3,-3,0
20854,2,-2,0
20855,10,-10,0
20856,1,-1,0
20857,0,0,0
20858,-1,1,0
20859,0,0,0
20860,0,0,0
20861,-2,2,0
20862,0,0,0
20863,-9,9,0
20864,-11,11,0
20865,-18,18,0
20866,-15,15,0
20867,-13,13,0
20868,-7,7,0
20869,-4,4,0
20870,1,-1,0
20871,10,-10,0
20872,26,-26,0
20873,33,-33,0
20874,38,-38,0
20875,23,-23,0
20876,9,-9,0
20877,-5,5,0
20878,-17,17,0
20879,-22,22,0
20880,-16,16,0
20881,-19,19,0
20882,-18,18,0
20883,-13,13,0
20884,-8,8,0
20885,1,-1,0
20886,12,-12,0
20887,24,-24,0
20888,23,-23,0
20889,15,-15,0
20890,7,-7,0
20891,-2,2,0
20892,-6,6,0
20893,-9,9,0
20894,-7,7,0
20895,-4,4,0
20896,-9,9,0
20897,-1,1,0
20898,0,0,0
20899,10,-10,0
20900,9,-9,0
20901,10,-10,0
20902,7,-7,0
20903,-1,1,0
20904,0,0,0
20905,-5,5,0
20906,0,0,0
20907,-3,3,0
20908,-3,3,0
20909,-8,8,0
20910,-14,14,0
20911,-16,16,0
20912,-19,19,0
20913,-12,12,0
20914,-9,9,0
20915,-5,5,0
20916,4,-4,0
20917,10,-10,0
20918,26,-26,0
20919,29,-29,0
20920,35,-35,0
20921,21,-21,0
20922,11,-11,0
20923,-2,2,0
20924,-16,16,0
20925,-19,19,0
20926,-17,17,0
20927,-18,18,0
20928,-17,17,0
20929,-11,11,0
20930,-4,4,0
20931,3,-3,0
20932,11,-11,0
20933,19,-19,0
20934,22,-22,0
20935,15,-15,0
20936,10,-10,0
20937,3,-3,0
20938,0,0,0
20939,-5,5,0
20940,-7,7,0
20941,-10,10,0
20942,-15,15,0
20943,-6,6,0
20944,-4,4,0
20945,9,-9,0
20946,11,-11,0
20947,12,-12,0
20948,7,-7,0
20949,-4,4,0
20950,-5,5,0
20951,-9,9,0
20952,0,0,0
20953,-2,2,0
20954,-1,1,0
20955,-8,8,0
20956,-12,12,0
20957,-16,16,0
20958,-16,16,0
20959,-12,12,0
20960,-9,9,0
20961,-2,2,0
20962,4,-4,0
20963,9,-9,0
20964,27,-27,0
20965,29,-29,0
20966,31,-31,0
20967,24,-24,0
20968,5,-5,0
20969,-2,2,0
20970,-20,20,0
20971,-23,23,0
20972,-24,24,0
20973,-20,20,0
20974,-17,17,0
20975,-10,10,0
20976,0,0,0
20977,5,-5,0
20978,15,-15,0
20979,21,-21,0
20980,20,-20,0
20981,13,-13,0
20982,3,-3,0
20983,0,0,0
20984,-6,6,0
20985,-5,5,0
20986,-7,7,0
20987,-3,3,0
20988,-8,8,0
20989,-4,4,0
20990,1,-1,0
20991,4,-4,0
20992,12,-12,0
20993,9,-9,0
20994,10,-10,0
20995,1,-1,0
20996,1,-1,0
20997,-3,3,0
20998,-2,2,0
20999,-2,2,0
21000,-8,8,0
21001,-11,11,0
21002,-17,17,0
21003,-17,17,0
21004,-16,16,0
21005,-10,10,0
21006,-3,3,0
21007,5,-5,0
21008,15,-15,0
21009,23,-23,0
21010,37,-37,0
21011,37,-37,0
21012,28,-28,0
21013,19,-19,0
21014,0,0,0
21015,-12,12,0
21016,-22,22,0
21017,-22,22,0
21018,-24,24,0
21019,-18,18,0
21020,-14,14,0
21021,-10,10,0
21022,0,0,0
21023,6,-6,0
21024,17,-17,0
21025,23,-23,0
21026,18,-18,0
21027,12,-12,0
21028,-2,2,0
21029,-7,7,0
21030,-8,8,0
21031,-1,1,0
21032,-5,5,0
21033,0,0,0
21034,-9,9,0
21035,-6,6,0
21036,-3,3,0
21037,-5,5,0
21038,9,-9,0
21039,5,-5,0
21040,12,-12,0
21041,4,-4,0
21042,5,-5,0
21043,0,0,0
21044,-3,3,0
21045,-3,3,0
21046,-13,13,0
21047,-14,14,0
21048,-25,25,0
21049,-25,25,0
21050,-22,22,0
21051,-16,16,0
21052,-5,5,0
21053,5,-5,0
21054,16,-16,0
21055,32,-32,0
21056,34,-34,0
21057,36,-36,0
21058,26,-26,0
21059,7,-7,0
21060,-5,5,0
21061,-21,21,0
21062,-27,27,0
21063,-25,25,0
21064,-20,20,0
21065,-15,15,0
21066,-9,9,0
21067,0,0,0
21068,6,-6,0
21069,15,-15,0
21070,22,-22,0
21071,15,-15,0
21072,9,-9,0
21073,1,-1,0
21074,-2,2,0
21075,-10,10,0
21076,-13,13,0
21077,-11,11,0
21078,-8,8,0
21079,-10,10,0
21080,0,0,0
21081,2,-2,0
21082,9,-9,0
21083,12,-12,0
21084,10,-10,0
21085,11,-11,0
21086,3,-3,0
21087,5,-5,0
21088,0,0,0
21089,0,0,0
21090,-2,2,0
21091,-3,3,0
21092,-7,7,0
21093,-13,13,0
21094,-15,15,0
21095,-16,16,0
21096,-12,12,0
21097,-12,12,0
21098,-5,5,0
21099,4,-4,0
21100,14,-14,0
21101,32,-32,0
21102,31,-31,0
21103,33,-33,0
21104,22,-22,0
21105,4,-4,0
21106,-6,6,0
21107,-21,21,0
21108,-21,21,0
21109,-23,23,0
21110,-18,18,0
21111,-15,15,0
21112,-6,6,0
21113,1,-1,0
21114,8,-8,0
21115,14,-14,0
21116,20,-20,0
21117,18,-18,0
21118,12,-12,0
21119,4,-4,0
21120,-5,5,0
21121,-12,12,0
21122,-12,12,0
21123,-13,13,0
21124,-8,8,0
21125,-11,11,0
21126,-1,1,0
21127,0,0,0
21128,4,-4,0
21129,9,-9,0
21130,9,-9,0
21131,12,-12,0
21132,4,-4,0
21133,4,-4,0
21134,0,0,0
21135,0,0,0
21136,-3,3,0
21137,-4,4,0
21138,-8,8,0
21139,-13,13,0
21140,-15,15,0
21141,-17,17,0
21142,-14,14,0
21143,-10,10,0
21144,-1,1,0
21145,12,-12,0
21146,20,-20,0
21147,33,-33,0
21148,31,-31,0
21149,26,-26,0
21150,16,-16,0
21151,-4,4,0
21152,-11,11,0
21153,-23,23,0
21154,-20,20,0
21155,-19,19,0
21156,-13,13,0
21157,-7,7,0
21158,-2,2,0
21159,4,-4,0
21160,11,-11,0
21161,15,-15,0
21162,21,-21,0
21163,12,-12,0
21164,6,-6,0
21165,-6,6,0
21166,-6,6,0
21167,-14,14,0
21168,-9,9,0
21169,-9,9,0
21170,-6,6,0
21171,-4,4,0
21172,0,0,0
21173,5,-5,0
21174,4,-4,0
21175,14,-14,0
21176,7,-7,0
21177,9,-9,0
21178,1,-1,0
21179,0,0,0
21180,-1,1,0
21181,-5,5,0
21182,-3,3,0
21183,-7,7,0
21184,-9,9,0
21185,-16,16,0
21186,-16,16,0
21187,-18,18,0
21188,-14,14,0
21189,-8,8,0
21190,1,-1,0
21191,11,-11,0
21192,24,-24,0
21193,28,-28,0
21194,33,-33,0
21195,20,-20,0
21196,11,-11,0
21197,-6,6,0
21198,-15,15,0
21199,-21,21,0
21200,-15,15,0
21201,-14,14,0
21202,-8,8,0
21203,-3,3,0
21204,0,0,0
21205,10,-10,0
21206,16,-16,0
21207,18,-18,0
21208,18,-18,0
21209,10,-10,0
21210,4,-4,0
21211,-9,9,0
21212,-12,12,0
21213,-16,16,0
21214,-12,12,0
21215,-8,8,0
21216,-9,9,0
21217,0,0,0
21218,-2,2,0
21219,7,-7,0
21220,5,-5,0
21221,13,-13,0
21222,11,-11,0
21223,7,-7,0
21224,6,-6,0
21225,-1,1,0
21226,1,-1,0
21227,-2,2,0
21228,0,0,0
21229,-5,5,0
21230,-10,10,0
21231,-13,13,0
21232,-17,17,0
21233,-16,16,0
21234,-13,13,0
21235,-8,8,0
21236,0,0,0
21237,8,-8,0
21238,24,-24,0
21239,28,-28,0
21240,33,-33,0
21241,19,-19,0
21242,6,-6,0
21243,-4,4,0
21244,-16,16,0
21245,-22,22,0
21246,-17,17,0
21247,-16,16,0
21248,-9,9,0
21249,0,0,0
21250,4,-4,0
21251,10,-10,0
21252,14,-14,0
21253,16,-16,0
21254,12,-12,0
21255,4,-4,0
21256,0,0,0
21257,-10,10,0
21258,-13,13,0
21259,-12,12,0
21260,-9,9,0
21261,0,0,0
21262,-3,3,0
21263,6,-6,0
21264,1,-1,0
21265,9,-9,0
21266,9,-9,0
21267,8,-8,0
21268,9,-9,0
21269,1,-1,0
21270,3,-3,0
21271,-4,4,0
21272,-1,1,0
21273,-4,4,0
21274,-3,3,0
21275,-4,4,0
21276,-9,9,0
21277,-9,9,0
21278,-14,14,0
21279,-13,13,0
21280,-14,14,0
21281,-9,9,0
21282,0,0,0
21283,6,-6,0
21284,21,-21,0
21285,22,-22,0
21286,29,-29,0
21287,21,-21,0
21288,7,-7,0
21289,0,0,0
21290,-11,11,0
21291,-13,13,0
21292,-12,12,0
21293,-11,11,0
21294,-11,11,0
21295,-5,5,0
21296,-4,4,0
21297,2,-2,0
21298,8,-8,0
21299,14,-14,0
21300,14,-14,0
21301,7,-7,0
21302,2,-2,0
21303,-7,7,0
21304,-10,10,0
21305,-10,10,0
21306,-12,12,0
21307,-3,3,0
21308,-4,4,0
21309,4,-4,0
21310,5,-5,0
21311,10,-10,0
21312,10,-10,0
21313,7,-7,0
21314,4,-4,0
21315,-5,5,0
21316,-2,2,0
21317,-6,6,0
21318,-6,6,0
21319,-5,5,0
21320,-7,7,0
21321,-6,6,0
21322,-8,8,0
21323,-7,7,0
21324,-9,9,0
21325,-6,6,0
21326,-5,5,0
21327,-3,3,0
21328,2,-2,0
21329,8,-8,0
21330,19,-19,0
21331,20,-20,0
21332,24,-24,0
21333,10,-10,0
21334,5,-5,0
21335,-9,9,0
21336,-16,16,0
21337,-21,21,0
21338,-16,16,0
21339,-14,14,0
21340,-8,8,0
21341,0,0,0
21342,1,-1,0
21343,9,-9,0
21344,12,-12,0
21345,16,-16,0
21346,19,-19,0
21347,11,-11,0
21348,3,-3,0
21349,-12,12,0
21350,-15,15,0
21351,-12,12,0
21352,-4,4,0
21353,0,0,0
21354,5,-5,0
21355,5,-5,0
21356,-3,3,0
21357,4,-4,0
21358,-3,3,0
21359,7,-7,0
21360,7,-7,0
21361,7,-7,0
21362,3,-3,0
21363,-8,8,0
21364,-8,8,0
21365,-12,12,0
21366,0,0,0
21367,-1,1,0
21368,5,-5,0
21369,3,-3,0
21370,0,0,0
21371,-5,5,0
21372,-10,10,0
21373,-7,7,0
21374,-2,2,0
21375,4,-4,0
21376,21,-21,0
21377,23,-23,0
21378,25,-25,0
21379,11,-11,0
21380,4,-4,0
21381,-7,7,0
21382,-10,10,0
21383,-14,14,0
21384,-11,11,0
21385,-14,14,0
21386,-10,10,0
21387,-5,5,0
21388,-2,2,0
21389,7,-7,0
21390,12,-12,0
21391,15,-15,0
21392,17,-17,0
21393,12,-12,0
21394,9,-9,0
21395,0,0,0
21396,-2,2,0
21397,-7,7,0
21398,-10,10,0
21399,-3,3,0
21400,-6,6,0
21401,-1,1,0
21402,-6,6,0
21403,-4,4,0
21404,-3,3,0
21405,-3,3,0
21406,0,0,0
21407,-7,7,0
21408,-4,4,0
21409,-4,4,0
21410,7,-7,0
21411,11,-11,0
21412,11,-11,0
21413,6,-6,0
21414,-3,3,0
21415,-10,10,0
21416,-17,17,0
21417,-16,16,0
21418,-13,13,0
21419,-6,6,0
21420,0,0,0
21421,10,-10,0
21422,15,-15,0
21423,25,-25,0
21424,27,-27,0
21425,20,-20,0
21426,11,-11,0
21427,-9,9,0
21428,-17,17,0
21429,-30,30,0
21430,-27,27,0
21431,-19,19,0
21432,-7,7,0
21433,-1,1,0
21434,4,-4,0
21435,11,-11,0
21436,11,-11,0
21437,16,-16,0
21438,20,-20,0
21439,14,-14,0
21440,6,-6,0
21441,-7,7,0
21442,-11,11,0
21443,-17,17,0
21444,-12,12,0
21445,-10,10,0
21446,3,-3,0
21447,0,0,0
21448,3,-3,0
21449,6,-6,0
21450,3,-3,0
21451,11,-11,0
21452,3,-3,0
21453,6,-6,0
21454,-2,2,0
21455,-1,1,0
21456,-3,3,0
21457,-3,3,0
21458,0,0,0
21459,-7,7,0
21460,-3,3,0
21461,-12,12,0
21462,-13,13,0
21463,-13,13,0
21464,-9,9,0
21465,-3,3,0
21466,-1,1,0
21467,8,-8,0
21468,12,-12,0
21469,30,-30,0
21470,30,-30,0
21471,32,-32,0
21472,17,-17,0
21473,1,-1,0
21474,-10,10,0
21475,-29,29,0
21476,-28,28,0
21477,-20,20,0
21478,-13,13,0
21479,-9,9,0
21480,2,-2,0
21481,4,-4,0
21482,11,-11,0
21483,17,-17,0
21484,21,-21,0
21485,20,-20,0
21486,5,-5,0
21487,-3,3,0
21488,-18,18,0
21489,-18,18,0
21490,-7,7,0
21491,-2,2,0
21492,4,-4,0
21493,-4,4,0
21494,0,0,0
21495,-6,6,0
21496,3,-3,0
21497,6,-6,0
21498,4,-4,0
21499,2,-2,0
21500,-12,12,0
21501,-11,11,0
21502,-13,13,0
21503,0,0,0
21504,4,-4,0
21505,8,-8,0
21506,7,-7,0
21507,0,0,0
21508,-3,3,0
21509,-10,10,0
21510,-9,9,0
21511,-7,7,0
21512,-5,5,0
21513,-6,6,0
21514,-1,1,0
21515,2,-2,0
21516,16,-16,0
21517,21,-21,0
21518,23,-23,0
21519,15,-15,0
21520,-2,2,0
21521,-7,7,0
21522,-22,22,0
21523,-20,20,0
21524,-15,15,0
21525,-8,8,0
21526,-2,2,0
21527,2,-2,0
21528,11,-11,0
21529,15,-15,0
21530,18,-18,0
21531,21,-21,0
21532,13,-13,0
21533,2,-2,0
21534,-9,9,0
21535,-20,20,0
21536,-27,27,0
21537,-12,12,0
21538,-3,3,0
21539,12,-12,0
21540,12,-12,0
21541,12,-12,0
21542,11,-11,0
21543,2,-2,0
21544,7,-7,0
21545,4,-4,0
21546,4,-4,0
21547,0,0,0
21548,-3,3,0
21549,-7,7,0
21550,-6,6,0
21551,0,0,0
21552,0,0,0
21553,0,0,0
21554,-3,3,0
21555,-6,6,0
21556,-12,12,0
21557,-13,13,0
21558,-10,10,0
21559,-6,6,0
21560,0,0,0
21561,8,-8,0
21562,23,-23,0
21563,28,-28,0
21564,32,-32,0
21565,20,-20,0
21566,8,-8,0
21567,-12,12,0
21568,-20,20,0
21569,-24,24,0
21570,-22,22,0
21571,-16,16,0
21572,-4,4,0
21573,3,-3,0
21574,5,-5,0
21575,14,-14,0
21576,20,-20,0
21577,21,-21,0
21578,19,-19,0
21579,7,-7,0
21580,-2,2,0
21581,-17,17,0
21582,-21,21,0
21583,-19,19,0
21584,-11,11,0
21585,-3,3,0
21586,2,-2,0
21587,8,-8,0
21588,6,-6,0
21589,13,-13,0
21590,8,-8,0
21591,12,-12,0
21592,5,-5,0
21593,0,0,0
21594,-4,4,0
21595,-12,12,0
21596,-7,7,0
21597,-9,9,0
21598,0,0,0
21599,-2,2,0
21600,-3,3,0
21601,-8,8,0
21602,-10,10,0
21603,-12,12,0
21604,-13,13,0
21605,-8,8,0
21606,-8,8,0
21607,-2,2,0
21608,5,-5,0
21609,13,-13,0
21610,33,-33,0
21611,32,-32,0
21612,24,-24,0
21613,12,-12,0
21614,-16,16,0
21615,-20,20,0
21616,-30,30,0
21617,-22,22,0
21618,-12,12,0
21619,-3,3,0
21620,1,-1,0
21621,5,-5,0
21622,13,-13,0
21623,17,-17,0
21624,22,-22,0
21625,27,-27,0
21626,14,-14,0
21627,1,-1,0
21628,-15,15,0
21629,-22,22,0
21630,-24,24,0
21631,-13,13,0
21632,-6,6,0
21633,2,-2,0
21634,5,-5,0
21635,6,-6,0
21636,13,-13,0
21637,9,-9,0
21638,16,-16,0
21639,5,-5,0
21640,4,-4,0
21641,-6,6,0
21642,-10,10,0
21643,-7,7,0
21644,-5,5,0
21645,3,-3,0
21646,-1,1,0
21647,0,0,0
21648,-8,8,0
21649,-11,11,0
21650,-11,11,0
21651,-8,8,0
21652,-6,6,0
21653,-6,6,0
21654,-6,6,0
21655,0,0,0
21656,5,-5,0
21657,26,-26,0
21658,31,-31,0
21659,35,-35,0
21660,15,-15,0
21661,-8,8,0
21662,-19,19,0
21663,-32,32,0
21664,-27,27,0
21665,-13,13,0
21666,-4,4,0
21667,0,0,0
21668,6,-6,0
21669,10,-10,0
21670,14,-14,0
21671,17,-17,0
21672,21,-21,0
21673,10,-10,0
21674,-1,1,0
21675,-15,15,0
21676,-26,26,0
21677,-27,27,0
21678,-14,14,0
21679,-8,8,0
21680,6,-6,0
21681,3,-3,0
21682,11,-11,0
21683,11,-11,0
21684,13,-13,0
21685,16,-16,0
21686,3,-3,0
21687,1,-1,0
21688,-15,15,0
21689,-11,11,0
21690,-12,12,0
21691,-3,3,0
21692,6,-6,0
21693,5,-5,0
21694,5,-5,0
21695,-2,2,0
21696,-1,1,0
21697,-6,6,0
21698,-6,6,0
21699,-6,6,0
21700,-9,9,0
21701,-11,11,0
21702,-6,6,0
21703,0,0,0
21704,19,-19,0
21705,30,-30,0
21706,35,-35,0
21707,17,-17,0
21708,5,-5,0
21709,-16,16,0
21710,-26,26,0
21711,-24,24,0
21712,-15,15,0
21713,-10,10,0
21714,-3,3,0
21715,0,0,0
21716,2,-2,0
21717,12,-12,0
21718,19,-19,0
21719,21,-21,0
21720,16,-16,0
21721,1,-1,0
21722,-11,11,0
21723,-23,23,0
21724,-21,21,0
21725,-12,12,0
21726,-9,9,0
21727,7,-7,0
21728,0,0,0
21729,15,-15,0
21730,7,-7,0
21731,17,-17,0
21732,16,-16,0
21733,8,-8,0
21734,2,-2,0
21735,-16,16,0
21736,-11,11,0
21737,-17,17,0
21738,-2,2,0
21739,2,-2,0
21740,8,-8,0
21741,6,-6,0
21742,0,0,0
21743,0,0,0
21744,-5,5,0
21745,-3,3,0
21746,-5,5,0
21747,-7,7,0
21748,-8,8,0
21749,-4,4,0
21750,5,-5,0
21751,18,-18,0
21752,34,-34,0
21753,34,-34,0
21754,28,-28,0
21755,16,-16,0
21756,-10,10,0
21757,-15,15,0
21758,-26,26,0
21759,-23,23,0
21760,-21,21,0
21761,-16,16,0
21762,-15,15,0
21763,-9,9,0
21764,2,-2,0
21765,11,-11,0
21766,11,-11,0
21767,14,-14,0
21768,5,-5,0
21769,-4,4,0
21770,-16,16,0
21771,-10,10,0
21772,-9,9,0
21773,0,0,0
21774,3,-3,0
21775,4,-4,0
21776,10,-10,0
21777,7,-7,0
21778,15,-15,0
21779,9,-9,0
21780,12,-12,0
21781,-2,2,0
21782,-9,9,0
21783,-21,21,0
21784,-16,16,0
21785,-3,3,0
21786,8,-8,0
21787,21,-21,0
21788,9,-9,0
21789,2,-2,0
21790,-2,2,0
21791,-3,3,0
21792,-10,10,0
21793,-11,11,0
21794,-8,8,0
21795,-7,7,0
21796,-3,3,0
21797,5,-5,0
21798,14,-14,0
21799,29,-29,0
21800,31,-31,0
21801,25,-25,0
21802,8,-8,0
21803,-6,6,0
21804,-10,10,0
21805,-16,16,0
21806,-6,6,0
21807,-4,4,0
21808,-5,5,0
21809,-13,13,0
21810,-13,13,0
21811,-3,3,0
21812,5,-5,0
21813,14,-14,0
21814,19,-19,0
21815,11,-11,0
21816,1,-1,0
21817,-8,8,0
21818,-6,6,0
21819,-7,7,0
21820,2,-2,0
21821,-3,3,0
21822,1,-1,0
21823,-9,9,0
21824,-11,11,0
21825,-4,4,0
21826,-3,3,0
21827,3,-3,0
21828,-4,4,0
21829,2,-2,0
21830,-2,2,0
21831,7,-7,0
21832,11,-11,0
21833,11,-11,0
21834,9,-9,0
21835,0,0,0
21836,0,0,0
21837,-6,6,0
21838,-4,4,0
21839,-6,6,0
21840,-6,6,0
21841,-10,10,0
21842,-15,15,0
21843,-15,15,0
21844,-8,8,0
21845,1,-1,0
21846,14,-14,0
21847,20,-20,0
21848,22,-22,0
21849,5,-5,0
21850,1,-1,0
21851,-11,11,0
21852,-10,10,0
21853,-14,14,0
21854,-8,8,0
21855,-13,13,0
21856,-12,12,0
21857,-7,7,0
21858,-1,1,0
21859,10,-10,0
21860,16,-16,0
21861,19,-19,0
21862,18,-18,0
21863,3,-3,0
21864,-5,5,0
21865,-13,13,0
21866,-12,12,0
21867,-10,10,0
21868,-9,9,0
21869,-6,6,0
21870,-7,7,0
21871,2,-2,0
21872,3,-3,0
21873,17,-17,0
21874,15,-15,0
21875,14,-14,0
21876,8,-8,0
21877,0,0,0
21878,0,0,0
21879,-2,2,0
21880,2,-2,0
21881,-1,1,0
21882,0,0,0
21883,-2,2,0
21884,-2,2,0
21885,-4,4,0
21886,-7,7,0
21887,-8,8,0
21888,-12,12,0
21889,-13,13,0
21890,-13,13,0
21891,-1,1,0
21892,4,-4,0
21893,21,-21,0
21894,25,-25,0
21895,29,-29,0
21896,14,-14,0
21897,2,-2,0
21898,-7,7,0
21899,-18,18,0
21900,-20,20,0
21901,-16,16,0
21902,-18,18,0
21903,-15,15,0
21904,-7,7,0
21905,5,-5,0
21906,16,-16,0
21907,22,-22,0
21908,23,-23,0
21909,15,-15,0
21910,1,-1,0
21911,-5,5,0
21912,-11,11,0
21913,-10,10,0
21914,-8,8,0
21915,-14,14,0
21916,-7,7,0
21917,-14,14,0
21918,4,-4,0
21919,4,-4,0
21920,16,-16,0
21921,16,-16,0
21922,10,-10,0
21923,7,-7,0
21924,-5,5,0
21925,1,-1,0
21926,-3,3,0
21927,3,-3,0
21928,0,0,0
21929,-3,3,0
21930,0,0,0
21931,-3,3,0
21932,-2,2,0
21933,-6,6,0
21934,-4,4,0
21935,-9,9,0
21936,-9,9,0
21937,-9,9,0
21938,1,-1,0
21939,11,-11,0
21940,20,-20,0
21941,28,-28,0
21942,23,-23,0
21943,10,-10,0
21944,6,-6,0
21945,-10,10,0
21946,-13,13,0
21947,-19,19,0
21948,-17,17,0
21949,-21,21,0
21950,-15,15,0
21951,-8,8,0
21952,2,-2,0
21953,14,-14,0
21954,18,-18,0
21955,20,-20,0
21956,17,-17,0
21957,6,-6,0
21958,2,-2,0
21959,-7,7,0
21960,-7,7,0
21961,-11,11,0
21962,-10,10,0
21963,-5,5,0
21964,-9,9,0
21965,3,-3,0
21966,2,-2,0
21967,14,-14,0
21968,8,-8,0
21969,9,-9,0
21970,6,-6,0
21971,0,0,0
21972,2,-2,0
21973,-2,2,0
21974,1,-1,0
21975,-3,3,0
21976,-1,1,0
21977,-4,4,0
21978,-5,5,0
21979,-6,6,0
21980,-9,9,0
21981,-9,9,0
21982,-9,9,0
21983,-7,7,0
21984,-8,8,0
21985,1,-1,0
21986,12,-12,0
21987,19,-19,0
21988,26,-26,0
21989,26,-26,0
21990,17,-17,0
21991,9,-9,0
21992,-9,9,0
21993,-11,11,0
21994,-21,21,0
21995,-21,21,0
21996,-23,23,0
21997,-15,15,0
21998,-11,11,0
21999,0,0,0
22000,9,-9,0
22001,18,-18,0
22002,21,-21,0
22003,20,-20,0
22004,9,-9,0
22005,4,-4,0
22006,-6,6,0
22007,-3,3,0
22008,-11,11,0
22009,-15,15,0
22010,-14,14,0
22011,-18,18,0
22012,1,-1,0
22013,-1,1,0
22014,13,-13,0
22015,6,-6,0
22016,6,-6,0
22017,2,-2,0
22018,-1,1,0
22019,4,-4,0
22020,1,-1,0
22021,6,-6,0
22022,1,-1,0
22023,1,-1,0
22024,-1,1,0
22025,-4,4,0
22026,-5,5,0
22027,-11,11,0
22028,-14,14,0
22029,-14,14,0
22030,-12,12,0
22031,-11,11,0
22032,-2,2,0
22033,9,-9,0
22034,17,-17,0
22035,27,-27,0
22036,23,-23,0
22037,17,-17,0
22038,7,-7,0
22039,-13,13,0
22040,-13,13,0
22041,-25,25,0
22042,-22,22,0
22043,-23,23,0
22044,-12,12,0
22045,-8,8,0
22046,5,-5,0
22047,14,-14,0
22048,23,-23,0
22049,23,-23,0
22050,22,-22,0
22051,10,-10,0
22052,6,-6,0
22053,-6,6,0
22054,-4,4,0
22055,-11,11,0
22056,-11,11,0
22057,-13,13,0
22058,-13,13,0
22059,0,0,0
22060,0,0,0
22061,16,-16,0
22062,10,-10,0
22063,15,-15,0
22064,9,-9,0
22065,7,-7,0
22066,6,-6,0
22067,0,0,0
22068,0,0,0
22069,-7,7,0
22070,-7,7,0
22071,-9,9,0
22072,-10,10,0
22073,-10,10,0
22074,-11,11,0
22075,-11,11,0
22076,-9,9,0
22077,-5,5,0
22078,-1,1,0
22079,6,-6,0
22080,13,-13,0
22081,17,-17,0
22082,26,-26,0
22083,22,-22,0
22084,20,-20,0
22085,7,-7,0
22086,-8,8,0
22087,-9,9,0
22088,-21,21,0
22089,-19,19,0
22090,-21,21,0
22091,-15,15,0
22092,-13,13,0
22093,0,0,0
22094,9,-9,0
22095,19,-19,0
22096,17,-17,0
22097,15,-15,0
22098,5,-5,0
22099,1,-1,0
22100,-7,7,0
22101,-3,3,0
22102,-14,14,0
22103,-15,15,0
22104,-16,16,0
22105,-12,12,0
22106,0,0,0
22107,2,-2,0
22108,15,-15,0
22109,11,-11,0
22110,16,-16,0
22111,13,-13,0
22112,12,-12,0
22113,8,-8,0
22114,1,-1,0
22115,-3,3,0
22116,-10,10,0
22117,-10,10,0
22118,-13,13,0
22119,-11,11,0
22120,-11,11,0
22121,-11,11,0
22122,-11,11,0
22123,-11,11,0
22124,-6,6,0
22125,-1,1,0
22126,9,-9,0
22127,15,-15,0
22128,20,-20,0
22129,26,-26,0
22130,22,-22,0
22131,17,-17,0
22132,5,-5,0
22133,-8,8,0
22134,-8,8,0
22135,-20,20,0
22136,-18,18,0
22137,-23,23,0
22138,-12,12,0
22139,-15,15,0
22140,2,-2,0
22141,8,-8,0
22142,19,-19,0
22143,18,-18,0
22144,15,-15,0
22145,10,-10,0
22146,10,-10,0
22147,5,-5,0
22148,4,-4,0
22149,-5,5,0
22150,-12,12,0
22151,-15,15,0
22152,-14,14,0
22153,-6,6,0
22154,-2,2,0
22155,6,-6,0
22156,4,-4,0
22157,13,-13,0
22158,10,-10,0
22159,12,-12,0
22160,8,-8,0
22161,3,-3,0
22162,-3,3,0
22163,-4,4,0
22164,-5,5,0
22165,-8,8,0
22166,-12,12,0
22167,-15,15,0
22168,-15,15,0
22169,-13,13,0
22170,-10,10,0
22171,-6,6,0
22172,-3,3,0
22173,9,-9,0
22174,15,-15,0
22175,27,-27,0
22176,31,-31,0
22177,28,-28,0
22178,13,-13,0
22179,9,-9,0
22180,-4,4,0
22181,-10,10,0
22182,-20,20,0
22183,-22,22,0
22184,-30,30,0
22185,-25,25,0
22186,-19,19,0
22187,-2,2,0
22188,5,-5,0
22189,13,-13,0
22190,15,-15,0
22191,18,-18,0
22192,18,-18,0
22193,17,-17,0
22194,15,-15,0
22195,2,-2,0
22196,-4,4,0
22197,-14,14,0
22198,-11,11,0
22199,-11,11,0
22200,-9,9,0
22201,-1,1,0
22202,1,-1,0
22203,10,-10,0
22204,10,-10,0
22205,13,-13,0
22206,12,-12,0
22207,7,-7,0
22208,5,-5,0
22209,1,-1,0
22210,0,0,0
22211,-2,2,0
22212,-8,8,0
22213,-12,12,0
22214,-17,17,0
22215,-14,14,0
22216,-16,16,0
22217,-15,15,0
22218,-12,12,0
22219,-6,6,0
22220,5,-5,0
22221,14,-14,0
22222,28,-28,0
22223,30,-30,0
22224,30,-30,0
22225,20,-20,0
22226,9,-9,0
22227,2,-2,0
22228,-10,10,0
22229,-24,24,0
22230,-26,26,0
22231,-33,33,0
22232,-25,25,0
22233,-18,18,0
22234,-6,6,0
22235,0,0,0
22236,7,-7,0
22237,15,-15,0
22238,21,-21,0
22239,26,-26,0
22240,27,-27,0
22241,22,-22,0
22242,8,-8,0
22243,0,0,0
22244,-11,11,0
22245,-13,13,0
22246,-19,19,0
22247,-16,16,0
22248,-13,13,0
22249,-6,6,0
22250,-4,4,0
22251,2,-2,0
22252,3,-3,0
22253,10,-10,0
22254,9,-9,0
22255,12,-12,0
22256,10,-10,0
22257,10,-10,0
22258,3,-3,0
22259,0,0,0
22260,-8,8,0
22261,-12,12,0
22262,-21,21,0
22263,-22,22,0
22264,-23,23,0
22265,-20,20,0
22266,-7,7,0
22267,0,0,0
22268,13,-13,0
22269,21,-21,0
22270,26,-26,0
22271,22,-22,0
22272,23,-23,0
22273,17,-17,0
22274,12,-12,0
22275,-2,2,0
22276,-9,9,0
22277,-25,25,0
22278,-23,23,0
22279,-28,28,0
22280,-19,19,0
22281,-20,20,0
22282,-11,11,0
22283,-6,6,0
22284,9,-9,0
22285,13,-13,0
22286,24,-24,0
22287,25,-25,0
22288,23,-23,0
22289,16,-16,0
22290,12,-12,0
22291,5,-5,0
22292,-4,4,0
22293,-11,11,0
22294,-15,15,0
22295,-17,17,0
22296,-19,19,0
22297,-14,14,0
22298,-11,11,0
22299,-5,5,0
22300,-2,2,0
22301,4,-4,0
22302,8,-8,0
22303,8,-8,0
22304,9,-9,0
22305,8,-8,0
22306,5,-5,0
22307,0,0,0
22308,-7,7,0
22309,-13,13,0
22310,-18,18,0
22311,-20,20,0
22312,-15,15,0
22313,-6,6,0
22314,0,0,0
22315,10,-10,0
22316,14,-14,0
22317,17,-17,0
22318,20,-20,0
22319,17,-17,0
22320,20,-20,0
22321,12,-12,0
22322,6,-6,0
22323,0,0,0
22324,-4,4,0
22325,-12,12,0
22326,-9,9,0
22327,-13,13,0
22328,-11,11,0
22329,-10,10,0
22330,-3,3,0
22331,-5,5,0
22332,5,-5,0
22333,5,-5,0
22334,8,-8,0
22335,5,-5,0
22336,8,-8,0
22337,5,-5,0
22338,7,-7,0
22339,3,-3,0
22340,5,-5,0
22341,5,-5,0
22342,3,-3,0
22343,-2,2,0
22344,-2,2,0
22345,-7,7,0
22346,-5,5,0
22347,-4,4,0
22348,0,0,0
22349,-1,1,0
22350,2,-2,0
22351,0,0,0
22352,3,-3,0
22353,0,0,0
22354,0,0,0
22355,-5,5,0
22356,-7,7,0
22357,-10,10,0
22358,-10,10,0
22359,-9,9,0
22360,-2,2,0
22361,1,-1,0
22362,10,-10,0
22363,12,-12,0
22364,13,-13,0
22365,11,-11,0
22366,13,-13,0
22367,11,-11,0
22368,10,-10,0
22369,5,-5,0
22370,3,-3,0
22371,0,0,0
22372,-2,2,0
22373,0,0,0
22374,-3,3,0
22375,-6,6,0
22376,-8,8,0
22377,-5,5,0
22378,-9,9,0
22379,-7,7,0
22380,-9,9,0
22381,-6,6,0
22382,-4,4,0
22383,-3,3,0
22384,0,0,0
22385,3,-3,0
22386,6,-6,0
22387,7,-7,0
22388,6,-6,0
22389,3,-3,0
22390,4,-4,0
22391,6,-6,0
22392,4,-4,0
22393,0,0,0
22394,-3,3,0
22395,-7,7,0
22396,-8,8,0
22397,-6,6,0
22398,-5,5,0
22399,-5,5,0
22400,-2,2,0
22401,-2,2,0
22402,-2,2,0
22403,-3,3,0
22404,-7,7,0
22405,-10,10,0
22406,-11,11,0
22407,-6,6,0
22408,-6,6,0
22409,0,0,0
22410,4,-4,0
22411,10,-10,0
22412,9,-9,0
22413,14,-14,0
22414,14,-14,0
22415,12,-12,0
22416,8,-8,0
22417,7,-7,0
22418,0,0,0
22419,0,0,0
22420,-2,2,0
22421,-5,5,0
22422,-10,10,0
22423,-12,12,0
22424,-13,13,0
22425,-10,10,0
22426,-10,10,0
22427,-5,5,0
22428,-3,3,0
22429,-1,1,0
22430,0,0,0
22431,2,-2,0
22432,4,-4,0
22433,9,-9,0
22434,11,-11,0
22435,13,-13,0
22436,16,-16,0
22437,14,-14,0
22438,10,-10,0
22439,3,-3,0
22440,0,0,0
22441,-3,3,0
22442,-6,6,0
22443,-6,6,0
22444,-8,8,0
22445,-6,6,0
22446,-7,7,0
22447,-6,6,0
22448,-5,5,0
22449,-5,5,0
22450,-4,4,0
22451,-3,3,0
22452,-2,2,0
22453,-1,1,0
22454,0,0,0
22455,0,0,0
22456,0,0,0
22457,4,-4,0
22458,6,-6,0
22459,6,-6,0
22460,10,-10,0
22461,10,-10,0
22462,9,-9,0
22463,9,-9,0
22464,9,-9,0
22465,7,-7,0
22466,5,-5,0
22467,-1,1,0
22468,-3,3,0
22469,-7,7,0
22470,-7,7,0
22471,-11,11,0
22472,-8,8,0
22473,-12,12,0
22474,-11,11,0
22475,-10,10,0
22476,-7,7,0
22477,-5,5,0
22478,-1,1,0
22479,5,-5,0
22480,10,-10,0
22481,10,-10,0
22482,13,-13,0
22483,11,-11,0
22484,14,-14,0
22485,9,-9,0
22486,7,-7,0
22487,1,-1,0
22488,-1,1,0
22489,-3,3,0
22490,-3,3,0
22491,-6,6,0
22492,-7,7,0
22493,-9,9,0
22494,-9,9,0
22495,-6,6,0
22496,-4,4,0
22497,-5,5,0
22498,-3,3,0
22499,-5,5,0
22500,-4,4,0
22501,-4,4,0
22502,0,0,0
22503,1,-1,0
22504,7,-7,0
22505,10,-10,0
22506,9,-9,0
22507,7,-7,0
22508,7,-7,0
22509,8,-8,0
22510,8,-8,0
22511,6,-6,0
22512,4,-4,0
22513,4,-4,0
22514,0,0,0
22515,0,0,0
22516,-2,2,0
22517,-4,4,0
22518,-7,7,0
22519,-8,8,0
22520,-13,13,0
22521,-12,12,0
22522,-11,11,0
22523,-9,9,0
22524,-3,3,0
22525,-1,1,0
22526,2,-2,0
22527,4,-4,0
22528,6,-6,0
22529,9,-9,0
22530,12,-12,0
22531,12,-12,0
22532,12,-12,0
22533,11,-11,0
22534,6,-6,0
22535,0,0,0
22536,-4,4,0
22537,-7,7,0
22538,-11,11,0
22539,-11,11,0
22540,-14,14,0
22541,-13,13,0
22542,-12,12,0
22543,-7,7,0
22544,-5,5,0
22545,-3,3,0
22546,-3,3,0
22547,-3,3,0
22548,-2,2,0
22549,1,-1,0
22550,3,-3,0
22551,9,-9,0
22552,10,-10,0
22553,10,-10,0
22554,11,-11,0
22555,10,-10,0
22556,12,-12,0
22557,10,-10,0
22558,9,-9,0
22559,6,-6,0
22560,4,-4,0
22561,1,-1,0
22562,0,0,0
22563,-2,2,0
22564,-5,5,0
22565,-9,9,0
22566,-7,7,0
22567,-12,12,0
22568,-11,11,0
22569,-14,14,0
22570,-15,15,0
22571,-12,12,0
22572,-8,8,0
22573,-3,3,0
22574,3,-3,0
22575,8,-8,0
22576,14,-14,0
22577,19,-19,0
22578,19,-19,0
22579,16,-16,0
22580,13,-13,0
22581,7,-7,0
22582,3,-3,0
22583,-3,3,0
22584,-8,8,0
22585,-12,12,0
22586,-12,12,0
22587,-13,13,0
22588,-11,11,0
22589,-9,9,0
22590,-9,9,0
22591,-7,7,0
22592,-7,7,0
22593,-5,5,0
22594,-3,3,0
22595,-2,2,0
22596,0,0,0
22597,0,0,0
22598,5,-5,0
22599,7,-7,0
22600,8,-8,0
22601,10,-10,0
22602,12,-12,0
22603,14,-14,0
22604,15,-15,0
22605,11,-11,0
22606,5,-5,0
22607,4,-4,0
22608,2,-2,0
22609,1,-1,0
22610,-2,2,0
22611,-5,5,0
22612,-9,9,0
22613,-9,9,0
22614,-12,12,0
22615,-11,11,0
22616,-13,13,0
22617,-10,10,0
22618,-8,8,0
22619,-6,6,0
22620,-1,1,0
22621,2,-2,0
22622,7,-7,0
22623,12,-12,0
22624,15,-15,0
22625,17,-17,0
22626,16,-16,0
22627,16,-16,0
22628,11,-11,0
22629,6,-6,0
22630,1,-1,0
22631,-3,3,0
22632,-10,10,0
22633,-12,12,0
22634,-14,14,0
22635,-13,13,0
22636,-11,11,0
22637,-11,11,0
22638,-8,8,0
22639,-6,6,0
22640,-6,6,0
22641,-7,7,0
22642,-6,6,0
22643,-4,4,0
22644,-2,2,0
22645,0,0,0
22646,2,-2,0
22647,3,-3,0
22648,6,-6,0
22649,10,-10,0
22650,10,-10,0
22651,13,-13,0
22652,13,-13,0
22653,13,-13,0
22654,13,-13,0
22655,8,-8,0
22656,6,-6,0
22657,0,0,0
22658,-6,6,0
22659,-11,11,0
22660,-11,11,0
22661,-12,12,0
22662,-10,10,0
22663,-12,12,0
22664,-11,11,0
22665,-8,8,0
22666,-4,4,0
22667,-1,1,0
22668,4,-4,0
22669,7,-7,0
22670,11,-11,0
22671,13,-13,0
22672,10,-10,0
22673,9,-9,0
22674,10,-10,0
22675,8,-8,0
22676,6,-6,0
22677,5,-5,0
22678,1,-1,0
22679,-2,2,0
22680,-3,3,0
22681,-6,6,0
22682,-8,8,0
22683,-9,9,0
22684,-9,9,0
22685,-9,9,0
22686,-10,10,0
22687,-10,10,0
22688,-7,7,0
22689,-6,6,0
22690,-3,3,0
22691,-2,2,0
22692,3,-3,0
22693,6,-6,0
22694,8,-8,0
22695,12,-12,0
22696,16,-16,0
22697,15,-15,0
22698,13,-13,0
22699,12,-12,0
22700,7,-7,0
22701,9,-9,0
22702,5,-5,0
22703,4,-4,0
22704,-1,1,0
22705,-4,4,0
22706,-9,9,0
22707,-10,10,0
22708,-13,13,0
22709,-14,14,0
22710,-14,14,0
22711,-10,10,0
22712,-9,9,0
22713,-7,7,0
22714,-4,4,0
22715,0,0,0
22716,5,-5,0
22717,8,-8,0
22718,13,-13,0
22719,14,-14,0
22720,14,-14,0
22721,12,-12,0
22722,11,-11,0
22723,9,-9,0
22724,6,-6,0
22725,0,0,0
22726,-3,3,0
22727,-4,4,0
22728,-7,7,0
22729,-11,11,0
22730,-14,14,0
22731,-16,16,0
22732,-16,16,0
22733,-13,13,0
22734,-12,12,0
22735,-8,8,0
22736,-6,6,0
22737,-4,4,0
22738,-2,2,0
22739,3,-3,0
22740,6,-6,0
22741,6,-6,0
22742,10,-10,0
22743,12,-12,0
22744,15,-15,0
22745,13,-13,0
22746,12,-12,0
22747,8,-8,0
22748,7,-7,0
22749,4,-4,0
22750,0,0,0
22751,-3,3,0
22752,-1,1,0
22753,-1,1,0
22754,-3,3,0
22755,-8,8,0
22756,-14,14,0
22757,-16,16,0
22758,-16,16,0
22759,-13,13,0
22760,-8,8,0
22761,-4,4,0
22762,0,0,0
22763,2,-2,0
22764,6,-6,0
22765,10,-10,0
22766,15,-15,0
22767,18,-18,0
22768,16,-16,0
22769,13,-13,0
22770,9,-9,0
22771,5,-5,0
22772,1,-1,0
22773,-3,3,0
22774,-4,4,0
22775,-4,4,0
22776,-9,9,0
22777,-13,13,0
22778,-11,11,0
22779,-11,11,0
22780,-11,11,0
22781,-14,14,0
22782,-13,13,0
22783,-10,10,0
22784,-7,7,0
22785,0,0,0
22786,6,-6,0
22787,8,-8,0
22788,9,-9,0
22789,12,-12,0
22790,14,-14,0
22791,12,-12,0
22792,14,-14,0
22793,13,-13,0
22794,10,-10,0
22795,5,-5,0
22796,3,-3,0
22797,-1,1,0
22798,-5,5,0
22799,-8,8,0
22800,-8,8,0
22801,-8,8,0
22802,-10,10,0
22803,-14,14,0
22804,-11,11,0
22805,-8,8,0
22806,-5,5,0
22807,-3,3,0
22808,0,0,0
22809,1,-1,0
22810,4,-4,0
22811,8,-8,0
22812,10,-10,0
22813,11,-11,0
22814,13,-13,0
22815,11,-11,0
22816,10,-10,0
22817,8,-8,0
22818,5,-5,0
22819,2,-2,0
22820,1,-1,0
22821,-1,1,0
22822,-4,4,0
22823,-9,9,0
22824,-11,11,0
22825,-13,13,0
22826,-11,11,0
22827,-10,10,0
22828,-10,10,0
22829,-10,10,0
22830,-5,5,0
22831,-2,2,0
22832,4,-4,0
22833,7,-7,0
22834,7,-7,0
22835,10,-10,0
22836,11,-11,0
22837,12,-12,0
22838,11,-11,0
22839,10,-10,0
22840,6,-6,0
22841,6,-6,0
22842,3,-3,0
22843,2,-2,0
22844,0,0,0
22845,-5,5,0
22846,-7,7,0
22847,-8,8,0
22848,-10,10,0
22849,-7,7,0
22850,-10,10,0
22851,-9,9,0
22852,-5,5,0
22853,-5,5,0
22854,-4,4,0
22855,-2,2,0
22856,-2,2,0
22857,2,-2,0
22858,3,-3,0
22859,6,-6,0
22860,7,-7,0
22861,10,-10,0
22862,9,-9,0
22863,9,-9,0
22864,6,-6,0
22865,3,-3,0
22866,-1,1,0
22867,-1,1,0
22868,-3,3,0
22869,-4,4,0
22870,-6,6,0
22871,-10,10,0
22872,-12,12,0
22873,-13,13,0
22874,-14,14,0
22875,-13,13,0
22876,-9,9,0
22877,-5,5,0
22878,0,0,0
22879,3,-3,0
22880,4,-4,0
22881,4,-4,0
22882,7,-7,0
22883,12,-12,0
22884,14,-14,0
22885,13,-13,0
22886,12,-12,0
22887,7,-7,0
22888,7,-7,0
22889,3,-3,0
22890,1,-1,0
22891,-3,3,0
22892,-9,9,0
22893,-12,12,0
22894,-11,11,0
22895,-7,7,0
22896,-5,5,0
22897,-4,4,0
22898,-5,5,0
22899,-1,1,0
22900,0,0,0
22901,2,-2,0
22902,2,-2,0
22903,4,-4,0
22904,6,-6,0
22905,4,-4,0
22906,4,-4,0
22907,5,-5,0
22908,5,-5,0
22909,5,-5,0
22910,5,-5,0
22911,4,-4,0
22912,4,-4,0
22913,1,-1,0
22914,0,0,0
22915,-2,2,0
22916,-7,7,0
22917,-12,12,0
22918,-14,14,0
22919,-15,15,0
22920,-15,15,0
22921,-16,16,0
22922,-13,13,0
22923,-8,8,0
22924,-3,3,0
22925,-1,1,0
22926,9,-9,0
22927,16,-16,0
22928,18,-18,0
22929,21,-21,0
22930,19,-19,0
22931,13,-13,0
22932,6,-6,0
22933,1,-1,0
22934,-1,1,0
22935,-1,1,0
22936,0,0,0
22937,1,-1,0
22938,0,0,0
22939,-4,4,0
22940,-5,5,0
22941,-4,4,0
22942,-6,6,0
22943,-5,5,0
22944,-6,6,0
22945,-5,5,0
22946,-3,3,0
22947,-2,2,0
22948,1,-1,0
22949,3,-3,0
22950,3,-3,0
22951,5,-5,0
22952,7,-7,0
22953,12,-12,0
22954,11,-11,0
22955,9,-9,0
22956,5,-5,0
22957,3,-3,0
22958,1,-1,0
22959,0,0,0
22960,0,0,0
22961,-2,2,0
22962,-4,4,0
22963,-8,8,0
22964,-9,9,0
22965,-10,10,0
22966,-13,13,0
22967,-11,11,0
22968,-10,10,0
22969,-9,9,0
22970,0,0,0
22971,4,-4,0
22972,9,-9,0
22973,12,-12,0
22974,15,-15,0
22975,13,-13,0
22976,16,-16,0
22977,15,-15,0
22978,15,-15,0
22979,10,-10,0
22980,4,-4,0
22981,-5,5,0
22982,-6,6,0
22983,-11,11,0
22984,-12,12,0
22985,-16,16,0
22986,-14,14,0
22987,-14,14,0
22988,-8,8,0
22989,-4,4,0
22990,0,0,0
22991,6,-6,0
22992,11,-11,0
22993,12,-12,0
22994,11,-11,0
22995,12,-12,0
22996,13,-13,0
22997,10,-10,0
22998,10,-10,0
22999,6,-6,0
23000,1,-1,0
23001,-4,4,0
23002,-7,7,0
23003,-9,9,0
23004,-11,11,0
23005,-11,11,0
23006,-7,7,0
23007,-5,5,0
23008,-2,2,0
23009,-1,1,0
23010,-1,1,0
23011,-3,3,0
23012,-1,1,0
23013,-2,2,0
23014,-3,3,0
23015,-2,2,0
23016,1,-1,0
23017,0,0,0
23018,8,-8,0
23019,8,-8,0
23020,8,-8,0
23021,5,-5,0
23022,6,-6,0
23023,6,-6,0
23024,8,-8,0
23025,1,-1,0
23026,-1,1,0
23027,-11,11,0
23028,-13,13,0
23029,-16,16,0
23030,-13,13,0
23031,-15,15,0
23032,-13,13,0
23033,-7,7,0
23034,0,0,0
23035,6,-6,0
23036,9,-9,0
23037,14,-14,0
23038,10,-10,0
23039,15,-15,0
23040,5,-5,0
23041,4,-4,0
23042,-2,2,0
23043,-4,4,0
23044,-10,10,0
23045,-9,9,0
23046,-10,10,0
23047,-6,6,0
23048,-7,7,0
23049,0,0,0
23050,1,-1,0
23051,9,-9,0
23052,10,-10,0
23053,10,-10,0
23054,4,-4,0
23055,0,0,0
23056,-9,9,0
23057,-15,15,0
23058,-20,20,0
23059,-18,18,0
23060,-18,18,0
23061,-15,15,0
23062,-13,13,0
23063,-3,3,0
23064,5,-5,0
23065,16,-16,0
23066,22,-22,0
23067,23,-23,0
23068,24,-24,0
23069,17,-17,0
23070,17,-17,0
23071,7,-7,0
23072,0,0,0
23073,-11,11,0
23074,-14,14,0
23075,-24,24,0
23076,-17,17,0
23077,-19,19,0
23078,-9,9,0
23079,-6,6,0
23080,4,-4,0
23081,5,-5,0
23082,16,-16,0
23083,13,-13,0
23084,18,-18,0
23085,20,-20,0
23086,17,-17,0
23087,7,-7,0
23088,0,0,0
23089,-2,2,0
23090,-15,15,0
23091,-12,12,0
23092,-14,14,0
23093,-12,12,0
23094,-5,5,0
23095,0,0,0
23096,9,-9,0
23097,11,-11,0
23098,14,-14,0
23099,12,-12,0
23100,9,-9,0
23101,8,-8,0
23102,0,0,0
23103,-8,8,0
23104,-16,16,0
23105,-22,22,0
23106,-23,23,0
23107,-24,24,0
23108,-17,17,0
23109,-10,10,0
23110,8,-8,0
23111,22,-22,0
23112,36,-36,0
23113,31,-31,0
23114,36,-36,0
23115,21,-21,0
23116,21,-21,0
23117,2,-2,0
23118,-2,2,0
23119,-21,21,0
23120,-27,27,0
23121,-33,33,0
23122,-24,24,0
23123,-18,18,0
23124,-12,12,0
23125,-3,3,0
23126,10,-10,0
23127,16,-16,0
23128,26,-26,0
23129,28,-28,0
23130,22,-22,0
23131,15,-15,0
23132,7,-7,0
23133,4,-4,0
23134,-13,13,0
23135,-12,12,0
23136,-30,30,0
23137,-13,13,0
23138,-15,15,0
23139,-10,10,0
23140,3,-3,0
23141,1,-1,0
23142,17,-17,0
23143,16,-16,0
23144,24,-24,0
23145,14,-14,0
23146,7,-7,0
23147,-3,3,0
23148,-13,13,0
23149,-18,18,0
23150,-25,25,0
23151,-29,29,0
23152,-32,32,0
23153,-27,27,0
23154,-14,14,0
23155,-4,4,0
23156,19,-19,0
23157,30,-30,0
23158,40,-40,0
23159,27,-27,0
23160,26,-26,0
23161,10,-10,0
23162,6,-6,0
23163,-8,8,0
23164,-14,14,0
23165,-27,27,0
23166,-33,33,0
23167,-28,28,0
23168,-21,21,0
23169,-6,6,0
23170,1,-1,0
23171,11,-11,0
23172,20,-20,0
23173,24,-24,0
23174,31,-31,0
23175,28,-28,0
23176,16,-16,0
23177,2,-2,0
23178,-13,13,0
23179,-15,15,0
23180,-27,27,0
23181,-15,15,0
23182,-16,16,0
23183,-6,6,0
23184,3,-3,0
23185,8,-8,0
23186,20,-20,0
23187,16,-16,0
23188,23,-23,0
23189,11,-11,0
23190,6,-6,0
23191,-3,3,0
23192,-10,10,0
23193,-13,13,0
23194,-21,21,0
23195,-22,22,0
23196,-27,27,0
23197,-20,20,0
23198,-17,17,0
23199,-8,8,0
23200,-1,1,0
23201,13,-13,0
23202,21,-21,0
23203,34,-34,0
23204,34,-34,0
23205,33,-33,0
23206,16,-16,0
23207,1,-1,0
23208,-4,4,0
23209,-16,16,0
23210,-17,17,0
23211,-20,20,0
23212,-22,22,0
23213,-21,21,0
23214,-8,8,0
23215,9,-9,0
23216,20,-20,0
23217,25,-25,0
23218,30,-30,0
23219,22,-22,0
23220,15,-15,0
23221,5,-5,0
23222,2,-2,0
23223,-12,12,0
23224,-15,15,0
23225,-28,28,0
23226,-23,23,0
23227,-20,20,0
23228,-9,9,0
23229,6,-6,0
23230,6,-6,0
23231,17,-17,0
23232,15,-15,0
23233,20,-20,0
23234,16,-16,0
23235,9,-9,0
23236,3,-3,0
23237,-5,5,0
23238,-11,11,0
23239,-16,16,0
23240,-17,17,0
23241,-18,18,0
23242,-17,17,0
23243,-14,14,0
23244,-12,12,0
23245,-3,3,0
23246,1,-1,0
23247,10,-10,0
23248,15,-15,0
23249,23,-23,0
23250,25,-25,0
23251,26,-26,0
23252,13,-13,0
23253,5,-5,0
23254,-12,12,0
23255,-13,13,0
23256,-21,21,0
23257,-20,20,0
23258,-20,20,0
23259,-15,15,0
23260,-9,9,0
23261,0,0,0
23262,11,-11,0
23263,17,-17,0
23264,17,-17,0
23265,18,-18,0
23266,5,-5,0
23267,4,-4,0
23268,-6,6,0
23269,-7,7,0
23270,-13,13,0
23271,-14,14,0
23272,-11,11,0
23273,-12,12,0
23274,0,0,0
23275,0,0,0
23276,13,-13,0
23277,9,-9,0
23278,8,-8,0
23279,8,-8,0
23280,2,-2,0
23281,3,-3,0
23282,-3,3,0
23283,-2,2,0
23284,-9,9,0
23285,-7,7,0
23286,-8,8,0
23287,-9,9,0
23288,-7,7,0
23289,-10,10,0
23290,-7,7,0
23291,-10,10,0
23292,-5,5,0
23293,-4,4,0
23294,7,-7,0
23295,11,-11,0
23296,24,-24,0
23297,28,-28,0
23298,29,-29,0
23299,15,-15,0
23300,3,-3,0
23301,0,0,0
23302,-10,10,0
23303,-14,14,0
23304,-14,14,0
23305,-16,16,0
23306,-15,15,0
23307,-9,9,0
23308,0,0,0
23309,9,-9,0
23310,16,-16,0
23311,19,-19,0
23312,14,-14,0
23313,3,-3,0
23314,0,0,0
23315,0,0,0
23316,-4,4,0
23317,-4,4,0
23318,-16,16,0
23319,-9,9,0
23320,-14,14,0
23321,-3,3,0
23322,4,-4,0
23323,9,-9,0
23324,14,-14,0
23325,6,-6,0
23326,9,-9,0
23327,2,-2,0
23328,3,-3,0
23329,1,-1,0
23330,-3,3,0
23331,-5,5,0
23332,-10,10,0
23333,-10,10,0
23334,-12,12,0
23335,-10,10,0
23336,-11,11,0
23337,-10,10,0
23338,-9,9,0
23339,-7,7,0
23340,-2,2,0
23341,6,-6,0
23342,17,-17,0
23343,27,-27,0
23344,31,-31,0
23345,22,-22,0
23346,13,-13,0
23347,-6,6,0
23348,-8,8,0
23349,-19,19,0
23350,-19,19,0
23351,-19,19,0
23352,-18,18,0
23353,-13,13,0
23354,-5,5,0
23355,9,-9,0
23356,18,-18,0
23357,23,-23,0
23358,27,-27,0
23359,14,-14,0
23360,6,-6,0
23361,-5,5,0
23362,-2,2,0
23363,-7,7,0
23364,-4,4,0
23365,-11,11,0
23366,-10,10,0
23367,-6,6,0
23368,-4,4,0
23369,9,-9,0
23370,7,-7,0
23371,12,-12,0
23372,3,-3,0
23373,4,-4,0
23374,3,-3,0
23375,0,0,0
23376,3,-3,0
23377,-6,6,0
23378,-6,6,0
23379,-16,16,0
23380,-14,14,0
23381,-14,14,0
23382,-14,14,0
23383,-11,11,0
23384,-13,13,0
23385,-12,12,0
23386,-10,10,0
23387,4,-4,0
23388,14,-14,0
23389,34,-34,0
23390,38,-38,0
23391,33,-33,0
23392,18,-18,0
23393,-5,5,0
23394,-11,11,0
23395,-26,26,0
23396,-24,24,0
23397,-22,22,0
23398,-17,17,0
23399,-18,18,0
23400,-8,8,0
23401,5,-5,0
23402,21,-21,0
23403,31,-31,0
23404,34,-34,0
23405,25,-25,0
23406,10,-10,0
23407,0,0,0
23408,-6,6,0
23409,-12,12,0
23410,-10,10,0
23411,-18,18,0
23412,-9,9,0
23413,-14,14,0
23414,0,0,0
23415,10,-10,0
23416,15,-15,0
23417,19,-19,0
23418,8,-8,0
23419,8,-8,0
23420,-2,2,0
23421,0,0,0
23422,1,-1,0
23423,3,-3,0
23424,0,0,0
23425,-5,5,0
23426,-8,8,0
23427,-13,13,0
23428,-12,12,0
23429,-16,16,0
23430,-14,14,0
23431,-15,15,0
23432,-12,12,0
23433,-8,8,0
23434,3,-3,0
23435,16,-16,0
23436,32,-32,0
23437,39,-39,0
23438,29,-29,0
23439,17,-17,0
23440,-8,8,0
23441,-14,14,0
23442,-27,27,0
23443,-29,29,0
23444,-24,24,0
23445,-20,20,0
23446,-15,15,0
23447,-4,4,0
23448,9,-9,0
23449,24,-24,0
23450,31,-31,0
23451,37,-37,0
23452,25,-25,0
23453,5,-5,0
23454,-9,9,0
23455,-10,10,0
23456,-17,17,0
23457,-7,7,0
23458,-11,11,0
23459,-1,1,0
23460,-3,3,0
23461,0,0,0
23462,9,-9,0
23463,6,-6,0
23464,14,-14,0
23465,4,-4,0
23466,5,-5,0
23467,-4,4,0
23468,-7,7,0
23469,-6,6,0
23470,-10,10,0
23471,-9,9,0
23472,-14,14,0
23473,-13,13,0
23474,-14,14,0
23475,-7,7,0
23476,-5,5,0
23477,-2,2,0
23478,-1,1,0
23479,-2,2,0
23480,2,-2,0
23481,14,-14,0
23482,28,-28,0
23483,41,-41,0
23484,44,-44,0
23485,28,-28,0
23486,15,-15,0
23487,-12,12,0
23488,-20,20,0
23489,-33,33,0
23490,-31,31,0
23491,-24,24,0
23492,-16,16,0
23493,-13,13,0
23494,-3,3,0
23495,12,-12,0
23496,25,-25,0
23497,30,-30,0
23498,35,-35,0
23499,20,-20,0
23500,0,0,0
23501,-20,20,0
23502,-25,25,0
23503,-33,33,0
23504,-21,21,0
23505,-16,16,0
23506,-1,1,0
23507,3,-3,0
23508,10,-10,0
23509,28,-28,0
23510,26,-26,0
23511,32,-32,0
23512,14,-14,0
23513,9,-9,0
23514,-5,5,0
23515,-12,12,0
23516,-11,11,0
23517,-14,14,0
23518,-10,10,0
23519,-13,13,0
23520,-9,9,0
23521,-13,13,0
23522,-14,14,0
23523,-15,15,0
23524,-11,11,0
23525,-8,8,0
23526,-6,6,0
23527,-2,2,0
23528,1,-1,0
23529,14,-14,0
23530,28,-28,0
23531,33,-33,0
23532,20,-20,0
23533,6,-6,0
23534,-21,21,0
23535,-30,30,0
23536,-37,37,0
23537,-30,30,0
23538,-18,18,0
23539,-5,5,0
23540,3,-3,0
23541,9,-9,0
23542,17,-17,0
23543,22,-22,0
23544,24,-24,0
23545,26,-26,0
23546,11,-11,0
23547,-2,2,0
23548,-20,20,0
23549,-20,20,0
23550,-22,22,0
23551,-7,7,0
23552,2,-2,0
23553,11,-11,0
23554,14,-14,0
23555,12,-12,0
23556,24,-24,0
23557,12,-12,0
23558,13,-13,0
23559,0,0,0
23560,-6,6,0
23561,-15,15,0
23562,-21,21,0
23563,-11,11,0
23564,-9,9,0
23565,0,0,0
23566,1,-1,0
23567,2,-2,0
23568,-4,4,0
23569,-5,5,0
23570,-6,6,0
23571,-4,4,0
23572,-5,5,0
23573,-8,8,0
23574,-4,4,0
23575,0,0,0
23576,16,-16,0
23577,32,-32,0
23578,47,-47,0
23579,31,-31,0
23580,20,-20,0
23581,-8,8,0
23582,-23,23,0
23583,-33,33,0
23584,-24,24,0
23585,-15,15,0
23586,-6,6,0
23587,1,-1,0
23588,3,-3,0
23589,12,-12,0
23590,16,-16,0
23591,20,-20,0
23592,23,-23,0
23593,8,-8,0
23594,-4,4,0
23595,-22,22,0
23596,-26,26,0
23597,-29,29,0
23598,-18,18,0
23599,-3,3,0
23600,4,-4,0
23601,14,-14,0
23602,12,-12,0
23603,23,-23,0
23604,13,-13,0
23605,15,-15,0
23606,5,-5,0
23607,0,0,0
23608,-9,9,0
23609,-15,15,0
23610,-4,4,0
23611,-4,4,0
23612,6,-6,0
23613,5,-5,0
23614,5,-5,0
23615,-2,2,0
23616,-8,8,0
23617,-8,8,0
23618,-10,10,0
23619,-13,13,0
23620,-12,12,0
23621,-4,4,0
23622,-3,3,0
23623,22,-22,0
23624,29,-29,0
23625,42,-42,0
23626,28,-28,0
23627,8,-8,0
23628,-7,7,0
23629,-29,29,0
23630,-33,33,0
23631,-26,26,0
23632,-12,12,0
23633,-8,8,0
23634,5,-5,0
23635,7,-7,0
23636,12,-12,0
23637,16,-16,0
23638,17,-17,0
23639,18,-18,0
23640,3,-3,0
23641,-8,8,0
23642,-22,22,0
23643,-28,28,0
23644,-24,24,0
23645,-16,16,0
23646,4,-4,0
23647,7,-7,0
23648,19,-19,0
23649,18,-18,0
23650,23,-23,0
23651,16,-16,0
23652,8,-8,0
23653,3,-3,0
23654,-11,11,0
23655,-13,13,0
23656,-18,18,0
23657,-4,4,0
23658,0,0,0
23659,9,-9,0
23660,11,-11,0
23661,3,-3,0
23662,-3,3,0
23663,-11,11,0
23664,-13,13,0
23665,-19,19,0
23666,-18,18,0
23667,-19,19,0
23668,-7,7,0
23669,0,0,0
23670,22,-22,0
23671,34,-34,0
23672,32,-32,0
23673,25,-25,0
23674,-1,1,0
23675,-9,9,0
23676,-31,31,0
23677,-29,29,0
23678,-23,23,0
23679,-7,7,0
23680,-1,1,0
23681,6,-6,0
23682,18,-18,0
23683,19,-19,0
23684,22,-22,0
23685,23,-23,0
23686,15,-15,0
23687,-2,2,0
23688,-17,17,0
23689,-25,25,0
23690,-34,34,0
23691,-20,20,0
23692,-11,11,0
23693,11,-11,0
23694,13,-13,0
23695,15,-15,0
23696,21,-21,0
23697,10,-10,0
23698,10,-10,0
23699,-3,3,0
23700,-2,2,0
23701,-14,14,0
23702,-15,15,0
23703,-12,12,0
23704,-6,6,0
23705,1,-1,0
23706,4,-4,0
23707,5,-5,0
23708,-4,4,0
23709,-10,10,0
23710,-17,17,0
23711,-14,14,0
23712,-16,16,0
23713,-12,12,0
23714,-4,4,0
23715,2,-2,0
23716,19,-19,0
23717,29,-29,0
23718,44,-44,0
23719,29,-29,0
23720,21,-21,0
23721,-4,4,0
23722,-21,21,0
23723,-35,35,0
23724,-30,30,0
23725,-20,20,0
23726,-9,9,0
23727,5,-5,0
23728,12,-12,0
23729,22,-22,0
23730,23,-23,0
23731,26,-26,0
23732,26,-26,0
23733,14,-14,0
23734,0,0,0
23735,-18,18,0
23736,-25,25,0
23737,-28,28,0
23738,-15,15,0
23739,-2,2,0
23740,6,-6,0
23741,17,-17,0
23742,16,-16,0
23743,25,-25,0
23744,12,-12,0
23745,13,-13,0
23746,1,-1,0
23747,-4,4,0
23748,-12,12,0
23749,-20,20,0
23750,-8,8,0
23751,-9,9,0
23752,5,-5,0
23753,3,-3,0
23754,5,-5,0
23755,-2,2,0
23756,-6,6,0
23757,-11,11,0
23758,-13,13,0
23759,-12,12,0
23760,-12,12,0
23761,-5,5,0
23762,-3,3,0
23763,14,-14,0
23764,28,-28,0
23765,42,-42,0
23766,27,-27,0
23767,21,-21,0
23768,-5,5,0
23769,-24,24,0
23770,-35,35,0
23771,-33,33,0
23772,-23,23,0
23773,-9,9,0
23774,4,-4,0
23775,7,-7,0
23776,16,-16,0
23777,20,-20,0
23778,21,-21,0
23779,24,-24,0
23780,13,-13,0
23781,3,-3,0
23782,-13,13,0
23783,-24,24,0
23784,-31,31,0
23785,-24,24,0
23786,-4,4,0
23787,5,-5,0
23788,21,-21,0
23789,18,-18,0
23790,24,-24,0
23791,10,-10,0
23792,6,-6,0
23793,0,0,0
23794,-9,9,0
23795,-12,12,0
23796,-19,19,0
23797,-9,9,0
23798,-9,9,0
23799,1,-1,0
23800,2,-2,0
23801,0,0,0
23802,-3,3,0
23803,-8,8,0
23804,-11,11,0
23805,-14,14,0
23806,-14,14,0
23807,-10,10,0
23808,1,-1,0
23809,6,-6,0
23810,27,-27,0
23811,33,-33,0
23812,29,-29,0
23813,24,-24,0
23814,-4,4,0
23815,-12,12,0
23816,-31,31,0
23817,-26,26,0
23818,-23,23,0
23819,-8,8,0
23820,-6,6,0
23821,5,-5,0
23822,15,-15,0
23823,20,-20,0
23824,23,-23,0
23825,25,-25,0
23826,18,-18,0
23827,1,-1,0
23828,-10,10,0
23829,-20,20,0
23830,-28,28,0
23831,-18,18,0
23832,-12,12,0
23833,3,-3,0
23834,7,-7,0
23835,9,-9,0
23836,19,-19,0
23837,10,-10,0
23838,16,-16,0
23839,3,-3,0
23840,0,0,0
23841,-11,11,0
23842,-15,15,0
23843,-13,13,0
23844,-12,12,0
23845,-2,2,0
23846,2,-2,0
23847,5,-5,0
23848,-2,2,0
23849,-2,2,0
23850,-6,6,0
23851,-7,7,0
23852,-12,12,0
23853,-11,11,0
23854,-9,9,0
23855,-2,2,0
23856,13,-13,0
23857,25,-25,0
23858,38,-38,0
23859,25,-25,0
23860,19,-19,0
23861,-3,3,0
23862,-16,16,0
23863,-30,30,0
23864,-27,27,0
23865,-19,19,0
23866,-10,10,0
23867,-1,1,0
23868,3,-3,0
23869,12,-12,0
23870,15,-15,0
23871,19,-19,0
23872,23,-23,0
23873,14,-14,0
23874,3,-3,0
23875,-10,10,0
23876,-18,18,0
23877,-24,24,0
23878,-15,15,0
23879,-4,4,0
23880,1,-1,0
23881,11,-11,0
23882,9,-9,0
23883,18,-18,0
23884,8,-8,0
23885,10,-10,0
23886,1,-1,0
23887,-3,3,0
23888,-7,7,0
23889,-13,13,0
23890,-6,6,0
23891,-8,8,0
23892,4,-4,0
23893,7,-7,0
23894,9,-9,0
23895,3,-3,0
23896,-2,2,0
23897,-8,8,0
23898,-14,14,0
23899,-14,14,0
23900,-13,13,0
23901,-5,5,0
23902,-2,2,0
23903,16,-16,0
23904,20,-20,0
23905,27,-27,0
23906,21,-21,0
23907,2,-2,0
23908,-4,4,0
23909,-24,24,0
23910,-23,23,0
23911,-20,20,0
23912,-10,10,0
23913,-6,6,0
23914,9,-9,0
23915,14,-14,0
23916,20,-20,0
23917,21,-21,0
23918,24,-24,0
23919,22,-22,0
23920,12,-12,0
23921,1,-1,0
23922,-10,10,0
23923,-21,21,0
23924,-17,17,0
23925,-16,16,0
23926,0,0,0
23927,1,-1,0
23928,10,-10,0
23929,12,-12,0
23930,8,-8,0
23931,11,-11,0
23932,0,0,0
23933,3,-3,0
23934,-5,5,0
23935,-6,6,0
23936,-11,11,0
23937,-14,14,0
23938,-14,14,0
23939,-11,11,0
23940,-6,6,0
23941,-7,7,0
23942,-6,6,0
23943,-10,10,0
23944,-9,9,0
23945,-13,13,0
23946,-11,11,0
23947,-3,3,0
23948,3,-3,0
23949,22,-22,0
23950,24,-24,0
23951,33,-33,0
23952,19,-19,0
23953,6,-6,0
23954,-9,9,0
23955,-24,24,0
23956,-26,26,0
23957,-20,20,0
23958,-11,11,0
23959,-9,9,0
23960,5,-5,0
23961,5,-5,0
23962,15,-15,0
23963,18,-18,0
23964,26,-26,0
23965,25,-25,0
23966,17,-17,0
23967,8,-8,0
23968,-10,10,0
23969,-21,21,0
23970,-23,23,0
23971,-24,24,0
23972,-10,10,0
23973,-9,9,0
23974,2,-2,0
23975,3,-3,0
23976,6,-6,0
23977,11,-11,0
23978,10,-10,0
23979,15,-15,0
23980,6,-6,0
23981,2,-2,0
23982,-4,4,0
23983,-5,5,0
23984,-10,10,0
23985,-8,8,0
23986,-6,6,0
23987,-7,7,0
23988,-6,6,0
23989,-6,6,0
23990,-2,2,0
23991,-2,2,0
23992,3,-3,0
23993,9,-9,0
23994,9,-9,0
23995,9,-9,0
23996,8,-8,0
23997,9,-9,0
23998,2,-2,0
23999,8,-8,0
